customer_id,first_name,city,segment,signup_date
1,Customer_1,Dresden,Corporate,2024-02-01
2,Customer_2,Cologne,Consumer,2025-12-17
3,Customer_3,Leipzig,Consumer,2024-04-04
4,Customer_4,Frankfurt,Consumer,2023-03-02
5,Customer_5,Dresden,Consumer,2024-01-04
6,Customer_6,Bremen,Small Business,2024-12-19
7,Customer_7,Hamburg,Consumer,2024-06-29
8,Customer_8,Dresden,Corporate,2025-11-06
9,Customer_9,Leipzig,Consumer,2024-05-10
10,Customer_10,Frankfurt,Consumer,2024-05-11
11,Customer_11,Cologne,Consumer,2024-05-19
12,Customer_12,Leipzig,Consumer,2025-08-26
13,Customer_13,Leipzig,Corporate,2025-12-28
14,Customer_14,Hamburg,Consumer,2023-06-10
15,Customer_15,Stuttgart,Consumer,2024-12-18
16,Customer_16,Frankfurt,Corporate,2025-09-19
17,Customer_17,Munich,Consumer,2023-09-26
18,Customer_18,Leipzig,Small Business,2024-11-29
19,Customer_19,Stuttgart,Consumer,2025-05-14
20,Customer_20,Munich,Consumer,2023-12-16
21,Customer_21,Frankfurt,Consumer,2023-04-20
22,Customer_22,Berlin,Consumer,2024-02-11
23,Customer_23,Bremen,Consumer,2024-10-11
24,Customer_24,Stuttgart,Consumer,2023-02-20
25,Customer_25,Düsseldorf,Small Business,2025-12-27
26,Customer_26,Berlin,Corporate,2024-08-18
27,Customer_27,Bremen,Consumer,2025-09-05
28,Customer_28,Hamburg,Consumer,2025-12-01
29,Customer_29,Dresden,Consumer,2024-12-31
30,Customer_30,Cologne,Consumer,2023-02-26
31,Customer_31,Düsseldorf,Corporate,2025-01-07
32,Customer_32,Hamburg,Consumer,2023-07-15
33,Customer_33,Frankfurt,Consumer,2025-12-21
34,Customer_34,Hamburg,Consumer,2023-04-22
35,Customer_35,Dresden,Small Business,2025-02-03
36,Customer_36,Frankfurt,Consumer,2024-12-11
37,Customer_37,Düsseldorf,Consumer,2025-08-05
38,Customer_38,Dresden,Consumer,2023-01-26
39,Customer_39,Munich,Consumer,2024-02-14
40,Customer_40,Cologne,Consumer,2025-01-27
41,Customer_41,Düsseldorf,Consumer,2024-06-14
42,Customer_42,Munich,Corporate,2025-01-18
43,Customer_43,Bremen,Consumer,2023-09-03
44,Customer_44,Düsseldorf,Consumer,2024-10-23
45,Customer_45,Bremen,Small Business,2025-06-27
46,Customer_46,Frankfurt,Corporate,2024-01-31
47,Customer_47,Munich,Consumer,2024-06-05
48,Customer_48,Cologne,Consumer,2025-07-14
49,Customer_49,Dresden,Consumer,2023-09-21
50,Customer_50,Leipzig,Corporate,2025-02-28
51,Customer_51,Hamburg,Consumer,2023-06-21
52,Customer_52,Berlin,Consumer,2023-09-22
53,Customer_53,Cologne,Consumer,2025-11-15
54,Customer_54,Munich,Consumer,2024-04-20
55,Customer_55,Leipzig,Consumer,2023-12-22
56,Customer_56,Cologne,Consumer,2025-11-15
57,Customer_57,Munich,Consumer,2023-02-03
58,Customer_58,Stuttgart,Consumer,2023-09-21
59,Customer_59,Stuttgart,Consumer,2025-03-26
60,Customer_60,Bremen,Consumer,2025-05-24
61,Customer_61,Cologne,Consumer,2025-01-23
62,Customer_62,Stuttgart,Consumer,2024-07-19
63,Customer_63,Munich,Consumer,2024-04-06
64,Customer_64,Bremen,Corporate,2024-10-16
65,Customer_65,Munich,Corporate,2023-03-22
66,Customer_66,Bremen,Corporate,2025-01-26
67,Customer_67,Cologne,Consumer,2025-05-19
68,Customer_68,Leipzig,Consumer,2025-12-05
69,Customer_69,Dresden,Consumer,2024-08-21
70,Customer_70,Düsseldorf,Consumer,2025-03-17
71,Customer_71,Leipzig,Consumer,2025-12-12
72,Customer_72,Frankfurt,Small Business,2025-09-10
73,Customer_73,Munich,Consumer,2024-12-04
74,Customer_74,Frankfurt,Consumer,2024-04-20
75,Customer_75,Leipzig,Small Business,2024-08-14
76,Customer_76,Bremen,Small Business,2023-01-16
77,Customer_77,Düsseldorf,Corporate,2024-05-01
78,Customer_78,Düsseldorf,Consumer,2024-12-06
79,Customer_79,Berlin,Consumer,2024-09-11
80,Customer_80,Düsseldorf,Consumer,2025-10-15
81,Customer_81,Dresden,Consumer,2025-02-15
82,Customer_82,Düsseldorf,Consumer,2024-03-22
83,Customer_83,Leipzig,Consumer,2023-10-17
84,Customer_84,Berlin,Small Business,2023-07-28
85,Customer_85,Leipzig,Consumer,2024-02-17
86,Customer_86,Leipzig,Corporate,2024-11-07
87,Customer_87,Hamburg,Corporate,2024-10-25
88,Customer_88,Berlin,Consumer,2023-10-17
89,Customer_89,Leipzig,Corporate,2023-05-31
90,Customer_90,Hamburg,Consumer,2025-05-04
91,Customer_91,Hamburg,Consumer,2024-08-30
92,Customer_92,Berlin,Corporate,2024-01-05
93,Customer_93,Frankfurt,Consumer,2024-12-05
94,Customer_94,Bremen,Small Business,2025-04-05
95,Customer_95,Dresden,Consumer,2025-10-01
96,Customer_96,Bremen,Consumer,2024-01-12
97,Customer_97,Düsseldorf,Consumer,2025-08-30
98,Customer_98,Dresden,Consumer,2023-04-28
99,Customer_99,Düsseldorf,Consumer,2025-10-25
100,Customer_100,Leipzig,Consumer,2024-03-19
101,Customer_101,Munich,Corporate,2025-01-24
102,Customer_102,Berlin,Corporate,2024-10-01
103,Customer_103,Dresden,Consumer,2023-05-04
104,Customer_104,Dresden,Corporate,2024-10-19
105,Customer_105,Leipzig,Corporate,2025-04-01
106,Customer_106,Frankfurt,Corporate,2024-10-25
107,Customer_107,Hamburg,Consumer,2023-12-26
108,Customer_108,Leipzig,Consumer,2024-09-14
109,Customer_109,Stuttgart,Corporate,2025-12-16
110,Customer_110,Hamburg,Consumer,2025-07-07
111,Customer_111,Berlin,Corporate,2024-03-27
112,Customer_112,Hamburg,Consumer,2023-04-30
113,Customer_113,Frankfurt,Consumer,2024-08-04
114,Customer_114,Hamburg,Consumer,2023-04-09
115,Customer_115,Berlin,Consumer,2024-05-28
116,Customer_116,Frankfurt,Consumer,2024-10-25
117,Customer_117,Bremen,Corporate,2024-02-05
118,Customer_118,,Consumer,2023-12-31
119,Customer_119,Dresden,Corporate,2024-08-03
120,Customer_120,Düsseldorf,Small Business,2024-09-12
121,Customer_121,Bremen,Consumer,2025-04-07
122,Customer_122,Bremen,Small Business,2023-09-04
123,Customer_123,Hamburg,Small Business,2024-03-09
124,Customer_124,Dresden,Corporate,2024-09-06
125,Customer_125,Berlin,Corporate,2025-07-31
126,Customer_126,Cologne,Small Business,2025-08-20
127,Customer_127,Cologne,Consumer,2024-09-15
128,Customer_128,Frankfurt,Consumer,2023-11-17
129,Customer_129,Dresden,Corporate,2025-05-05
130,Customer_130,Dresden,Consumer,2023-03-03
131,Customer_131,Cologne,Consumer,2023-10-27
132,Customer_132,Dresden,Consumer,2024-02-07
133,Customer_133,Hamburg,Corporate,2025-08-12
134,Customer_134,Stuttgart,Consumer,2023-09-10
135,Customer_135,Munich,Small Business,2024-04-22
136,Customer_136,Bremen,Consumer,2023-06-09
137,Customer_137,Düsseldorf,Consumer,2025-08-18
138,Customer_138,Frankfurt,Consumer,2023-07-24
139,Customer_139,Stuttgart,Consumer,2025-05-07
140,Customer_140,Cologne,Corporate,2025-01-29
141,Customer_141,Bremen,Small Business,2024-12-21
142,Customer_142,Dresden,Corporate,2025-11-06
143,Customer_143,Düsseldorf,Consumer,2023-03-09
144,Customer_144,Dresden,Consumer,2023-05-13
145,Customer_145,Berlin,Corporate,2025-07-07
146,Customer_146,Berlin,Small Business,2024-03-05
147,Customer_147,Düsseldorf,Consumer,2023-11-04
148,Customer_148,Düsseldorf,Consumer,2024-10-11
149,Customer_149,Cologne,Consumer,2024-02-16
150,Customer_150,Düsseldorf,Small Business,2023-04-07
151,Customer_151,Hamburg,Consumer,2025-11-16
152,Customer_152,Dresden,Consumer,2025-12-19
153,Customer_153,Stuttgart,Consumer,2023-07-21
154,Customer_154,Leipzig,Small Business,2025-01-31
155,Customer_155,Düsseldorf,Consumer,2025-05-23
156,Customer_156,Frankfurt,Consumer,2024-08-03
157,Customer_157,Berlin,Consumer,2024-01-05
158,Customer_158,Hamburg,Consumer,2024-06-16
159,Customer_159,Bremen,Consumer,2025-06-17
160,Customer_160,Leipzig,Corporate,2024-08-29
161,Customer_161,Stuttgart,Small Business,2025-05-22
162,Customer_162,Leipzig,Corporate,2025-02-08
163,Customer_163,Düsseldorf,Small Business,2025-04-13
164,Customer_164,Cologne,Consumer,2025-09-25
165,Customer_165,Berlin,Corporate,2025-07-26
166,Customer_166,Berlin,Consumer,2023-08-24
167,Customer_167,Bremen,Corporate,2023-06-11
168,Customer_168,Cologne,Small Business,2024-07-07
169,Customer_169,Dresden,Consumer,2025-02-26
170,Customer_170,Munich,Consumer,2025-12-27
171,Customer_171,Hamburg,Consumer,2024-07-12
172,Customer_172,Berlin,Consumer,2023-09-18
173,Customer_173,Frankfurt,Consumer,2023-08-05
174,Customer_174,Berlin,Corporate,2025-03-15
175,Customer_175,Leipzig,Small Business,2023-07-20
176,Customer_176,Berlin,Consumer,2024-02-06
177,Customer_177,Berlin,Consumer,2023-10-02
178,Customer_178,Munich,Consumer,2023-07-25
179,Customer_179,Munich,Small Business,2025-11-29
180,Customer_180,Stuttgart,Consumer,2025-05-16
181,Customer_181,Dresden,Consumer,2023-04-03
182,Customer_182,Frankfurt,Consumer,2025-12-01
183,Customer_183,Berlin,Consumer,2024-01-14
184,Customer_184,Berlin,Consumer,2023-03-06
185,Customer_185,Hamburg,Small Business,2023-12-31
186,Customer_186,Munich,Consumer,2025-03-31
187,Customer_187,Frankfurt,Corporate,2025-11-13
188,Customer_188,Bremen,Consumer,2024-06-23
189,Customer_189,Stuttgart,Corporate,2025-12-21
190,Customer_190,Dresden,Corporate,2024-05-05
191,Customer_191,Cologne,Consumer,2023-08-17
192,Customer_192,Dresden,Consumer,2025-11-09
193,Customer_193,Leipzig,Consumer,2023-01-03
194,Customer_194,Berlin,Corporate,2025-06-29
195,Customer_195,Stuttgart,Consumer,2023-11-03
196,Customer_196,Leipzig,Small Business,2024-03-07
197,Customer_197,Frankfurt,Consumer,2023-05-16
198,Customer_198,Cologne,Corporate,2024-05-29
199,Customer_199,Munich,Corporate,2023-07-12
200,Customer_200,Stuttgart,Corporate,2025-05-22
201,Customer_201,Stuttgart,Consumer,2024-10-27
202,Customer_202,Berlin,Consumer,2023-07-28
203,Customer_203,Düsseldorf,Corporate,2025-08-09
204,Customer_204,Stuttgart,Consumer,2025-11-23
205,Customer_205,Hamburg,Consumer,2024-10-10
206,Customer_206,Cologne,Consumer,2023-04-30
207,Customer_207,Cologne,Consumer,2024-09-18
208,Customer_208,Hamburg,Consumer,2024-06-08
209,Customer_209,Bremen,Consumer,2025-02-07
210,Customer_210,Hamburg,Consumer,2024-05-26
211,Customer_211,Hamburg,Corporate,2023-02-16
212,Customer_212,Cologne,Corporate,2025-02-10
213,Customer_213,Dresden,Corporate,2025-01-09
214,Customer_214,Cologne,Small Business,2024-06-05
215,Customer_215,Düsseldorf,Consumer,2023-05-14
216,Customer_216,Berlin,Consumer,2023-09-05
217,Customer_217,Leipzig,Consumer,2024-03-11
218,Customer_218,Dresden,Consumer,2024-11-16
219,Customer_219,Munich,Small Business,2024-08-08
220,Customer_220,Leipzig,Consumer,2023-12-17
221,Customer_221,Berlin,Consumer,2023-05-23
222,Customer_222,Düsseldorf,Consumer,2025-08-24
223,Customer_223,Düsseldorf,Consumer,2025-03-14
224,Customer_224,Munich,Corporate,2024-12-18
225,Customer_225,Dresden,Consumer,2024-10-04
226,Customer_226,Bremen,Small Business,2024-05-15
227,Customer_227,Hamburg,Consumer,2024-01-05
228,Customer_228,Dresden,Consumer,2025-02-25
229,Customer_229,Bremen,Small Business,2025-01-08
230,Customer_230,Düsseldorf,Consumer,2025-08-07
231,Customer_231,Cologne,Small Business,2024-06-05
232,Customer_232,Berlin,Small Business,2024-05-03
233,Customer_233,Munich,Corporate,2024-02-01
234,Customer_234,Berlin,Corporate,2025-06-14
235,Customer_235,Frankfurt,Consumer,2023-12-21
236,Customer_236,Frankfurt,Small Business,2025-08-04
237,Customer_237,Dresden,Consumer,2023-10-15
238,Customer_238,Düsseldorf,Corporate,2025-09-24
239,Customer_239,Düsseldorf,Small Business,2024-06-19
240,Customer_240,Hamburg,Small Business,2025-04-30
241,Customer_241,Hamburg,Corporate,2025-04-17
242,Customer_242,Hamburg,Consumer,2023-06-17
243,Customer_243,Cologne,Small Business,2025-08-07
244,Customer_244,Leipzig,Consumer,2024-09-12
245,Customer_245,Stuttgart,Small Business,2024-03-03
246,Customer_246,Leipzig,Corporate,2024-05-04
247,Customer_247,Berlin,Consumer,2023-12-21
248,Customer_248,Leipzig,Consumer,2023-07-15
249,Customer_249,Cologne,Consumer,2024-06-28
250,Customer_250,Berlin,Corporate,2024-12-17
251,Customer_251,Leipzig,Consumer,2025-04-03
252,Customer_252,Cologne,Consumer,2025-07-20
253,Customer_253,Stuttgart,Consumer,2025-09-29
254,Customer_254,Leipzig,Corporate,2024-10-20
255,Customer_255,Cologne,Consumer,2025-07-27
256,Customer_256,Hamburg,Consumer,2025-02-18
257,Customer_257,Düsseldorf,Consumer,2023-01-11
258,Customer_258,Hamburg,Consumer,2024-01-31
259,Customer_259,Düsseldorf,Consumer,2024-12-31
260,Customer_260,Munich,Consumer,2024-02-13
261,Customer_261,Munich,Consumer,2023-12-28
262,Customer_262,Munich,Small Business,2025-10-23
263,Customer_263,Stuttgart,Small Business,2023-03-25
264,Customer_264,Hamburg,Consumer,2023-06-05
265,Customer_265,Düsseldorf,Small Business,2024-12-07
266,Customer_266,Cologne,Consumer,2024-04-16
267,Customer_267,Berlin,Consumer,2024-09-10
268,Customer_268,Cologne,Consumer,2023-05-14
269,Customer_269,Berlin,Consumer,2025-02-26
270,Customer_270,Frankfurt,Consumer,2025-06-25
271,Customer_271,Cologne,Consumer,2025-05-13
272,Customer_272,Leipzig,Consumer,2024-10-28
273,Customer_273,Leipzig,Corporate,2023-10-04
274,Customer_274,Dresden,Consumer,2025-05-31
275,Customer_275,Hamburg,Consumer,2023-01-13
276,Customer_276,Berlin,Consumer,2023-12-08
277,Customer_277,Berlin,Consumer,2023-02-04
278,Customer_278,Hamburg,Consumer,2024-07-12
279,Customer_279,Stuttgart,Consumer,2024-02-09
280,Customer_280,Dresden,Small Business,2024-10-19
281,Customer_281,Stuttgart,Consumer,2023-06-08
282,Customer_282,Stuttgart,Consumer,2025-08-13
283,Customer_283,Stuttgart,Corporate,2024-07-02
284,Customer_284,Hamburg,Consumer,2025-09-11
285,Customer_285,Stuttgart,Consumer,2023-10-06
286,Customer_286,Leipzig,Corporate,2024-04-23
287,Customer_287,Munich,Consumer,2023-04-21
288,Customer_288,Frankfurt,Consumer,2024-03-06
289,Customer_289,Berlin,Consumer,2024-06-25
290,Customer_290,Berlin,Consumer,2023-12-26
291,Customer_291,Frankfurt,Consumer,2024-01-07
292,Customer_292,Hamburg,Consumer,2025-11-04
293,Customer_293,Cologne,Consumer,2025-08-12
294,Customer_294,Hamburg,Consumer,2023-09-16
295,Customer_295,Berlin,Corporate,2025-02-16
296,Customer_296,Berlin,Consumer,2023-04-30
297,Customer_297,Frankfurt,Consumer,2025-09-02
298,Customer_298,Stuttgart,Consumer,2025-07-01
299,Customer_299,Hamburg,Small Business,2024-12-23
300,Customer_300,Düsseldorf,Consumer,2024-06-06
301,Customer_301,Frankfurt,Small Business,2023-11-21
302,Customer_302,Leipzig,Consumer,2025-12-09
303,Customer_303,Berlin,Consumer,2023-03-10
304,Customer_304,Frankfurt,Consumer,2024-01-26
305,Customer_305,Hamburg,Consumer,2024-01-18
306,Customer_306,Berlin,Consumer,2023-01-16
307,Customer_307,Cologne,Consumer,2025-04-25
308,Customer_308,Frankfurt,Consumer,2025-05-18
309,Customer_309,Dresden,Consumer,2024-07-21
310,Customer_310,Berlin,Corporate,2023-05-12
311,Customer_311,Hamburg,Small Business,2023-09-30
312,Customer_312,Munich,Consumer,2024-04-28
313,Customer_313,Düsseldorf,Consumer,2024-07-03
314,Customer_314,Bremen,Consumer,2023-12-23
315,Customer_315,Stuttgart,Corporate,2025-12-07
316,Customer_316,Bremen,Consumer,2025-10-30
317,Customer_317,Hamburg,Small Business,2023-08-21
318,Customer_318,Leipzig,Consumer,2023-02-05
319,Customer_319,Leipzig,Consumer,2024-02-17
320,Customer_320,Munich,Consumer,2025-10-24
321,Customer_321,Stuttgart,Corporate,2023-02-13
322,Customer_322,Dresden,Consumer,2024-07-21
323,Customer_323,Munich,Consumer,2025-01-09
324,Customer_324,Bremen,Small Business,2023-04-24
325,Customer_325,Munich,Consumer,2024-02-01
326,Customer_326,Bremen,Small Business,2024-04-10
327,Customer_327,Berlin,Consumer,2025-04-26
328,Customer_328,Leipzig,Corporate,2024-05-16
329,Customer_329,Berlin,Consumer,2024-03-16
330,Customer_330,Düsseldorf,Consumer,2023-03-10
331,Customer_331,Stuttgart,Small Business,2023-11-22
332,Customer_332,Dresden,Consumer,2023-03-08
333,Customer_333,Bremen,Consumer,2023-10-31
334,Customer_334,Dresden,Consumer,2025-08-29
335,Customer_335,Bremen,Consumer,2024-04-28
336,Customer_336,Hamburg,Consumer,2025-07-17
337,Customer_337,Munich,Consumer,2023-05-29
338,Customer_338,Düsseldorf,Consumer,2025-11-16
339,Customer_339,Leipzig,Consumer,2025-09-13
340,Customer_340,Bremen,Consumer,2024-08-06
341,Customer_341,Dresden,Consumer,2023-09-05
342,Customer_342,Düsseldorf,Corporate,2024-12-02
343,Customer_343,Cologne,Small Business,2023-04-06
344,Customer_344,Cologne,Corporate,2023-10-09
345,Customer_345,Berlin,Consumer,2023-11-18
346,Customer_346,Leipzig,Consumer,2024-06-12
347,Customer_347,Hamburg,Consumer,2023-09-20
348,Customer_348,Dresden,Consumer,2024-08-02
349,Customer_349,Munich,Consumer,2023-10-21
350,Customer_350,Munich,Consumer,2024-01-30
351,Customer_351,Dresden,Consumer,2024-05-27
352,Customer_352,Stuttgart,Small Business,2025-07-09
353,Customer_353,Hamburg,Consumer,2025-03-20
354,Customer_354,Düsseldorf,Consumer,2025-07-08
355,Customer_355,Bremen,Consumer,2024-11-23
356,Customer_356,Stuttgart,Consumer,2023-08-23
357,Customer_357,Bremen,Small Business,2025-08-09
358,Customer_358,Bremen,Consumer,2025-10-28
359,Customer_359,Stuttgart,Consumer,2024-06-22
360,Customer_360,Berlin,Consumer,2025-03-30
361,Customer_361,Cologne,Consumer,2023-09-29
362,Customer_362,Bremen,Consumer,2025-10-25
363,Customer_363,Stuttgart,Corporate,2024-08-15
364,Customer_364,Stuttgart,Corporate,2025-09-02
365,Customer_365,Frankfurt,Corporate,2023-04-25
366,Customer_366,Berlin,Consumer,2023-09-20
367,Customer_367,Leipzig,Corporate,2023-07-26
368,Customer_368,Frankfurt,Consumer,2023-10-30
369,Customer_369,Frankfurt,Consumer,2023-04-22
370,Customer_370,Dresden,Consumer,2023-07-04
371,Customer_371,Cologne,Consumer,2025-06-19
372,Customer_372,Stuttgart,Consumer,2023-08-09
373,Customer_373,Cologne,Corporate,2025-12-29
374,Customer_374,Hamburg,Consumer,2025-06-16
375,Customer_375,Dresden,Consumer,2025-12-29
376,Customer_376,Leipzig,Consumer,2024-09-13
377,Customer_377,Cologne,Small Business,2024-03-02
378,Customer_378,Munich,Small Business,2024-10-05
379,Customer_379,Bremen,Small Business,2024-07-21
380,Customer_380,Hamburg,Consumer,2024-03-18
381,Customer_381,Berlin,Consumer,2024-08-23
382,Customer_382,Leipzig,Consumer,2024-05-18
383,Customer_383,Hamburg,Consumer,2023-05-11
384,Customer_384,Bremen,Consumer,2023-08-06
385,Customer_385,Dresden,Consumer,2024-11-18
386,Customer_386,Bremen,Consumer,2023-06-20
387,Customer_387,Frankfurt,Small Business,2024-09-03
388,Customer_388,Bremen,Consumer,2025-09-18
389,Customer_389,Frankfurt,Consumer,2023-02-26
390,Customer_390,Dresden,Consumer,2023-09-03
391,Customer_391,Düsseldorf,Small Business,2023-05-24
392,Customer_392,Frankfurt,Corporate,2025-12-10
393,Customer_393,Berlin,Corporate,2024-01-03
394,Customer_394,Bremen,Small Business,2023-08-06
395,Customer_395,Bremen,Consumer,2024-09-07
396,Customer_396,Berlin,Consumer,2024-03-17
397,Customer_397,Munich,Consumer,2025-04-20
398,Customer_398,Stuttgart,Consumer,2025-08-13
399,Customer_399,Düsseldorf,Consumer,2024-11-29
400,Customer_400,Leipzig,Consumer,2025-05-25
401,Customer_401,Frankfurt,Small Business,2025-02-14
402,Customer_402,Berlin,Small Business,2025-01-31
403,Customer_403,Dresden,Corporate,2025-08-02
404,Customer_404,Frankfurt,Corporate,2025-07-11
405,Customer_405,Stuttgart,Corporate,2025-07-23
406,Customer_406,Dresden,Consumer,2023-01-25
407,Customer_407,Hamburg,Consumer,2025-03-16
408,Customer_408,Bremen,Corporate,2025-02-02
409,Customer_409,Hamburg,Corporate,2025-12-19
410,Customer_410,Frankfurt,Consumer,2024-03-09
411,Customer_411,Stuttgart,Small Business,2025-05-28
412,Customer_412,Düsseldorf,Consumer,2025-12-25
413,Customer_413,Frankfurt,Consumer,2025-06-28
414,Customer_414,Berlin,Corporate,2024-07-18
415,Customer_415,Cologne,Consumer,2023-04-16
416,Customer_416,Frankfurt,Consumer,2023-04-06
417,Customer_417,Bremen,Consumer,2023-06-17
418,Customer_418,Bremen,Corporate,2023-02-11
419,Customer_419,Frankfurt,Consumer,2023-04-14
420,Customer_420,Dresden,Corporate,2024-06-03
421,Customer_421,Cologne,Consumer,2023-10-09
422,Customer_422,Berlin,Consumer,2025-12-02
423,Customer_423,Frankfurt,Small Business,2025-08-04
424,Customer_424,Dresden,Consumer,2025-01-18
425,Customer_425,Bremen,Small Business,2025-04-10
426,Customer_426,Bremen,Consumer,2023-02-18
427,Customer_427,Stuttgart,Small Business,2023-04-25
428,Customer_428,Frankfurt,Consumer,2024-05-17
429,Customer_429,Cologne,Consumer,2025-09-12
430,Customer_430,Munich,Consumer,2023-03-12
431,Customer_431,Cologne,Consumer,2025-10-08
432,Customer_432,Bremen,Consumer,2023-03-08
433,Customer_433,Bremen,Consumer,2025-08-24
434,Customer_434,Hamburg,Consumer,2023-06-30
435,Customer_435,Bremen,Consumer,2024-09-04
436,Customer_436,Berlin,Consumer,2024-11-27
437,Customer_437,Leipzig,Corporate,2024-08-25
438,Customer_438,Frankfurt,Consumer,2023-09-05
439,Customer_439,Cologne,Consumer,2023-12-25
440,Customer_440,Leipzig,Consumer,2023-09-06
441,Customer_441,Dresden,Corporate,2024-09-29
442,Customer_442,Munich,Consumer,2025-08-07
443,Customer_443,Berlin,Corporate,2024-10-24
444,Customer_444,Cologne,Small Business,2023-06-25
445,Customer_445,Leipzig,Corporate,2024-12-23
446,Customer_446,Munich,Consumer,2024-03-01
447,Customer_447,Hamburg,Consumer,2025-02-09
448,Customer_448,Berlin,Corporate,2024-12-03
449,Customer_449,Berlin,Consumer,2023-03-22
450,Customer_450,Hamburg,Consumer,2025-07-15
451,Customer_451,Frankfurt,Consumer,2023-05-18
452,Customer_452,Hamburg,Corporate,2024-04-14
453,Customer_453,Berlin,Consumer,2023-12-16
454,Customer_454,Berlin,Corporate,2023-11-06
455,Customer_455,Leipzig,Consumer,2025-11-09
456,Customer_456,Bremen,Consumer,2025-09-28
457,Customer_457,Munich,Consumer,2023-09-26
458,Customer_458,Hamburg,Consumer,2025-10-23
459,Customer_459,Munich,Small Business,2025-02-08
460,Customer_460,Hamburg,Small Business,2023-01-16
461,Customer_461,Dresden,Corporate,2024-08-28
462,Customer_462,Berlin,Consumer,2025-03-23
463,Customer_463,Bremen,Corporate,2024-04-26
464,Customer_464,Leipzig,Consumer,2025-06-13
465,Customer_465,Bremen,Consumer,2023-09-26
466,Customer_466,Bremen,Consumer,2024-02-18
467,Customer_467,Bremen,Consumer,2023-01-25
468,Customer_468,Munich,Corporate,2023-11-12
469,Customer_469,Hamburg,Small Business,2024-07-24
470,Customer_470,Düsseldorf,Consumer,2024-12-25
471,Customer_471,Dresden,Corporate,2025-10-04
472,Customer_472,Cologne,Consumer,2024-01-24
473,Customer_473,Bremen,Consumer,2024-12-22
474,Customer_474,Frankfurt,Consumer,2024-03-19
475,Customer_475,Munich,Consumer,2025-09-25
476,Customer_476,Leipzig,Consumer,2025-12-16
477,Customer_477,Cologne,Consumer,2024-11-27
478,Customer_478,Düsseldorf,Corporate,2025-08-28
479,Customer_479,Frankfurt,Corporate,2024-12-21
480,Customer_480,Düsseldorf,Consumer,2024-01-03
481,Customer_481,Cologne,Small Business,2023-12-08
482,Customer_482,Bremen,Consumer,2023-10-31
483,Customer_483,Frankfurt,Consumer,2025-02-02
484,Customer_484,Düsseldorf,Corporate,2025-03-26
485,Customer_485,Leipzig,Consumer,2023-04-22
486,Customer_486,Hamburg,Consumer,2025-05-27
487,Customer_487,Berlin,Consumer,2025-10-26
488,Customer_488,Hamburg,Consumer,2025-07-18
489,Customer_489,Cologne,Corporate,2024-12-03
490,Customer_490,Munich,Consumer,2025-04-25
491,Customer_491,Berlin,Consumer,2025-08-01
492,Customer_492,Dresden,Consumer,2023-10-06
493,Customer_493,Leipzig,Corporate,2024-01-17
494,Customer_494,Dresden,Consumer,2023-01-13
495,Customer_495,Frankfurt,Corporate,2023-10-30
496,Customer_496,Berlin,Consumer,2023-06-09
497,Customer_497,Dresden,Consumer,2023-06-03
498,Customer_498,Dresden,Consumer,2025-01-23
499,Customer_499,Düsseldorf,Consumer,2023-06-30
500,Customer_500,Hamburg,Consumer,2024-01-12
501,Customer_501,Düsseldorf,Consumer,2025-02-14
502,Customer_502,Berlin,Small Business,2023-01-16
503,Customer_503,Berlin,Consumer,2023-09-10
504,Customer_504,Cologne,Corporate,2025-12-19
505,Customer_505,Düsseldorf,Consumer,2023-01-31
506,Customer_506,Stuttgart,Consumer,2025-11-10
507,Customer_507,Hamburg,Consumer,2024-12-31
508,Customer_508,Berlin,Small Business,2023-10-16
509,Customer_509,Cologne,Consumer,2024-05-12
510,Customer_510,Düsseldorf,Consumer,2024-07-01
511,Customer_511,Hamburg,Consumer,2025-08-18
512,Customer_512,Düsseldorf,Consumer,2023-05-12
513,Customer_513,Dresden,Consumer,2025-05-07
514,Customer_514,Cologne,Consumer,2024-06-04
515,Customer_515,Hamburg,Consumer,2023-01-30
516,Customer_516,Bremen,Consumer,2024-09-18
517,Customer_517,Frankfurt,Corporate,2023-01-04
518,Customer_518,Frankfurt,Consumer,2024-05-23
519,Customer_519,Hamburg,Consumer,2023-01-16
520,Customer_520,Düsseldorf,Consumer,2025-09-23
521,Customer_521,Cologne,Consumer,2025-08-13
522,Customer_522,Frankfurt,Consumer,2023-09-20
523,Customer_523,Cologne,Consumer,2025-12-24
524,Customer_524,Frankfurt,Consumer,2023-09-22
525,Customer_525,Dresden,Consumer,2024-01-13
526,Customer_526,Düsseldorf,Consumer,2025-08-20
527,Customer_527,Dresden,Consumer,2024-04-20
528,Customer_528,Frankfurt,Corporate,2023-11-25
529,Customer_529,Bremen,Consumer,2024-03-13
530,Customer_530,Bremen,Consumer,2023-01-16
531,Customer_531,Dresden,Consumer,2025-05-17
532,Customer_532,Bremen,Consumer,2024-05-25
533,Customer_533,Frankfurt,Consumer,2025-09-10
534,Customer_534,Hamburg,Consumer,2024-08-03
535,Customer_535,Dresden,Corporate,2023-01-06
536,Customer_536,Munich,Consumer,2025-10-15
537,Customer_537,Düsseldorf,Consumer,2025-03-17
538,Customer_538,Bremen,Consumer,2024-09-10
539,Customer_539,Bremen,Consumer,2024-02-09
540,Customer_540,Berlin,Consumer,2025-09-23
541,Customer_541,Stuttgart,Corporate,2024-08-16
542,Customer_542,Dresden,Consumer,2024-07-19
543,Customer_543,Leipzig,Corporate,2025-01-21
544,Customer_544,Bremen,Corporate,2023-01-12
545,Customer_545,Düsseldorf,Corporate,2023-06-14
546,Customer_546,Munich,Consumer,2025-05-27
547,Customer_547,Bremen,Consumer,2023-03-19
548,Customer_548,Munich,Consumer,2024-09-05
549,Customer_549,Frankfurt,Consumer,2025-05-18
550,Customer_550,Frankfurt,Consumer,2025-03-22
551,Customer_551,Stuttgart,Small Business,2025-12-07
552,Customer_552,Hamburg,Consumer,2025-02-05
553,Customer_553,Leipzig,Consumer,2023-03-23
554,Customer_554,Berlin,Consumer,2023-07-28
555,Customer_555,Stuttgart,Consumer,2024-06-05
556,Customer_556,Cologne,Consumer,2025-11-18
557,Customer_557,Berlin,Corporate,2025-09-20
558,Customer_558,Dresden,Corporate,2024-04-09
559,Customer_559,Düsseldorf,Corporate,2024-09-19
560,Customer_560,Cologne,Small Business,2025-02-19
561,Customer_561,Cologne,Corporate,2024-07-12
562,Customer_562,Stuttgart,Consumer,2025-08-17
563,Customer_563,Hamburg,Corporate,2023-04-01
564,Customer_564,Stuttgart,Consumer,2025-12-12
565,Customer_565,Dresden,Consumer,2025-05-09
566,Customer_566,Bremen,Consumer,2024-07-09
567,Customer_567,Bremen,Consumer,2023-06-05
568,Customer_568,Hamburg,Consumer,2023-01-02
569,Customer_569,Dresden,Consumer,2025-04-04
570,Customer_570,Hamburg,Consumer,2025-03-12
571,Customer_571,Munich,Small Business,2025-09-09
572,Customer_572,Bremen,Consumer,2025-12-17
573,Customer_573,Cologne,Consumer,2024-05-07
574,Customer_574,Leipzig,Consumer,2024-10-30
575,Customer_575,Düsseldorf,Consumer,2025-11-24
576,Customer_576,Dresden,Small Business,2023-03-16
577,Customer_577,Berlin,Consumer,2025-08-01
578,Customer_578,Hamburg,Consumer,2024-01-06
579,Customer_579,Düsseldorf,Corporate,2024-08-09
580,Customer_580,Berlin,Small Business,2023-11-25
581,Customer_581,Düsseldorf,Consumer,2024-08-12
582,Customer_582,Leipzig,Corporate,2025-02-15
583,Customer_583,Berlin,Consumer,2023-10-31
584,Customer_584,Stuttgart,Consumer,2024-08-01
585,Customer_585,Frankfurt,Consumer,2023-08-09
586,Customer_586,Stuttgart,Small Business,2025-09-05
587,Customer_587,Bremen,Consumer,2024-01-10
588,Customer_588,Frankfurt,Consumer,2023-07-07
589,Customer_589,Stuttgart,Consumer,2024-04-18
590,Customer_590,Frankfurt,Consumer,2025-04-23
591,Customer_591,Frankfurt,Consumer,2024-06-14
592,Customer_592,Cologne,Small Business,2025-12-06
593,Customer_593,Hamburg,Consumer,2025-12-24
594,Customer_594,Hamburg,Consumer,2025-08-20
595,Customer_595,Cologne,Corporate,2024-04-19
596,Customer_596,Düsseldorf,Consumer,2025-08-03
597,Customer_597,Munich,Consumer,2025-12-25
598,Customer_598,Düsseldorf,Consumer,2024-05-31
599,Customer_599,Berlin,Consumer,2024-03-01
600,Customer_600,Berlin,Consumer,2023-05-13
601,Customer_601,Frankfurt,Consumer,2023-11-10
602,Customer_602,Stuttgart,Consumer,2024-08-13
603,Customer_603,Stuttgart,Consumer,2025-10-05
604,Customer_604,Hamburg,Small Business,2023-06-08
605,Customer_605,Dresden,Corporate,2024-10-22
606,Customer_606,Düsseldorf,Corporate,2025-01-17
607,Customer_607,Bremen,Corporate,2025-03-11
608,Customer_608,Leipzig,Consumer,2024-02-14
609,Customer_609,Stuttgart,Corporate,2024-11-10
610,Customer_610,Leipzig,Consumer,2023-04-24
611,Customer_611,Frankfurt,Corporate,2025-06-15
612,Customer_612,Leipzig,Consumer,2025-12-14
613,Customer_613,Bremen,Consumer,2023-03-06
614,Customer_614,Cologne,Corporate,2024-11-14
615,Customer_615,Bremen,Small Business,2023-05-26
616,Customer_616,Leipzig,Consumer,2025-07-31
617,Customer_617,Bremen,Corporate,2025-10-30
618,Customer_618,Munich,Consumer,2025-01-08
619,Customer_619,Frankfurt,Consumer,2023-07-05
620,Customer_620,Düsseldorf,Consumer,2025-04-14
621,Customer_621,Cologne,Consumer,2025-03-19
622,Customer_622,Stuttgart,Small Business,2023-06-20
623,Customer_623,Berlin,Small Business,2023-08-01
624,Customer_624,Düsseldorf,Corporate,2023-01-27
625,Customer_625,Berlin,Consumer,2025-10-10
626,Customer_626,Frankfurt,Small Business,2025-12-27
627,Customer_627,Cologne,Consumer,2025-02-28
628,Customer_628,Hamburg,Small Business,2024-02-12
629,Customer_629,Stuttgart,Consumer,2023-03-15
630,Customer_630,Munich,Consumer,2024-07-31
631,Customer_631,Hamburg,Corporate,2024-11-10
632,Customer_632,Frankfurt,Consumer,2025-02-24
633,Customer_633,Düsseldorf,Consumer,2025-04-28
634,Customer_634,Munich,Consumer,2025-05-19
635,Customer_635,Bremen,Consumer,2023-08-25
636,Customer_636,Leipzig,Consumer,2024-12-27
637,Customer_637,Munich,Consumer,2024-01-13
638,Customer_638,Frankfurt,Consumer,2024-10-22
639,Customer_639,Dresden,Consumer,2025-04-09
640,Customer_640,Leipzig,Corporate,2025-06-24
641,Customer_641,Berlin,Consumer,2024-01-11
642,Customer_642,Stuttgart,Small Business,2024-09-10
643,Customer_643,Berlin,Small Business,2024-10-14
644,Customer_644,Munich,Consumer,2025-10-29
645,Customer_645,Berlin,Corporate,2023-07-15
646,Customer_646,Frankfurt,Corporate,2025-03-17
647,Customer_647,Bremen,Small Business,2025-06-11
648,Customer_648,Düsseldorf,Consumer,2025-12-20
649,Customer_649,Stuttgart,Consumer,2025-07-25
650,Customer_650,Berlin,Consumer,2025-04-26
651,Customer_651,Berlin,Consumer,2025-03-28
652,Customer_652,Munich,Consumer,2024-07-17
653,Customer_653,Düsseldorf,Consumer,2024-09-25
654,Customer_654,Hamburg,Small Business,2024-11-09
655,Customer_655,Berlin,Small Business,2025-10-14
656,Customer_656,Frankfurt,Consumer,2023-01-08
657,Customer_657,Dresden,Consumer,2025-12-04
658,Customer_658,Stuttgart,Consumer,2023-12-10
659,Customer_659,Berlin,Corporate,2025-03-06
660,Customer_660,Frankfurt,Corporate,2025-11-16
661,Customer_661,Frankfurt,Consumer,2025-04-28
662,Customer_662,Stuttgart,Consumer,2023-03-03
663,Customer_663,Hamburg,Consumer,2025-12-21
664,Customer_664,Frankfurt,Consumer,2024-02-26
665,Customer_665,Dresden,Consumer,2024-09-24
666,Customer_666,Frankfurt,Corporate,2025-03-02
667,Customer_667,Frankfurt,Small Business,2024-07-04
668,Customer_668,Frankfurt,Small Business,2024-08-28
669,Customer_669,Bremen,Small Business,2024-06-08
670,Customer_670,Bremen,Consumer,2025-06-17
671,Customer_671,Hamburg,Consumer,2023-06-12
672,Customer_672,Berlin,Corporate,2025-02-25
673,Customer_673,Frankfurt,Small Business,2025-06-28
674,Customer_674,Düsseldorf,Consumer,2025-09-08
675,Customer_675,Berlin,Consumer,2024-01-14
676,Customer_676,Hamburg,Consumer,2023-06-22
677,Customer_677,Cologne,Consumer,2025-09-26
678,Customer_678,Berlin,Consumer,2023-03-05
679,Customer_679,Berlin,Consumer,2025-09-01
680,Customer_680,Leipzig,Consumer,2023-03-07
681,Customer_681,Munich,Consumer,2024-04-02
682,Customer_682,Leipzig,Small Business,2024-03-28
683,Customer_683,Dresden,Consumer,2025-09-05
684,Customer_684,Bremen,Corporate,2023-06-27
685,Customer_685,Bremen,Consumer,2023-10-07
686,Customer_686,Munich,Small Business,2023-12-10
687,Customer_687,Stuttgart,Consumer,2025-11-06
688,Customer_688,Stuttgart,Small Business,2023-10-23
689,Customer_689,Hamburg,Consumer,2023-07-21
690,Customer_690,Munich,Small Business,2025-08-19
691,Customer_691,Berlin,Small Business,2024-11-14
692,Customer_692,Stuttgart,Consumer,2024-01-10
693,Customer_693,Frankfurt,Consumer,2023-02-04
694,Customer_694,Düsseldorf,Consumer,2023-01-29
695,Customer_695,Berlin,Consumer,2025-02-13
696,Customer_696,Dresden,Consumer,2023-08-09
697,Customer_697,Frankfurt,Consumer,2023-02-22
698,Customer_698,Frankfurt,Consumer,2025-03-01
699,Customer_699,Munich,Consumer,2023-03-17
700,Customer_700,Hamburg,Consumer,2024-05-08
701,Customer_701,Dresden,Consumer,2023-04-27
702,Customer_702,Stuttgart,Consumer,2023-10-07
703,Customer_703,Munich,Consumer,2025-01-15
704,Customer_704,Stuttgart,Consumer,2025-08-06
705,Customer_705,Munich,Consumer,2025-02-02
706,Customer_706,Munich,Small Business,2023-10-22
707,Customer_707,Munich,Consumer,2025-10-14
708,Customer_708,Hamburg,Consumer,2025-11-10
709,Customer_709,Munich,Consumer,2025-04-21
710,Customer_710,Cologne,Corporate,2025-11-25
711,Customer_711,Düsseldorf,Small Business,2024-05-11
712,Customer_712,Stuttgart,Small Business,2023-07-25
713,Customer_713,Berlin,Corporate,2024-03-01
714,Customer_714,Leipzig,Consumer,2023-02-13
715,Customer_715,Dresden,Consumer,2024-08-27
716,Customer_716,Bremen,Consumer,2024-03-29
717,Customer_717,Hamburg,Small Business,2024-08-17
718,Customer_718,Berlin,Corporate,2024-05-21
719,Customer_719,Frankfurt,Corporate,2025-03-04
720,Customer_720,Cologne,Consumer,2023-01-21
721,Customer_721,Bremen,Corporate,2024-09-11
722,Customer_722,Leipzig,Consumer,2024-02-18
723,Customer_723,Berlin,Consumer,2025-12-30
724,Customer_724,Bremen,Consumer,2023-12-03
725,Customer_725,Berlin,Consumer,2025-06-28
726,Customer_726,Cologne,Consumer,2023-10-03
727,Customer_727,Leipzig,Small Business,2025-06-10
728,Customer_728,Frankfurt,Consumer,2023-01-13
729,Customer_729,Munich,Consumer,2025-10-23
730,Customer_730,Stuttgart,Consumer,2025-09-04
731,Customer_731,Frankfurt,Consumer,2025-08-31
732,Customer_732,Munich,Corporate,2023-06-24
733,Customer_733,Hamburg,Corporate,2023-08-29
734,Customer_734,Düsseldorf,Corporate,2024-06-30
735,Customer_735,Dresden,Small Business,2023-01-14
736,Customer_736,Dresden,Corporate,2024-12-25
737,Customer_737,Stuttgart,Consumer,2023-01-03
738,Customer_738,Leipzig,Corporate,2024-11-21
739,Customer_739,Cologne,Consumer,2025-01-16
740,Customer_740,Leipzig,Consumer,2025-02-07
741,Customer_741,Cologne,Consumer,2025-05-21
742,Customer_742,Leipzig,Corporate,2024-05-09
743,Customer_743,Düsseldorf,Corporate,2024-02-21
744,Customer_744,Hamburg,Consumer,2024-09-19
745,Customer_745,Hamburg,Corporate,2025-12-11
746,Customer_746,Munich,Small Business,2025-10-17
747,Customer_747,Bremen,Consumer,2023-05-22
748,Customer_748,Hamburg,Consumer,2023-02-15
749,Customer_749,Hamburg,Corporate,2025-04-23
750,Customer_750,Frankfurt,Consumer,2025-10-05
751,Customer_751,Frankfurt,Consumer,2023-01-10
752,Customer_752,Munich,Consumer,2024-10-25
753,Customer_753,Bremen,Consumer,2024-07-26
754,Customer_754,Stuttgart,Corporate,2024-10-10
755,Customer_755,Frankfurt,Corporate,2025-07-01
756,Customer_756,Stuttgart,Corporate,2024-10-01
757,Customer_757,Berlin,Small Business,2024-09-07
758,Customer_758,Frankfurt,Corporate,2024-11-28
759,Customer_759,Düsseldorf,Corporate,2025-06-27
760,Customer_760,Bremen,Consumer,2023-06-27
761,Customer_761,Munich,Consumer,2025-05-18
762,Customer_762,Berlin,Consumer,2025-10-26
763,Customer_763,Bremen,Corporate,2025-05-02
764,Customer_764,Düsseldorf,Consumer,2023-11-03
765,Customer_765,Bremen,Consumer,2024-07-01
766,Customer_766,Düsseldorf,Consumer,2023-11-23
767,Customer_767,Düsseldorf,Corporate,2024-01-30
768,Customer_768,Stuttgart,Small Business,2023-10-27
769,Customer_769,Leipzig,Consumer,2025-01-18
770,Customer_770,Berlin,Small Business,2023-10-12
771,Customer_771,Bremen,Consumer,2023-11-26
772,Customer_772,Cologne,Consumer,2023-02-19
773,Customer_773,Berlin,Small Business,2025-02-11
774,Customer_774,Leipzig,Consumer,2024-01-13
775,Customer_775,Berlin,Small Business,2025-09-26
776,Customer_776,Hamburg,Consumer,2025-02-12
777,Customer_777,Cologne,Consumer,2025-12-19
778,Customer_778,Leipzig,Small Business,2025-05-17
779,Customer_779,Stuttgart,Consumer,2023-01-03
780,Customer_780,Bremen,Small Business,2025-01-17
781,Customer_781,Dresden,Small Business,2023-10-02
782,Customer_782,Leipzig,Consumer,2023-08-03
783,Customer_783,Munich,Consumer,2023-11-25
784,Customer_784,Bremen,Consumer,2023-09-12
785,Customer_785,Leipzig,Consumer,2023-05-06
786,Customer_786,Hamburg,Consumer,2025-02-05
787,Customer_787,Dresden,Consumer,2023-08-05
788,Customer_788,Hamburg,Consumer,2025-04-11
789,Customer_789,Dresden,Consumer,2023-07-01
790,Customer_790,Munich,Small Business,2023-11-30
791,Customer_791,Bremen,Corporate,2024-05-25
792,Customer_792,Stuttgart,Corporate,2024-01-18
793,Customer_793,Hamburg,Consumer,2023-11-28
794,Customer_794,Hamburg,Corporate,2025-06-18
795,Customer_795,Düsseldorf,Consumer,2024-10-03
796,Customer_796,Dresden,Corporate,2024-09-25
797,Customer_797,Frankfurt,Small Business,2024-03-26
798,Customer_798,Bremen,Consumer,2023-07-15
799,Customer_799,Dresden,Corporate,2024-04-02
800,Customer_800,Düsseldorf,Corporate,2025-04-09
801,Customer_801,Berlin,Small Business,2023-09-14
802,Customer_802,Dresden,Corporate,2023-01-09
803,Customer_803,Stuttgart,Consumer,2025-01-30
804,Customer_804,Bremen,Consumer,2025-08-06
805,Customer_805,Düsseldorf,Consumer,2025-12-18
806,Customer_806,Berlin,Corporate,2025-06-05
807,Customer_807,Cologne,Consumer,2024-01-28
808,Customer_808,Düsseldorf,Small Business,2024-02-03
809,Customer_809,Cologne,Consumer,2023-11-27
810,Customer_810,Bremen,Consumer,2024-04-24
811,Customer_811,Hamburg,Consumer,2023-05-14
812,Customer_812,Düsseldorf,Corporate,2025-07-04
813,Customer_813,Munich,Consumer,2025-07-23
814,Customer_814,Cologne,Consumer,2023-12-21
815,Customer_815,Stuttgart,Consumer,2024-08-06
816,Customer_816,Munich,Consumer,2024-09-16
817,Customer_817,Leipzig,Consumer,2023-10-17
818,Customer_818,Leipzig,Corporate,2025-04-04
819,Customer_819,Berlin,Consumer,2024-09-20
820,Customer_820,Hamburg,Consumer,2025-10-15
821,Customer_821,Bremen,Corporate,2024-09-23
822,Customer_822,Düsseldorf,Small Business,2023-11-23
823,Customer_823,Frankfurt,Consumer,2023-07-29
824,Customer_824,Stuttgart,Consumer,2024-09-27
825,Customer_825,Cologne,Small Business,2025-05-17
826,Customer_826,Bremen,Small Business,2024-03-03
827,Customer_827,Munich,Corporate,2024-01-28
828,Customer_828,Leipzig,Consumer,2025-04-05
829,Customer_829,Stuttgart,Consumer,2025-07-04
830,Customer_830,Frankfurt,Corporate,2023-12-14
831,Customer_831,Düsseldorf,Consumer,2023-02-19
832,Customer_832,Berlin,Consumer,2025-07-04
833,Customer_833,Frankfurt,Corporate,2025-11-16
834,Customer_834,Stuttgart,Corporate,2025-08-25
835,Customer_835,Frankfurt,Consumer,2025-03-10
836,Customer_836,Stuttgart,Corporate,2025-10-13
837,Customer_837,Stuttgart,Consumer,2024-10-10
838,Customer_838,Dresden,Consumer,2023-10-28
839,Customer_839,Cologne,Corporate,2023-06-15
840,Customer_840,Leipzig,Consumer,2023-11-12
841,Customer_841,Dresden,Consumer,2023-01-01
842,Customer_842,Düsseldorf,Small Business,2025-10-16
843,Customer_843,Dresden,,2023-03-04
844,Customer_844,Hamburg,Consumer,2024-04-27
845,Customer_845,Hamburg,Small Business,2023-08-10
846,Customer_846,Leipzig,Corporate,2023-06-01
847,Customer_847,Frankfurt,Corporate,2024-10-05
848,Customer_848,Cologne,Small Business,2024-09-17
849,Customer_849,Leipzig,Consumer,2023-08-05
850,Customer_850,Stuttgart,Corporate,2023-07-15
851,Customer_851,Munich,Consumer,2025-09-21
852,Customer_852,Cologne,Corporate,2025-10-11
853,Customer_853,Cologne,Consumer,2024-10-08
854,Customer_854,Stuttgart,Consumer,2024-12-08
855,Customer_855,Stuttgart,Consumer,2025-12-16
856,Customer_856,Berlin,Consumer,2024-12-22
857,Customer_857,Leipzig,Corporate,2024-10-01
858,Customer_858,Stuttgart,Consumer,2023-04-16
859,Customer_859,Hamburg,Consumer,2023-06-14
860,Customer_860,Düsseldorf,Consumer,2023-08-03
861,Customer_861,Munich,Consumer,2025-12-30
862,Customer_862,Leipzig,Corporate,2023-03-31
863,Customer_863,Bremen,Corporate,2025-05-23
864,Customer_864,Hamburg,Corporate,2024-08-30
865,Customer_865,Frankfurt,Small Business,2023-12-15
866,Customer_866,Stuttgart,Corporate,2025-06-12
867,Customer_867,Bremen,Consumer,2023-09-03
868,Customer_868,Stuttgart,Corporate,2023-09-29
869,Customer_869,Cologne,Small Business,2024-02-07
870,Customer_870,Hamburg,Consumer,2025-11-05
871,Customer_871,Cologne,Corporate,2025-08-18
872,Customer_872,Berlin,Corporate,2025-06-16
873,Customer_873,Cologne,Consumer,2025-12-15
874,Customer_874,Berlin,Consumer,2023-10-11
875,Customer_875,Berlin,Consumer,2024-05-31
876,Customer_876,Bremen,Small Business,2024-09-09
877,Customer_877,Stuttgart,Corporate,2024-09-03
878,Customer_878,Frankfurt,Consumer,2025-01-19
879,Customer_879,Cologne,Small Business,2024-02-04
880,Customer_880,Hamburg,Consumer,2023-03-27
881,Customer_881,Berlin,Consumer,2023-11-16
882,Customer_882,Stuttgart,Corporate,2025-11-21
883,Customer_883,Munich,Corporate,2023-12-02
884,Customer_884,Leipzig,Consumer,2023-02-20
885,Customer_885,Bremen,Consumer,2023-06-23
886,Customer_886,Frankfurt,Consumer,2024-05-15
887,Customer_887,Dresden,Consumer,2023-03-17
888,Customer_888,Bremen,Consumer,2023-11-12
889,Customer_889,Munich,Consumer,2024-11-27
890,Customer_890,Leipzig,Consumer,2025-10-06
891,Customer_891,Munich,Consumer,2025-01-01
892,Customer_892,Cologne,Consumer,2025-12-30
893,Customer_893,Berlin,Consumer,2025-08-26
894,Customer_894,Frankfurt,Small Business,2025-05-03
895,Customer_895,Düsseldorf,Corporate,2024-10-27
896,Customer_896,Berlin,Consumer,2024-10-13
897,Customer_897,Düsseldorf,Consumer,2025-12-30
898,Customer_898,Leipzig,Consumer,2023-02-15
899,Customer_899,Stuttgart,Consumer,2025-12-06
900,Customer_900,Dresden,Consumer,2023-05-29
901,Customer_901,Hamburg,Consumer,2025-06-28
902,Customer_902,Berlin,Consumer,2024-03-31
903,Customer_903,Frankfurt,Corporate,2025-05-26
904,Customer_904,Munich,Consumer,2025-08-23
905,Customer_905,Frankfurt,Consumer,2025-05-18
906,Customer_906,Leipzig,Corporate,2025-07-17
907,Customer_907,Düsseldorf,Consumer,2025-10-20
908,Customer_908,Munich,Consumer,2025-09-27
909,Customer_909,Hamburg,Consumer,2025-02-12
910,Customer_910,Hamburg,Consumer,2023-09-01
911,Customer_911,Berlin,Corporate,2024-04-18
912,Customer_912,Leipzig,Consumer,2024-01-17
913,Customer_913,Stuttgart,Consumer,2024-05-03
914,Customer_914,Leipzig,Consumer,2025-11-26
915,Customer_915,Düsseldorf,Consumer,2024-02-01
916,Customer_916,Frankfurt,Small Business,2023-10-23
917,Customer_917,Hamburg,Corporate,2023-04-17
918,Customer_918,Frankfurt,Consumer,2025-05-09
919,Customer_919,Frankfurt,Consumer,2025-08-11
920,Customer_920,Frankfurt,Consumer,2024-06-13
921,Customer_921,Hamburg,Small Business,2025-07-22
922,Customer_922,Bremen,Consumer,2023-10-15
923,Customer_923,Cologne,Consumer,2024-12-06
924,Customer_924,Düsseldorf,Consumer,2023-08-03
925,Customer_925,Bremen,Consumer,2025-01-01
926,Customer_926,Düsseldorf,Consumer,2023-12-10
927,Customer_927,Munich,Consumer,2023-07-13
928,Customer_928,Leipzig,Consumer,2023-06-07
929,Customer_929,Leipzig,Consumer,2024-04-09
930,Customer_930,Dresden,Consumer,2023-04-14
931,Customer_931,Leipzig,Small Business,2023-02-03
932,Customer_932,Hamburg,Consumer,2024-09-30
933,Customer_933,Stuttgart,Consumer,2023-11-21
934,Customer_934,Berlin,Corporate,2024-11-21
935,Customer_935,Dresden,Consumer,2024-08-14
936,Customer_936,Berlin,Consumer,2023-05-21
937,Customer_937,Düsseldorf,Corporate,2024-04-18
938,Customer_938,Berlin,Consumer,2025-11-20
939,Customer_939,Berlin,Small Business,2025-06-02
940,Customer_940,Dresden,Consumer,2023-03-04
941,Customer_941,Munich,Consumer,2023-10-31
942,Customer_942,Frankfurt,Consumer,2025-12-20
943,Customer_943,Leipzig,Consumer,2024-01-31
944,Customer_944,Leipzig,Corporate,2023-11-30
945,Customer_945,Hamburg,Corporate,2025-02-24
946,Customer_946,Dresden,Corporate,2024-02-15
947,Customer_947,Hamburg,Small Business,2023-10-11
948,Customer_948,Stuttgart,Corporate,2024-04-10
949,Customer_949,Stuttgart,Consumer,2023-03-21
950,Customer_950,Hamburg,Consumer,2025-02-22
951,Customer_951,Dresden,Consumer,2025-01-02
952,Customer_952,Hamburg,Consumer,2023-03-18
953,Customer_953,Leipzig,Corporate,2024-05-23
954,Customer_954,Bremen,Consumer,2025-10-29
955,Customer_955,Cologne,Consumer,2024-04-06
956,Customer_956,Berlin,Consumer,2023-09-02
957,Customer_957,Cologne,Consumer,2023-05-02
958,Customer_958,Dresden,Consumer,2023-07-04
959,Customer_959,Cologne,Consumer,2023-02-01
960,Customer_960,Stuttgart,Consumer,2025-09-24
961,Customer_961,Düsseldorf,Consumer,2025-01-31
962,Customer_962,Berlin,Corporate,2024-07-22
963,Customer_963,Frankfurt,Consumer,2023-11-06
964,Customer_964,Dresden,Consumer,2025-04-09
965,Customer_965,Berlin,Consumer,2025-09-18
966,Customer_966,Cologne,Consumer,2025-12-15
967,Customer_967,Stuttgart,Consumer,2025-03-01
968,Customer_968,Munich,Consumer,2024-04-08
969,Customer_969,Bremen,Consumer,2024-11-08
970,Customer_970,Frankfurt,Consumer,2025-09-05
971,Customer_971,Bremen,Consumer,2024-10-31
972,Customer_972,Berlin,Consumer,2024-11-28
973,Customer_973,Stuttgart,Corporate,2025-09-20
974,Customer_974,Stuttgart,Consumer,2023-03-19
975,Customer_975,Cologne,Small Business,2024-06-17
976,Customer_976,Leipzig,Consumer,2023-04-18
977,Customer_977,Cologne,Consumer,2025-02-02
978,Customer_978,Leipzig,Corporate,2023-01-15
979,Customer_979,Leipzig,Corporate,2024-01-05
980,Customer_980,Frankfurt,Consumer,2023-07-24
981,Customer_981,Cologne,Consumer,2025-05-14
982,Customer_982,Munich,Consumer,2024-03-16
983,Customer_983,Hamburg,Consumer,2025-05-08
984,Customer_984,Hamburg,Consumer,2023-08-15
985,Customer_985,Cologne,Consumer,2024-06-11
986,Customer_986,Cologne,Consumer,2023-12-20
987,Customer_987,Bremen,Consumer,2024-09-14
988,Customer_988,Frankfurt,Corporate,2025-10-21
989,Customer_989,Cologne,Small Business,2025-07-15
990,Customer_990,Bremen,Small Business,2023-06-10
991,Customer_991,Leipzig,Consumer,2025-05-20
992,Customer_992,Stuttgart,Corporate,2024-03-19
993,Customer_993,Stuttgart,Small Business,2024-04-07
994,Customer_994,Leipzig,Consumer,2025-11-19
995,Customer_995,Dresden,Consumer,2024-04-17
996,Customer_996,Bremen,Small Business,2024-07-10
997,Customer_997,Bremen,Consumer,2023-03-21
998,Customer_998,Leipzig,Consumer,2025-11-28
999,Customer_999,Munich,Consumer,2023-08-28
1000,Customer_1000,Düsseldorf,Consumer,2024-07-10
1001,Customer_1001,Berlin,Corporate,2024-08-12
1002,Customer_1002,Leipzig,Consumer,2023-09-26
1003,Customer_1003,Cologne,Consumer,2023-12-01
1004,Customer_1004,Cologne,Consumer,2023-11-08
1005,Customer_1005,Frankfurt,Consumer,2025-12-12
1006,Customer_1006,Leipzig,Consumer,2025-12-27
1007,Customer_1007,Frankfurt,Consumer,2024-11-24
1008,Customer_1008,Leipzig,Small Business,2023-02-03
1009,Customer_1009,Bremen,Consumer,2024-01-21
1010,Customer_1010,Berlin,Consumer,2023-09-06
1011,Customer_1011,Bremen,Corporate,2025-12-06
1012,Customer_1012,Düsseldorf,Consumer,2025-03-04
1013,Customer_1013,Stuttgart,Corporate,2025-05-01
1014,Customer_1014,Hamburg,Corporate,2025-05-23
1015,Customer_1015,Leipzig,Corporate,2024-01-11
1016,Customer_1016,Düsseldorf,Consumer,2024-12-24
1017,Customer_1017,Stuttgart,Consumer,2023-07-21
1018,Customer_1018,Dresden,Consumer,2024-03-20
1019,Customer_1019,Berlin,Consumer,2023-10-24
1020,Customer_1020,Frankfurt,Corporate,2024-05-07
1021,Customer_1021,Frankfurt,Corporate,2023-12-04
1022,Customer_1022,Bremen,Corporate,2025-07-11
1023,Customer_1023,Cologne,Small Business,2025-12-25
1024,Customer_1024,Stuttgart,Corporate,2025-03-02
1025,Customer_1025,Dresden,Consumer,2025-08-19
1026,Customer_1026,Düsseldorf,Consumer,2023-11-13
1027,Customer_1027,Berlin,Corporate,2025-07-30
1028,Customer_1028,Stuttgart,Consumer,2024-09-17
1029,Customer_1029,Dresden,Consumer,2023-03-16
1030,Customer_1030,Hamburg,Consumer,2025-07-27
1031,Customer_1031,Leipzig,Corporate,2023-02-28
1032,Customer_1032,Frankfurt,Consumer,2024-01-21
1033,Customer_1033,Düsseldorf,Corporate,2023-01-15
1034,Customer_1034,Frankfurt,Corporate,2023-07-18
1035,Customer_1035,Düsseldorf,Consumer,2023-02-04
1036,Customer_1036,Bremen,Consumer,2023-06-11
1037,Customer_1037,Cologne,Consumer,2025-09-08
1038,Customer_1038,Düsseldorf,Corporate,2025-03-09
1039,Customer_1039,Frankfurt,Corporate,2025-06-13
1040,Customer_1040,Bremen,Small Business,2024-04-15
1041,Customer_1041,Düsseldorf,Consumer,2024-06-14
1042,Customer_1042,Hamburg,Consumer,2025-03-02
1043,Customer_1043,Cologne,Consumer,2025-05-01
1044,Customer_1044,Düsseldorf,Corporate,2023-12-14
1045,Customer_1045,Bremen,Consumer,2024-11-24
1046,Customer_1046,Stuttgart,Consumer,2025-07-23
1047,Customer_1047,Munich,Consumer,2025-07-01
1048,Customer_1048,Dresden,Consumer,2023-05-27
1049,Customer_1049,Munich,Consumer,2024-11-05
1050,Customer_1050,Munich,Consumer,2024-11-17
1051,Customer_1051,Berlin,Consumer,2025-08-17
1052,Customer_1052,Hamburg,Consumer,2024-11-16
1053,Customer_1053,Stuttgart,Corporate,2023-05-01
1054,Customer_1054,Leipzig,Corporate,2024-02-23
1055,Customer_1055,Düsseldorf,Consumer,2023-12-16
1056,Customer_1056,Dresden,Corporate,2023-02-11
1057,Customer_1057,Cologne,Consumer,2023-01-29
1058,Customer_1058,Stuttgart,Consumer,2025-08-23
1059,Customer_1059,Frankfurt,Small Business,2025-02-23
1060,Customer_1060,Leipzig,Corporate,2023-01-14
1061,Customer_1061,Berlin,Corporate,2025-07-08
1062,Customer_1062,Berlin,Consumer,2025-03-28
1063,Customer_1063,Stuttgart,Consumer,2025-04-04
1064,Customer_1064,Bremen,Small Business,2025-05-21
1065,Customer_1065,Munich,Consumer,2023-10-22
1066,Customer_1066,Frankfurt,Consumer,2025-05-13
1067,Customer_1067,Berlin,Corporate,2024-07-01
1068,Customer_1068,Dresden,Corporate,2025-11-26
1069,Customer_1069,Berlin,Small Business,2025-10-04
1070,Customer_1070,Cologne,Consumer,2025-11-03
1071,Customer_1071,Düsseldorf,Small Business,2024-09-26
1072,Customer_1072,Berlin,Consumer,2024-08-17
1073,Customer_1073,Cologne,Consumer,2024-09-05
1074,Customer_1074,Stuttgart,Consumer,2025-11-11
1075,Customer_1075,Stuttgart,Consumer,2024-04-09
1076,Customer_1076,Leipzig,Consumer,2025-08-12
1077,Customer_1077,Berlin,Corporate,2025-07-18
1078,Customer_1078,Dresden,Consumer,2025-03-09
1079,Customer_1079,Berlin,Consumer,2024-01-30
1080,Customer_1080,Dresden,Consumer,2023-09-03
1081,Customer_1081,Hamburg,Consumer,2024-07-21
1082,Customer_1082,Leipzig,Consumer,2023-02-07
1083,Customer_1083,Hamburg,Corporate,2023-09-02
1084,Customer_1084,Berlin,Corporate,2023-01-21
1085,Customer_1085,Leipzig,Consumer,2024-01-29
1086,Customer_1086,Hamburg,Corporate,2025-09-13
1087,Customer_1087,Munich,Consumer,2023-01-08
1088,Customer_1088,Berlin,Consumer,2023-11-24
1089,Customer_1089,Hamburg,Corporate,2023-10-17
1090,Customer_1090,Munich,Consumer,2024-05-25
1091,Customer_1091,Munich,Small Business,2025-06-30
1092,Customer_1092,Stuttgart,Consumer,2023-12-27
1093,Customer_1093,Berlin,Corporate,2024-12-16
1094,Customer_1094,Munich,Consumer,2023-08-07
1095,Customer_1095,Stuttgart,Consumer,2024-02-10
1096,Customer_1096,Hamburg,Consumer,2025-01-22
1097,Customer_1097,Cologne,Corporate,2025-07-11
1098,Customer_1098,Berlin,Consumer,2025-04-11
1099,Customer_1099,Leipzig,Small Business,2025-03-04
1100,Customer_1100,Dresden,Consumer,2024-08-17
1101,Customer_1101,Dresden,Consumer,2023-04-17
1102,Customer_1102,Hamburg,Consumer,2024-08-03
1103,Customer_1103,Bremen,Consumer,2024-08-31
1104,Customer_1104,Bremen,Small Business,2023-01-08
1105,Customer_1105,Hamburg,Consumer,2025-03-16
1106,Customer_1106,Munich,Corporate,2023-07-08
1107,Customer_1107,Berlin,Consumer,2023-03-22
1108,Customer_1108,Dresden,Consumer,2023-04-18
1109,Customer_1109,Dresden,Small Business,2024-11-16
1110,Customer_1110,Munich,Consumer,2023-12-12
1111,Customer_1111,Dresden,Consumer,2023-11-24
1112,Customer_1112,Leipzig,Small Business,2024-07-08
1113,Customer_1113,Berlin,Small Business,2023-10-29
1114,Customer_1114,Düsseldorf,Consumer,2023-07-19
1115,Customer_1115,Dresden,Consumer,2025-06-11
1116,Customer_1116,Hamburg,Consumer,2025-11-28
1117,Customer_1117,Leipzig,Consumer,2023-11-03
1118,Customer_1118,Dresden,Corporate,2025-10-24
1119,Customer_1119,Leipzig,Corporate,2024-04-12
1120,Customer_1120,Stuttgart,Consumer,2023-06-28
1121,Customer_1121,Düsseldorf,Consumer,2024-10-06
1122,Customer_1122,Frankfurt,Consumer,2023-10-03
1123,Customer_1123,Hamburg,Consumer,2024-09-12
1124,Customer_1124,Hamburg,Consumer,2024-09-29
1125,Customer_1125,Berlin,Consumer,2025-07-18
1126,Customer_1126,Leipzig,Consumer,2023-07-02
1127,Customer_1127,Munich,Consumer,2023-03-13
1128,Customer_1128,Hamburg,Consumer,2024-12-19
1129,Customer_1129,Leipzig,Consumer,2024-12-26
1130,Customer_1130,Leipzig,Consumer,2023-09-26
1131,Customer_1131,Cologne,Consumer,2025-11-09
1132,Customer_1132,Cologne,Consumer,2024-07-31
1133,Customer_1133,Frankfurt,Consumer,2025-09-21
1134,Customer_1134,Stuttgart,Consumer,2025-03-25
1135,Customer_1135,Frankfurt,Corporate,2023-05-27
1136,Customer_1136,Dresden,Small Business,2025-06-08
1137,Customer_1137,Munich,Corporate,2023-11-06
1138,Customer_1138,Dresden,Consumer,2024-06-01
1139,Customer_1139,Bremen,Small Business,2023-01-14
1140,Customer_1140,Dresden,Corporate,2023-05-12
1141,Customer_1141,Berlin,Consumer,2025-01-24
1142,Customer_1142,Dresden,Consumer,2024-03-14
1143,Customer_1143,Frankfurt,Small Business,2025-01-12
1144,Customer_1144,Hamburg,Consumer,2025-01-09
1145,Customer_1145,Hamburg,Consumer,2025-03-05
1146,Customer_1146,Cologne,Corporate,2023-09-20
1147,Customer_1147,Munich,Corporate,2024-10-04
1148,Customer_1148,Munich,Consumer,2023-09-15
1149,Customer_1149,Berlin,Consumer,2024-02-13
1150,Customer_1150,Frankfurt,Consumer,2025-09-01
1151,Customer_1151,Cologne,Corporate,2025-11-13
1152,Customer_1152,Bremen,Consumer,2023-09-28
1153,Customer_1153,Munich,Consumer,2023-05-22
1154,Customer_1154,Hamburg,Corporate,2025-06-20
1155,Customer_1155,Dresden,Consumer,2025-08-31
1156,Customer_1156,Dresden,Corporate,2023-10-01
1157,Customer_1157,Cologne,Consumer,2023-10-03
1158,Customer_1158,Frankfurt,Consumer,2024-04-09
1159,Customer_1159,Frankfurt,Consumer,2025-11-28
1160,Customer_1160,Stuttgart,Consumer,2023-10-15
1161,Customer_1161,Düsseldorf,Consumer,2025-05-25
1162,Customer_1162,Munich,Consumer,2025-05-27
1163,Customer_1163,Frankfurt,Corporate,2023-06-29
1164,Customer_1164,Hamburg,Small Business,2024-03-22
1165,Customer_1165,Cologne,Small Business,2025-02-23
1166,Customer_1166,Bremen,Consumer,2024-07-14
1167,Customer_1167,Stuttgart,Consumer,2024-04-28
1168,Customer_1168,Leipzig,Consumer,2025-04-28
1169,Customer_1169,Berlin,Corporate,2024-12-22
1170,Customer_1170,Bremen,Consumer,2023-04-26
1171,Customer_1171,Leipzig,Small Business,2024-06-18
1172,Customer_1172,Dresden,Consumer,2024-02-11
1173,Customer_1173,Berlin,Small Business,2024-11-24
1174,Customer_1174,Munich,Corporate,2024-05-09
1175,Customer_1175,Hamburg,Corporate,2025-08-05
1176,Customer_1176,Berlin,Consumer,2023-01-23
1177,Customer_1177,Düsseldorf,Consumer,2024-07-11
1178,Customer_1178,Leipzig,Consumer,2025-07-29
1179,Customer_1179,Munich,Consumer,2025-05-04
1180,Customer_1180,Düsseldorf,Consumer,2025-11-04
1181,Customer_1181,Dresden,Consumer,2025-06-09
1182,Customer_1182,Düsseldorf,Consumer,2023-03-19
1183,Customer_1183,Stuttgart,Consumer,2025-03-17
1184,Customer_1184,Stuttgart,Consumer,2025-11-07
1185,Customer_1185,Cologne,Consumer,2025-02-06
1186,Customer_1186,Bremen,Small Business,2024-03-29
1187,Customer_1187,Bremen,Consumer,2025-07-16
1188,Customer_1188,Munich,Consumer,2023-10-04
1189,Customer_1189,Dresden,Consumer,2025-11-16
1190,Customer_1190,Frankfurt,Corporate,2024-05-28
1191,Customer_1191,Stuttgart,Consumer,2024-04-08
1192,Customer_1192,Munich,Consumer,2025-03-17
1193,Customer_1193,Frankfurt,Consumer,2025-04-03
1194,Customer_1194,Bremen,Consumer,2023-12-29
1195,Customer_1195,Cologne,Consumer,2025-01-20
1196,Customer_1196,Düsseldorf,Small Business,2024-06-08
1197,Customer_1197,Stuttgart,Small Business,2023-02-25
1198,Customer_1198,Munich,Consumer,2024-05-03
1199,Customer_1199,Berlin,Consumer,2025-11-17
1200,Customer_1200,Frankfurt,Consumer,2024-12-22
1201,Customer_1201,Düsseldorf,Consumer,2023-02-10
1202,Customer_1202,Stuttgart,Consumer,2025-09-30
1203,Customer_1203,Bremen,Consumer,2023-09-17
1204,Customer_1204,Dresden,Small Business,2024-03-16
1205,Customer_1205,Frankfurt,Small Business,2025-07-14
1206,Customer_1206,Bremen,Consumer,2025-05-05
1207,Customer_1207,Stuttgart,Consumer,2023-03-25
1208,Customer_1208,Frankfurt,Consumer,2023-02-15
1209,Customer_1209,Düsseldorf,Consumer,2024-03-15
1210,Customer_1210,Stuttgart,Consumer,2025-09-12
1211,Customer_1211,Leipzig,Consumer,2023-05-16
1212,Customer_1212,Munich,Small Business,2025-06-27
1213,Customer_1213,Düsseldorf,Corporate,2025-05-10
1214,Customer_1214,Frankfurt,Consumer,2025-02-26
1215,Customer_1215,Dresden,Corporate,2024-08-12
1216,Customer_1216,Bremen,Consumer,2025-08-13
1217,Customer_1217,Berlin,Consumer,2024-11-20
1218,Customer_1218,Bremen,Consumer,2024-06-22
1219,Customer_1219,Frankfurt,Consumer,2024-12-08
1220,Customer_1220,Bremen,Consumer,2023-10-22
1221,Customer_1221,Munich,Consumer,2023-02-22
1222,Customer_1222,Stuttgart,Small Business,2025-03-16
1223,Customer_1223,Berlin,Consumer,2023-02-21
1224,Customer_1224,Hamburg,Consumer,2024-12-28
1225,Customer_1225,Frankfurt,Consumer,2023-03-13
1226,Customer_1226,Cologne,Corporate,2023-01-28
1227,Customer_1227,Hamburg,Consumer,2024-04-13
1228,Customer_1228,Bremen,Small Business,2025-02-02
1229,Customer_1229,Frankfurt,Small Business,2025-06-04
1230,Customer_1230,Leipzig,Consumer,2025-06-30
1231,Customer_1231,Cologne,Corporate,2024-06-30
1232,Customer_1232,Berlin,Consumer,2023-07-20
1233,Customer_1233,Dresden,Consumer,2025-03-30
1234,Customer_1234,Leipzig,Corporate,2024-07-13
1235,Customer_1235,Hamburg,Consumer,2024-01-14
1236,Customer_1236,Stuttgart,Consumer,2025-12-11
1237,Customer_1237,Munich,Consumer,2023-03-20
1238,Customer_1238,Dresden,Consumer,2025-04-13
1239,Customer_1239,Leipzig,Small Business,2025-10-28
1240,Customer_1240,Stuttgart,Consumer,2023-01-25
1241,Customer_1241,Stuttgart,Corporate,2024-03-25
1242,Customer_1242,Frankfurt,Consumer,2025-02-06
1243,Customer_1243,Leipzig,Corporate,2025-01-24
1244,Customer_1244,Berlin,Consumer,2023-07-17
1245,Customer_1245,Bremen,Consumer,2024-03-12
1246,Customer_1246,Cologne,Small Business,2024-11-20
1247,Customer_1247,Cologne,Consumer,2024-08-09
1248,Customer_1248,Hamburg,Consumer,2023-04-14
1249,Customer_1249,Hamburg,Consumer,2024-09-18
1250,Customer_1250,Cologne,Corporate,2025-11-28
1251,Customer_1251,Berlin,Consumer,2024-04-02
1252,Customer_1252,Munich,Small Business,2023-12-30
1253,Customer_1253,Düsseldorf,Consumer,2023-05-15
1254,Customer_1254,Bremen,Consumer,2024-01-09
1255,Customer_1255,Munich,Corporate,2023-02-08
1256,Customer_1256,Frankfurt,Corporate,2025-03-29
1257,Customer_1257,Düsseldorf,Small Business,2023-02-16
1258,Customer_1258,Düsseldorf,Small Business,2023-02-05
1259,Customer_1259,Leipzig,Consumer,2023-04-05
1260,Customer_1260,Berlin,Consumer,2025-09-11
1261,Customer_1261,Berlin,Consumer,2024-01-03
1262,Customer_1262,Düsseldorf,Corporate,2023-03-06
1263,Customer_1263,Leipzig,Small Business,2025-01-23
1264,Customer_1264,Bremen,Consumer,2025-03-26
1265,Customer_1265,Düsseldorf,Consumer,2025-01-25
1266,Customer_1266,Dresden,Consumer,2023-06-30
1267,Customer_1267,Hamburg,Corporate,2024-08-19
1268,Customer_1268,Hamburg,Consumer,2025-02-25
1269,Customer_1269,Munich,Consumer,2024-09-18
1270,Customer_1270,Frankfurt,Consumer,2024-09-07
1271,Customer_1271,Hamburg,Corporate,2023-04-22
1272,Customer_1272,Stuttgart,Corporate,2024-03-28
1273,Customer_1273,Munich,Consumer,2025-01-25
1274,Customer_1274,Hamburg,Consumer,2024-08-06
1275,Customer_1275,Frankfurt,Consumer,2023-05-19
1276,Customer_1276,Berlin,Corporate,2023-08-19
1277,Customer_1277,Berlin,Small Business,2025-09-10
1278,Customer_1278,Bremen,Consumer,2023-09-10
1279,Customer_1279,Düsseldorf,Consumer,2024-07-14
1280,Customer_1280,Dresden,Consumer,2023-03-13
1281,Customer_1281,Berlin,Consumer,2023-08-10
1282,Customer_1282,Leipzig,Corporate,2023-03-03
1283,Customer_1283,Hamburg,Consumer,2025-03-16
1284,Customer_1284,Leipzig,Consumer,2023-05-05
1285,Customer_1285,Frankfurt,Consumer,2025-01-10
1286,Customer_1286,Berlin,Consumer,2023-06-10
1287,Customer_1287,Dresden,Consumer,2024-06-24
1288,Customer_1288,Frankfurt,Consumer,2024-09-17
1289,Customer_1289,Stuttgart,Consumer,2023-04-16
1290,Customer_1290,Stuttgart,Corporate,2025-02-14
1291,Customer_1291,Leipzig,Consumer,2023-01-02
1292,Customer_1292,Düsseldorf,Consumer,2023-08-21
1293,Customer_1293,Munich,Small Business,2024-01-04
1294,Customer_1294,Düsseldorf,Consumer,2025-08-03
1295,Customer_1295,Bremen,Corporate,2023-06-29
1296,Customer_1296,Düsseldorf,Consumer,2023-10-20
1297,Customer_1297,Bremen,Consumer,2024-08-06
1298,Customer_1298,Bremen,Consumer,2025-03-05
1299,Customer_1299,Dresden,Consumer,2023-06-24
1300,Customer_1300,Berlin,Consumer,2023-05-03
1301,Customer_1301,Dresden,Small Business,2023-08-15
1302,Customer_1302,Bremen,Consumer,2024-03-19
1303,Customer_1303,Frankfurt,Consumer,2024-03-03
1304,Customer_1304,Stuttgart,Consumer,2025-02-03
1305,Customer_1305,Bremen,Consumer,2024-09-23
1306,Customer_1306,Dresden,Consumer,2023-03-06
1307,Customer_1307,Frankfurt,Consumer,2024-03-03
1308,Customer_1308,Dresden,Corporate,2024-09-09
1309,Customer_1309,Düsseldorf,Small Business,2025-07-13
1310,Customer_1310,Hamburg,Consumer,2025-03-22
1311,Customer_1311,Leipzig,Consumer,2023-04-17
1312,Customer_1312,Munich,Small Business,2024-10-20
1313,Customer_1313,Dresden,Corporate,2023-09-22
1314,Customer_1314,Munich,Consumer,2023-06-04
1315,Customer_1315,Cologne,Small Business,2025-11-02
1316,Customer_1316,Dresden,Consumer,2025-06-14
1317,Customer_1317,Hamburg,Small Business,2025-09-19
1318,Customer_1318,Munich,Consumer,2023-09-02
1319,Customer_1319,Bremen,Consumer,2024-01-21
1320,Customer_1320,Dresden,Small Business,2025-01-28
1321,Customer_1321,Berlin,Consumer,2024-02-18
1322,Customer_1322,Leipzig,Consumer,2024-12-15
1323,Customer_1323,Hamburg,Consumer,2025-01-28
1324,Customer_1324,Munich,Small Business,2025-01-16
1325,Customer_1325,Hamburg,Corporate,2024-08-15
1326,Customer_1326,Frankfurt,Corporate,2025-04-18
1327,Customer_1327,Leipzig,Consumer,2023-01-16
1328,Customer_1328,Bremen,Corporate,2025-09-19
1329,Customer_1329,Dresden,Consumer,2025-12-04
1330,Customer_1330,Dresden,Consumer,2024-10-12
1331,Customer_1331,Dresden,Corporate,2023-05-28
1332,Customer_1332,Leipzig,Consumer,2023-12-21
1333,Customer_1333,Berlin,Consumer,2024-12-03
1334,Customer_1334,Cologne,Consumer,2024-09-04
1335,Customer_1335,Stuttgart,Consumer,2023-04-15
1336,Customer_1336,Düsseldorf,Small Business,2024-01-31
1337,Customer_1337,Munich,Consumer,2024-08-28
1338,Customer_1338,Berlin,Corporate,2025-04-30
1339,Customer_1339,Bremen,Consumer,2024-03-17
1340,Customer_1340,Munich,Consumer,2025-05-22
1341,Customer_1341,Dresden,Consumer,2024-10-28
1342,Customer_1342,Hamburg,Corporate,2025-11-17
1343,Customer_1343,Bremen,Consumer,2025-03-04
1344,Customer_1344,Munich,Small Business,2024-04-19
1345,Customer_1345,Dresden,Corporate,2024-09-19
1346,Customer_1346,Munich,Consumer,2024-05-16
1347,Customer_1347,Hamburg,Consumer,2023-12-14
1348,Customer_1348,Dresden,Small Business,2025-10-14
1349,Customer_1349,Cologne,Corporate,2024-07-23
1350,Customer_1350,Berlin,Consumer,2024-11-25
1351,Customer_1351,Frankfurt,Consumer,2023-01-26
1352,Customer_1352,Düsseldorf,Corporate,2023-08-05
1353,Customer_1353,Leipzig,Corporate,2025-04-16
1354,Customer_1354,Düsseldorf,Consumer,2025-02-12
1355,Customer_1355,Bremen,Small Business,2025-11-12
1356,Customer_1356,Düsseldorf,Small Business,2024-10-31
1357,Customer_1357,Dresden,Consumer,2024-12-18
1358,Customer_1358,Cologne,Small Business,2023-11-06
1359,Customer_1359,Frankfurt,Consumer,2024-08-21
1360,Customer_1360,Berlin,Consumer,2023-09-24
1361,Customer_1361,Berlin,Consumer,2024-10-07
1362,Customer_1362,Hamburg,Consumer,2025-10-19
1363,Customer_1363,Leipzig,Corporate,2024-03-25
1364,Customer_1364,Munich,Consumer,2024-07-18
1365,Customer_1365,Cologne,Consumer,2025-11-25
1366,Customer_1366,Munich,Consumer,2023-01-28
1367,Customer_1367,Frankfurt,Consumer,2023-08-08
1368,Customer_1368,Düsseldorf,Consumer,2024-02-10
1369,Customer_1369,Berlin,Corporate,2023-09-28
1370,Customer_1370,Frankfurt,Consumer,2025-03-02
1371,Customer_1371,Düsseldorf,Small Business,2025-08-20
1372,Customer_1372,Berlin,Corporate,2025-04-13
1373,Customer_1373,Düsseldorf,Consumer,2023-11-13
1374,Customer_1374,Leipzig,Small Business,2023-12-04
1375,Customer_1375,Cologne,Consumer,2023-12-17
1376,Customer_1376,Bremen,Consumer,2024-05-25
1377,Customer_1377,Frankfurt,Consumer,2024-06-08
1378,Customer_1378,Frankfurt,Consumer,2024-05-06
1379,Customer_1379,Stuttgart,Consumer,2023-01-09
1380,Customer_1380,Dresden,Corporate,2024-07-14
1381,Customer_1381,Leipzig,Consumer,2024-03-15
1382,Customer_1382,Leipzig,Corporate,2025-03-02
1383,Customer_1383,Munich,Consumer,2023-02-02
1384,Customer_1384,Düsseldorf,Corporate,2025-11-12
1385,Customer_1385,Dresden,Consumer,2025-04-24
1386,Customer_1386,Cologne,Consumer,2024-07-19
1387,Customer_1387,Cologne,Consumer,2023-02-18
1388,Customer_1388,Leipzig,Consumer,2024-04-06
1389,Customer_1389,Cologne,Consumer,2024-08-12
1390,Customer_1390,Stuttgart,Corporate,2023-12-02
1391,Customer_1391,Frankfurt,Consumer,2023-12-25
1392,Customer_1392,Hamburg,Corporate,2023-12-12
1393,Customer_1393,Bremen,Corporate,2023-07-12
1394,Customer_1394,Munich,Small Business,2025-01-25
1395,Customer_1395,Düsseldorf,Consumer,2024-04-22
1396,Customer_1396,Bremen,Consumer,2025-04-07
1397,Customer_1397,Düsseldorf,Small Business,2025-06-08
1398,Customer_1398,Berlin,Corporate,2024-10-14
1399,Customer_1399,Bremen,Consumer,2024-02-12
1400,Customer_1400,Hamburg,Consumer,2023-10-13
1401,Customer_1401,Leipzig,Consumer,2025-04-30
1402,Customer_1402,Stuttgart,Consumer,2023-04-21
1403,Customer_1403,Frankfurt,Corporate,2024-09-11
1404,Customer_1404,Frankfurt,Consumer,2025-03-03
1405,Customer_1405,Stuttgart,Consumer,2023-02-19
1406,Customer_1406,Dresden,Consumer,2025-11-03
1407,Customer_1407,Berlin,Consumer,2024-08-10
1408,Customer_1408,Düsseldorf,Corporate,2024-08-18
1409,Customer_1409,Hamburg,Corporate,2024-10-31
1410,Customer_1410,Cologne,Consumer,2023-11-10
1411,Customer_1411,Bremen,Small Business,2024-08-28
1412,Customer_1412,Berlin,Consumer,2023-10-24
1413,Customer_1413,Bremen,Consumer,2024-07-22
1414,Customer_1414,Hamburg,Consumer,2025-04-11
1415,Customer_1415,Munich,Consumer,2024-09-01
1416,Customer_1416,Munich,Consumer,2023-01-16
1417,Customer_1417,Berlin,Consumer,2023-03-13
1418,Customer_1418,Leipzig,Corporate,2023-09-27
1419,Customer_1419,Hamburg,Consumer,2023-10-14
1420,Customer_1420,Hamburg,Corporate,2023-03-07
1421,Customer_1421,Stuttgart,Consumer,2025-05-29
1422,Customer_1422,Leipzig,Small Business,2023-03-09
1423,Customer_1423,Düsseldorf,Corporate,2025-12-14
1424,Customer_1424,Düsseldorf,Consumer,2025-09-06
1425,Customer_1425,Cologne,Corporate,2025-08-31
1426,Customer_1426,Frankfurt,Consumer,2024-05-22
1427,Customer_1427,Munich,Corporate,2025-04-16
1428,Customer_1428,Düsseldorf,Consumer,2025-06-04
1429,Customer_1429,Leipzig,Consumer,2025-03-04
1430,Customer_1430,Hamburg,Corporate,2024-02-26
1431,Customer_1431,Düsseldorf,Consumer,2025-02-13
1432,Customer_1432,Hamburg,Consumer,2024-04-22
1433,Customer_1433,Düsseldorf,Corporate,2025-07-14
1434,Customer_1434,Munich,Consumer,2023-04-30
1435,Customer_1435,Bremen,Consumer,2024-05-02
1436,Customer_1436,Düsseldorf,Consumer,2023-03-19
1437,Customer_1437,Leipzig,Consumer,2025-11-27
1438,Customer_1438,Düsseldorf,Small Business,2024-03-16
1439,Customer_1439,Frankfurt,Consumer,2024-04-06
1440,Customer_1440,Munich,Consumer,2024-09-03
1441,Customer_1441,Leipzig,Corporate,2025-07-05
1442,Customer_1442,Stuttgart,Corporate,2024-08-31
1443,Customer_1443,Leipzig,Consumer,2023-01-06
1444,Customer_1444,Frankfurt,Consumer,2024-11-11
1445,Customer_1445,Bremen,Small Business,2025-06-13
1446,Customer_1446,Munich,Corporate,2023-09-28
1447,Customer_1447,Stuttgart,Consumer,2025-03-21
1448,Customer_1448,Frankfurt,Consumer,2024-07-12
1449,Customer_1449,Frankfurt,Consumer,2023-04-09
1450,Customer_1450,Berlin,Consumer,2024-06-09
1451,Customer_1451,Munich,Consumer,2023-07-13
1452,Customer_1452,Leipzig,Small Business,2024-01-31
1453,Customer_1453,Hamburg,Consumer,2025-02-08
1454,Customer_1454,Bremen,Corporate,2025-10-20
1455,Customer_1455,Hamburg,Consumer,2025-05-29
1456,Customer_1456,Leipzig,Corporate,2025-01-14
1457,Customer_1457,Leipzig,Corporate,2024-11-13
1458,Customer_1458,Munich,Consumer,2023-01-15
1459,Customer_1459,Leipzig,Consumer,2024-01-03
1460,Customer_1460,Berlin,Consumer,2024-09-29
1461,Customer_1461,Stuttgart,Small Business,2025-05-02
1462,Customer_1462,Leipzig,Small Business,2024-11-30
1463,Customer_1463,Hamburg,Consumer,2023-01-05
1464,Customer_1464,Leipzig,Consumer,2023-08-19
1465,Customer_1465,Berlin,Consumer,2025-10-08
1466,Customer_1466,Düsseldorf,Corporate,2024-08-08
1467,Customer_1467,Düsseldorf,Consumer,2023-06-18
1468,Customer_1468,Frankfurt,Consumer,2025-01-30
1469,Customer_1469,Bremen,Consumer,2025-03-02
1470,Customer_1470,Cologne,Consumer,2025-09-26
1471,Customer_1471,Stuttgart,Corporate,2023-06-01
1472,Customer_1472,Dresden,Consumer,2025-10-12
1473,Customer_1473,Frankfurt,Consumer,2023-08-12
1474,Customer_1474,Bremen,Consumer,2024-05-18
1475,Customer_1475,Düsseldorf,Consumer,2023-02-13
1476,Customer_1476,Hamburg,Consumer,2024-11-27
1477,Customer_1477,Dresden,Small Business,2024-05-18
1478,Customer_1478,Bremen,Corporate,2025-07-18
1479,Customer_1479,Bremen,Consumer,2025-04-22
1480,Customer_1480,Frankfurt,Consumer,2023-12-17
1481,Customer_1481,Dresden,Small Business,2023-01-23
1482,Customer_1482,Munich,Consumer,2024-08-20
1483,Customer_1483,Cologne,Consumer,2025-12-02
1484,Customer_1484,Munich,Small Business,2024-04-10
1485,Customer_1485,Dresden,Corporate,2023-02-09
1486,Customer_1486,Munich,Small Business,2023-10-30
1487,Customer_1487,Berlin,Small Business,2023-06-24
1488,Customer_1488,Düsseldorf,Small Business,2025-09-25
1489,Customer_1489,Berlin,Consumer,2024-09-12
1490,Customer_1490,Leipzig,Consumer,2023-09-01
1491,Customer_1491,Munich,Consumer,2025-04-15
1492,Customer_1492,Leipzig,Consumer,2023-10-07
1493,Customer_1493,Hamburg,Consumer,2025-11-25
1494,Customer_1494,Stuttgart,Consumer,2024-07-10
1495,Customer_1495,Hamburg,Consumer,2025-06-16
1496,Customer_1496,Dresden,Consumer,2025-11-12
1497,Customer_1497,Bremen,Consumer,2024-12-19
1498,Customer_1498,Düsseldorf,Consumer,2025-07-20
1499,Customer_1499,Munich,Consumer,2023-04-01
1500,Customer_1500,Frankfurt,Corporate,2024-01-25
1501,Customer_1501,Stuttgart,Consumer,2024-07-03
1502,Customer_1502,Cologne,Consumer,2025-07-19
1503,Customer_1503,Cologne,Corporate,2025-11-27
1504,Customer_1504,Cologne,Consumer,2025-01-02
1505,Customer_1505,Munich,Consumer,2024-05-14
1506,Customer_1506,Cologne,Consumer,2025-12-02
1507,Customer_1507,Berlin,Consumer,2025-05-20
1508,Customer_1508,Stuttgart,Small Business,2024-05-31
1509,Customer_1509,Berlin,Consumer,2023-03-09
1510,Customer_1510,Bremen,Corporate,2023-05-03
1511,Customer_1511,Stuttgart,Consumer,2023-12-02
1512,Customer_1512,Berlin,Consumer,2025-08-31
1513,Customer_1513,Stuttgart,Consumer,2025-02-17
1514,Customer_1514,Bremen,Consumer,2024-02-27
1515,Customer_1515,Leipzig,Consumer,2025-07-27
1516,Customer_1516,Munich,Consumer,2025-03-14
1517,Customer_1517,Munich,Consumer,2024-09-25
1518,Customer_1518,Cologne,Consumer,2025-12-18
1519,Customer_1519,Hamburg,Consumer,2023-04-06
1520,Customer_1520,Cologne,Small Business,2023-12-20
1521,Customer_1521,Dresden,Consumer,2025-08-24
1522,Customer_1522,Berlin,Consumer,2025-07-11
1523,Customer_1523,Stuttgart,Consumer,2024-04-17
1524,Customer_1524,Hamburg,Consumer,2024-03-05
1525,Customer_1525,Bremen,Corporate,2025-09-01
1526,Customer_1526,Dresden,Consumer,2024-06-20
1527,Customer_1527,Bremen,Corporate,2023-03-28
1528,Customer_1528,Munich,Consumer,2023-04-19
1529,Customer_1529,Munich,Corporate,2025-09-20
1530,Customer_1530,Cologne,Consumer,2025-04-01
1531,Customer_1531,Berlin,Small Business,2025-07-25
1532,Customer_1532,Hamburg,Consumer,2025-10-01
1533,Customer_1533,Düsseldorf,Consumer,2024-10-10
1534,Customer_1534,Dresden,Consumer,2023-07-10
1535,Customer_1535,Dresden,Consumer,2025-07-21
1536,Customer_1536,Cologne,Small Business,2023-05-22
1537,Customer_1537,Munich,Consumer,2025-04-19
1538,Customer_1538,Cologne,Consumer,2023-06-17
1539,Customer_1539,Stuttgart,Consumer,2024-07-19
1540,Customer_1540,Hamburg,Consumer,2025-01-13
1541,Customer_1541,Berlin,Consumer,2024-11-03
1542,Customer_1542,Leipzig,Corporate,2025-05-13
1543,Customer_1543,Frankfurt,Consumer,2025-04-18
1544,Customer_1544,Frankfurt,Small Business,2024-06-14
1545,Customer_1545,Cologne,Consumer,2025-08-31
1546,Customer_1546,Stuttgart,Consumer,2024-07-15
1547,Customer_1547,Hamburg,Corporate,2023-06-24
1548,Customer_1548,Düsseldorf,Consumer,2023-10-29
1549,Customer_1549,Frankfurt,Consumer,2023-07-04
1550,Customer_1550,Hamburg,Consumer,2024-05-24
1551,Customer_1551,Berlin,Consumer,2025-03-29
1552,Customer_1552,Bremen,Consumer,2023-06-05
1553,Customer_1553,Stuttgart,Small Business,2025-02-25
1554,Customer_1554,Munich,Consumer,2025-03-05
1555,Customer_1555,Hamburg,Consumer,2024-03-07
1556,Customer_1556,Berlin,Corporate,2025-01-30
1557,Customer_1557,Düsseldorf,Small Business,2023-05-27
1558,Customer_1558,Leipzig,Consumer,2024-04-25
1559,Customer_1559,Munich,Consumer,2024-03-10
1560,Customer_1560,Leipzig,Consumer,2023-03-10
1561,Customer_1561,Düsseldorf,Small Business,2025-05-24
1562,Customer_1562,Berlin,Small Business,2023-07-05
1563,Customer_1563,Frankfurt,Consumer,2025-06-22
1564,Customer_1564,Leipzig,Consumer,2024-11-12
1565,Customer_1565,Munich,Consumer,2023-07-23
1566,Customer_1566,Cologne,Corporate,2024-07-07
1567,Customer_1567,Dresden,Consumer,2023-01-13
1568,Customer_1568,Hamburg,Corporate,2024-10-27
1569,Customer_1569,Frankfurt,Small Business,2023-02-20
1570,Customer_1570,Leipzig,Consumer,2024-05-14
1571,Customer_1571,Bremen,Consumer,2024-01-04
1572,Customer_1572,Hamburg,Consumer,2024-12-24
1573,Customer_1573,Cologne,Consumer,2023-12-23
1574,Customer_1574,Düsseldorf,Consumer,2025-10-23
1575,Customer_1575,Dresden,Consumer,2025-04-26
1576,Customer_1576,Berlin,Corporate,2023-09-13
1577,Customer_1577,Cologne,Small Business,2023-10-06
1578,Customer_1578,Cologne,Consumer,2025-12-18
1579,Customer_1579,Düsseldorf,Consumer,2024-03-21
1580,Customer_1580,Stuttgart,Consumer,2023-04-23
1581,Customer_1581,Düsseldorf,Corporate,2025-04-15
1582,Customer_1582,Stuttgart,Corporate,2025-01-24
1583,Customer_1583,Stuttgart,Consumer,2024-01-02
1584,Customer_1584,Frankfurt,Consumer,2025-12-19
1585,Customer_1585,Frankfurt,Consumer,2023-11-25
1586,Customer_1586,Munich,Consumer,2024-12-28
1587,Customer_1587,Leipzig,Consumer,2025-10-02
1588,Customer_1588,Leipzig,Corporate,2024-12-20
1589,Customer_1589,Berlin,Small Business,2025-12-22
1590,Customer_1590,Leipzig,Consumer,2023-07-03
1591,Customer_1591,Frankfurt,Corporate,2025-10-19
1592,Customer_1592,Munich,Small Business,2023-11-07
1593,Customer_1593,Munich,Consumer,2023-06-26
1594,Customer_1594,Stuttgart,Consumer,2025-04-26
1595,Customer_1595,Düsseldorf,Small Business,2023-01-09
1596,Customer_1596,Berlin,Consumer,2023-08-24
1597,Customer_1597,Stuttgart,Small Business,2024-12-10
1598,Customer_1598,Düsseldorf,Small Business,2025-07-12
1599,Customer_1599,Leipzig,Corporate,2024-11-15
1600,Customer_1600,Stuttgart,Corporate,2025-03-04
1601,Customer_1601,Hamburg,Corporate,2025-11-17
1602,Customer_1602,Leipzig,Corporate,2025-03-18
1603,Customer_1603,Düsseldorf,Consumer,2023-01-27
1604,Customer_1604,Berlin,Consumer,2024-07-03
1605,Customer_1605,Düsseldorf,Consumer,2023-03-26
1606,Customer_1606,Stuttgart,Corporate,2025-11-19
1607,Customer_1607,Stuttgart,Consumer,2024-04-10
1608,Customer_1608,Cologne,Consumer,2023-01-12
1609,Customer_1609,Berlin,Consumer,2025-10-09
1610,Customer_1610,Bremen,Corporate,2025-11-19
1611,Customer_1611,Leipzig,Small Business,2025-11-27
1612,Customer_1612,Munich,Small Business,2024-07-25
1613,Customer_1613,Berlin,Consumer,2025-07-02
1614,Customer_1614,Munich,Small Business,2023-06-29
1615,Customer_1615,Berlin,Corporate,2025-03-07
1616,Customer_1616,Berlin,Consumer,2025-11-10
1617,Customer_1617,Düsseldorf,Consumer,2024-03-16
1618,Customer_1618,Berlin,Consumer,2025-06-05
1619,Customer_1619,Cologne,Small Business,2024-02-25
1620,Customer_1620,Bremen,Consumer,2024-04-12
1621,Customer_1621,Stuttgart,Consumer,2024-12-13
1622,Customer_1622,Dresden,Corporate,2024-01-20
1623,Customer_1623,Munich,Consumer,2023-11-10
1624,Customer_1624,Stuttgart,Consumer,2025-02-09
1625,Customer_1625,Dresden,Consumer,2025-08-16
1626,Customer_1626,Bremen,Consumer,2025-07-05
1627,Customer_1627,Bremen,Corporate,2023-01-23
1628,Customer_1628,Munich,Consumer,2023-12-05
1629,Customer_1629,Munich,Consumer,2025-04-02
1630,Customer_1630,Bremen,Consumer,2024-01-01
1631,Customer_1631,Dresden,Consumer,2025-07-03
1632,Customer_1632,Berlin,Consumer,2024-04-19
1633,Customer_1633,Leipzig,Corporate,2023-01-27
1634,Customer_1634,Hamburg,Corporate,2025-07-30
1635,Customer_1635,Stuttgart,Corporate,2025-03-12
1636,Customer_1636,Düsseldorf,Small Business,2025-03-11
1637,Customer_1637,Stuttgart,Consumer,2025-05-09
1638,Customer_1638,Düsseldorf,Consumer,2025-05-13
1639,Customer_1639,Dresden,Small Business,2024-11-20
1640,Customer_1640,Düsseldorf,Consumer,2025-01-08
1641,Customer_1641,Munich,Consumer,2024-02-19
1642,Customer_1642,Leipzig,Consumer,2025-09-08
1643,Customer_1643,Leipzig,Consumer,2024-03-04
1644,Customer_1644,Munich,Consumer,2023-02-10
1645,Customer_1645,Cologne,Small Business,2025-06-23
1646,Customer_1646,Dresden,Consumer,2025-10-08
1647,Customer_1647,Cologne,Consumer,2024-12-03
1648,Customer_1648,Cologne,Small Business,2023-03-20
1649,Customer_1649,Stuttgart,Small Business,2024-12-17
1650,Customer_1650,Bremen,Consumer,2024-06-27
1651,Customer_1651,Stuttgart,Consumer,2024-04-18
1652,Customer_1652,Bremen,Corporate,2023-10-21
1653,Customer_1653,Hamburg,Corporate,2024-09-01
1654,Customer_1654,Düsseldorf,Corporate,2023-05-16
1655,Customer_1655,Bremen,Small Business,2024-04-28
1656,Customer_1656,Munich,Corporate,2025-03-24
1657,Customer_1657,Stuttgart,Consumer,2024-07-08
1658,Customer_1658,Dresden,Corporate,2023-02-15
1659,Customer_1659,Düsseldorf,Consumer,2025-12-07
1660,Customer_1660,Hamburg,Corporate,2023-07-17
1661,Customer_1661,Bremen,Consumer,2023-03-25
1662,Customer_1662,Hamburg,Consumer,2024-06-26
1663,Customer_1663,Dresden,Consumer,2023-03-12
1664,Customer_1664,Cologne,Consumer,2024-06-03
1665,Customer_1665,Leipzig,Consumer,2025-06-16
1666,Customer_1666,Dresden,Consumer,2025-07-01
1667,Customer_1667,Frankfurt,Consumer,2025-12-11
1668,Customer_1668,Dresden,Corporate,2025-12-04
1669,Customer_1669,Hamburg,Consumer,2023-10-20
1670,Customer_1670,Munich,Corporate,2025-07-26
1671,Customer_1671,Stuttgart,Corporate,2025-03-22
1672,Customer_1672,Munich,Corporate,2025-05-16
1673,Customer_1673,Hamburg,Consumer,2024-01-15
1674,Customer_1674,Stuttgart,Small Business,2025-10-03
1675,Customer_1675,Frankfurt,Consumer,2023-09-19
1676,Customer_1676,Leipzig,Consumer,2024-08-02
1677,Customer_1677,Düsseldorf,Consumer,2023-12-23
1678,Customer_1678,Hamburg,Consumer,2024-11-28
1679,Customer_1679,Bremen,Small Business,2025-11-02
1680,Customer_1680,Hamburg,Consumer,2024-03-18
1681,Customer_1681,Hamburg,Corporate,2024-12-26
1682,Customer_1682,Stuttgart,Corporate,2023-10-13
1683,Customer_1683,Berlin,Consumer,2024-07-23
1684,Customer_1684,Dresden,Consumer,2025-04-19
1685,Customer_1685,Berlin,Consumer,2024-05-12
1686,Customer_1686,Frankfurt,Consumer,2024-12-05
1687,Customer_1687,Bremen,Consumer,2024-07-15
1688,Customer_1688,Leipzig,Small Business,2023-02-01
1689,Customer_1689,Cologne,Small Business,2023-02-12
1690,Customer_1690,Frankfurt,Consumer,2024-07-12
1691,Customer_1691,Cologne,Consumer,2023-09-27
1692,Customer_1692,Cologne,Corporate,2025-07-31
1693,Customer_1693,Leipzig,Consumer,2025-11-08
1694,Customer_1694,Munich,Small Business,2023-02-06
1695,Customer_1695,Berlin,Consumer,2023-04-02
1696,Customer_1696,Hamburg,Consumer,2023-07-04
1697,Customer_1697,Düsseldorf,Corporate,2024-12-28
1698,Customer_1698,Cologne,Consumer,2025-11-17
1699,Customer_1699,Bremen,Small Business,2024-01-07
1700,Customer_1700,Frankfurt,Small Business,2025-04-11
1701,Customer_1701,Munich,Consumer,2023-12-11
1702,Customer_1702,Cologne,Consumer,2023-03-19
1703,Customer_1703,Munich,Small Business,2023-06-16
1704,Customer_1704,Munich,Small Business,2023-09-21
1705,Customer_1705,Cologne,Consumer,2024-12-24
1706,Customer_1706,Stuttgart,Corporate,2024-05-26
1707,Customer_1707,Dresden,Consumer,2024-07-29
1708,Customer_1708,Bremen,Consumer,2024-12-22
1709,Customer_1709,Hamburg,Small Business,2024-03-06
1710,Customer_1710,Hamburg,Consumer,2025-02-06
1711,Customer_1711,Bremen,Small Business,2024-04-07
1712,Customer_1712,Stuttgart,Consumer,2023-04-11
1713,Customer_1713,Hamburg,Consumer,2025-11-05
1714,Customer_1714,Munich,Consumer,2023-09-01
1715,Customer_1715,Leipzig,Consumer,2023-04-15
1716,Customer_1716,Frankfurt,Corporate,2024-11-24
1717,Customer_1717,Berlin,Consumer,2025-12-06
1718,Customer_1718,Hamburg,Consumer,2025-12-02
1719,Customer_1719,Bremen,Consumer,2025-03-28
1720,Customer_1720,Leipzig,Consumer,2023-08-09
1721,Customer_1721,Cologne,Corporate,2023-05-24
1722,Customer_1722,Dresden,Consumer,2025-06-08
1723,Customer_1723,Bremen,Consumer,2025-11-17
1724,Customer_1724,Munich,Consumer,2025-02-28
1725,Customer_1725,Dresden,Consumer,2024-07-06
1726,Customer_1726,Frankfurt,Consumer,2025-04-23
1727,Customer_1727,Frankfurt,Consumer,2024-10-20
1728,Customer_1728,Stuttgart,Consumer,2025-04-16
1729,Customer_1729,Düsseldorf,Corporate,2025-10-15
1730,Customer_1730,Stuttgart,Corporate,2025-01-20
1731,Customer_1731,Leipzig,Consumer,2023-09-06
1732,Customer_1732,Dresden,Consumer,2025-02-13
1733,Customer_1733,Düsseldorf,Consumer,2025-02-02
1734,Customer_1734,Cologne,Consumer,2024-11-22
1735,Customer_1735,Munich,Consumer,2025-03-30
1736,Customer_1736,Dresden,Consumer,2024-12-19
1737,Customer_1737,Stuttgart,Consumer,2023-08-22
1738,Customer_1738,Berlin,Consumer,2023-01-24
1739,Customer_1739,Düsseldorf,Consumer,2025-11-15
1740,Customer_1740,Düsseldorf,Consumer,2025-10-02
1741,Customer_1741,Munich,Consumer,2024-06-05
1742,Customer_1742,Hamburg,Consumer,2023-01-17
1743,Customer_1743,Frankfurt,Consumer,2023-09-02
1744,Customer_1744,Frankfurt,Consumer,2024-12-18
1745,Customer_1745,Berlin,Consumer,2025-02-08
1746,Customer_1746,Leipzig,Consumer,2024-12-17
1747,Customer_1747,Leipzig,Consumer,2023-04-28
1748,Customer_1748,Cologne,Consumer,2023-01-09
1749,Customer_1749,Dresden,Consumer,2024-08-20
1750,Customer_1750,Bremen,Consumer,2023-01-23
1751,Customer_1751,Hamburg,Corporate,2023-08-28
1752,Customer_1752,Stuttgart,Consumer,2023-01-27
1753,Customer_1753,Bremen,Consumer,2025-09-10
1754,Customer_1754,Bremen,Small Business,2023-07-18
1755,Customer_1755,Düsseldorf,Consumer,2025-02-13
1756,Customer_1756,Berlin,Consumer,2023-04-02
1757,Customer_1757,Frankfurt,Small Business,2025-04-30
1758,Customer_1758,Cologne,Corporate,2023-10-27
1759,Customer_1759,Leipzig,Consumer,2023-10-23
1760,Customer_1760,Berlin,Consumer,2024-10-08
1761,Customer_1761,Düsseldorf,Consumer,2025-09-27
1762,Customer_1762,Stuttgart,Consumer,2025-12-18
1763,Customer_1763,Cologne,Consumer,2025-06-27
1764,Customer_1764,Düsseldorf,Consumer,2025-05-20
1765,Customer_1765,Frankfurt,Consumer,2025-01-22
1766,Customer_1766,Frankfurt,Small Business,2023-12-08
1767,Customer_1767,Frankfurt,Small Business,2023-03-03
1768,Customer_1768,Berlin,Consumer,2025-02-14
1769,Customer_1769,Berlin,Consumer,2024-09-16
1770,Customer_1770,Leipzig,Consumer,2023-09-13
1771,Customer_1771,Leipzig,Small Business,2025-04-07
1772,Customer_1772,Stuttgart,Consumer,2025-10-10
1773,Customer_1773,Cologne,Consumer,2024-09-06
1774,Customer_1774,Munich,Consumer,2023-09-02
1775,Customer_1775,Munich,Consumer,2025-01-26
1776,Customer_1776,Düsseldorf,Consumer,2025-04-03
1777,Customer_1777,Frankfurt,Corporate,2025-02-18
1778,Customer_1778,Cologne,Corporate,2025-01-01
1779,Customer_1779,Bremen,Consumer,2025-05-27
1780,Customer_1780,Berlin,Consumer,2024-05-30
1781,Customer_1781,Dresden,Consumer,2024-04-18
1782,Customer_1782,Hamburg,Small Business,2023-02-05
1783,Customer_1783,Stuttgart,Small Business,2025-11-06
1784,Customer_1784,Frankfurt,Small Business,2025-04-09
1785,Customer_1785,Frankfurt,Small Business,2025-12-07
1786,Customer_1786,Frankfurt,Consumer,2025-12-21
1787,Customer_1787,Berlin,Consumer,2025-12-28
1788,Customer_1788,Berlin,Consumer,2024-01-01
1789,Customer_1789,Hamburg,Small Business,2025-08-02
1790,Customer_1790,Bremen,Consumer,2025-09-02
1791,Customer_1791,Cologne,Consumer,2024-03-06
1792,Customer_1792,Frankfurt,Corporate,2025-05-08
1793,Customer_1793,Munich,Consumer,2023-08-18
1794,Customer_1794,Leipzig,Consumer,2024-01-05
1795,Customer_1795,Munich,Corporate,2023-06-27
1796,Customer_1796,Düsseldorf,Consumer,2024-07-21
1797,Customer_1797,Munich,Consumer,2025-03-03
1798,Customer_1798,Düsseldorf,Corporate,2025-06-18
1799,Customer_1799,Dresden,Consumer,2025-09-01
1800,Customer_1800,Leipzig,Small Business,2023-03-23
1801,Customer_1801,Munich,Consumer,2025-04-25
1802,Customer_1802,Dresden,Consumer,2025-01-31
1803,Customer_1803,Stuttgart,Corporate,2024-09-09
1804,Customer_1804,Cologne,Consumer,2025-10-30
1805,Customer_1805,Dresden,Consumer,2023-08-04
1806,Customer_1806,Cologne,Corporate,2023-10-17
1807,Customer_1807,Munich,Consumer,2024-03-20
1808,Customer_1808,Bremen,Consumer,2025-07-11
1809,Customer_1809,Dresden,Consumer,2024-07-05
1810,Customer_1810,Leipzig,Consumer,2023-07-12
1811,Customer_1811,Munich,Consumer,2023-10-16
1812,Customer_1812,Frankfurt,Consumer,2024-08-05
1813,Customer_1813,Berlin,Corporate,2025-05-06
1814,Customer_1814,Dresden,Small Business,2025-02-19
1815,Customer_1815,Leipzig,Consumer,2025-06-14
1816,Customer_1816,Stuttgart,Consumer,2025-07-08
1817,Customer_1817,Frankfurt,Consumer,2024-07-17
1818,Customer_1818,Stuttgart,Consumer,2023-01-13
1819,Customer_1819,Munich,Corporate,2025-09-13
1820,Customer_1820,Berlin,Corporate,2023-12-06
1821,Customer_1821,Dresden,Corporate,2025-05-14
1822,Customer_1822,Dresden,Consumer,2023-11-08
1823,Customer_1823,Bremen,Consumer,2025-01-02
1824,Customer_1824,Bremen,Consumer,2023-12-05
1825,Customer_1825,Munich,Consumer,2023-10-27
1826,Customer_1826,Munich,Consumer,2023-12-25
1827,Customer_1827,Berlin,Small Business,2023-06-18
1828,Customer_1828,Bremen,Consumer,2025-01-30
1829,Customer_1829,Leipzig,Corporate,2025-02-06
1830,Customer_1830,Leipzig,Consumer,2025-09-08
1831,Customer_1831,Berlin,Consumer,2023-02-11
1832,Customer_1832,Leipzig,Consumer,2023-07-21
1833,Customer_1833,Düsseldorf,Consumer,2025-08-27
1834,Customer_1834,Cologne,Consumer,2024-04-08
1835,Customer_1835,Berlin,Consumer,2024-03-24
1836,Customer_1836,Berlin,Small Business,2025-07-01
1837,Customer_1837,Hamburg,Consumer,2025-03-08
1838,Customer_1838,Frankfurt,Consumer,2025-03-04
1839,Customer_1839,Frankfurt,Small Business,2024-03-12
1840,Customer_1840,Düsseldorf,Corporate,2024-06-14
1841,Customer_1841,Bremen,Corporate,2024-07-18
1842,Customer_1842,Munich,Consumer,2025-05-21
1843,Customer_1843,Munich,Small Business,2023-08-01
1844,Customer_1844,Stuttgart,Consumer,2025-08-06
1845,Customer_1845,Düsseldorf,Consumer,2023-07-11
1846,Customer_1846,Berlin,Consumer,2024-12-05
1847,Customer_1847,Düsseldorf,Consumer,2024-07-02
1848,Customer_1848,Düsseldorf,Consumer,2023-06-03
1849,Customer_1849,Düsseldorf,Consumer,2024-07-24
1850,Customer_1850,Frankfurt,Consumer,2023-08-28
1851,Customer_1851,Düsseldorf,Consumer,2024-01-09
1852,Customer_1852,Cologne,Consumer,2025-03-15
1853,Customer_1853,Munich,Small Business,2025-03-09
1854,Customer_1854,Stuttgart,Small Business,2024-09-02
1855,Customer_1855,Cologne,Consumer,2024-11-18
1856,Customer_1856,Stuttgart,Corporate,2025-02-12
1857,Customer_1857,Hamburg,Corporate,2023-05-23
1858,Customer_1858,Stuttgart,Consumer,2023-09-29
1859,Customer_1859,Munich,Consumer,2024-03-01
1860,Customer_1860,Munich,Corporate,2023-02-15
1861,Customer_1861,Düsseldorf,Small Business,2023-04-05
1862,Customer_1862,Dresden,Consumer,2023-03-05
1863,Customer_1863,Hamburg,Consumer,2024-02-17
1864,Customer_1864,Berlin,Consumer,2025-10-29
1865,Customer_1865,Leipzig,Consumer,2024-04-03
1866,Customer_1866,Stuttgart,Corporate,2024-04-14
1867,Customer_1867,Dresden,Corporate,2025-03-20
1868,Customer_1868,Düsseldorf,Consumer,2024-05-20
1869,Customer_1869,Frankfurt,Small Business,2023-03-25
1870,Customer_1870,Berlin,Consumer,2023-02-28
1871,Customer_1871,Bremen,Small Business,2025-11-10
1872,Customer_1872,Dresden,Consumer,2025-07-06
1873,Customer_1873,Frankfurt,Consumer,2023-06-06
1874,Customer_1874,Hamburg,Consumer,2024-07-29
1875,Customer_1875,Düsseldorf,Consumer,2025-04-16
1876,Customer_1876,Berlin,Consumer,2024-11-10
1877,Customer_1877,Berlin,Consumer,2023-07-22
1878,Customer_1878,Berlin,Consumer,2023-11-14
1879,Customer_1879,Hamburg,Corporate,2024-02-10
1880,Customer_1880,Stuttgart,Consumer,2025-09-12
1881,Customer_1881,Bremen,Consumer,2025-08-06
1882,Customer_1882,Hamburg,Consumer,2025-12-29
1883,Customer_1883,Leipzig,Corporate,2024-05-09
1884,Customer_1884,Bremen,Consumer,2024-11-09
1885,Customer_1885,Munich,Small Business,2025-04-14
1886,Customer_1886,Düsseldorf,Corporate,2023-07-13
1887,Customer_1887,Hamburg,Consumer,2023-11-04
1888,Customer_1888,Frankfurt,Consumer,2024-05-20
1889,Customer_1889,Bremen,Consumer,2023-10-08
1890,Customer_1890,Leipzig,Consumer,2024-11-05
1891,Customer_1891,Munich,Small Business,2025-07-21
1892,Customer_1892,Stuttgart,Small Business,2024-12-15
1893,Customer_1893,Frankfurt,Consumer,2024-08-30
1894,Customer_1894,Bremen,Consumer,2024-04-27
1895,Customer_1895,Düsseldorf,Corporate,2023-04-27
1896,Customer_1896,Frankfurt,Consumer,2025-08-25
1897,Customer_1897,Munich,Consumer,2023-07-11
1898,Customer_1898,Frankfurt,Consumer,2025-02-26
1899,Customer_1899,Cologne,Consumer,2024-09-09
1900,Customer_1900,Dresden,Corporate,2024-05-30
1901,Customer_1901,Stuttgart,Consumer,2023-11-03
1902,Customer_1902,Munich,Consumer,2024-06-15
1903,Customer_1903,Frankfurt,Small Business,2023-05-02
1904,Customer_1904,Dresden,Consumer,2024-10-10
1905,Customer_1905,Dresden,Small Business,2024-08-14
1906,Customer_1906,Frankfurt,Consumer,2025-05-19
1907,Customer_1907,Düsseldorf,Consumer,2023-02-28
1908,Customer_1908,Cologne,Small Business,2023-10-28
1909,Customer_1909,Hamburg,Consumer,2024-07-06
1910,Customer_1910,Cologne,Consumer,2024-02-03
1911,Customer_1911,Frankfurt,Consumer,2024-05-29
1912,Customer_1912,Stuttgart,Consumer,2025-03-15
1913,Customer_1913,Hamburg,Consumer,2024-05-12
1914,Customer_1914,Munich,Small Business,2025-07-30
1915,Customer_1915,Cologne,Small Business,2024-06-11
1916,Customer_1916,Frankfurt,Small Business,2024-02-02
1917,Customer_1917,Cologne,Consumer,2024-03-11
1918,Customer_1918,Hamburg,Consumer,2025-04-19
1919,Customer_1919,Leipzig,Consumer,2023-12-26
1920,Customer_1920,Bremen,Small Business,2025-05-13
1921,Customer_1921,Cologne,Consumer,2024-09-25
1922,Customer_1922,Munich,Consumer,2023-08-02
1923,Customer_1923,Munich,Corporate,2025-07-04
1924,Customer_1924,Berlin,Consumer,2024-08-14
1925,Customer_1925,Cologne,Consumer,2023-05-15
1926,Customer_1926,Bremen,Small Business,2025-01-23
1927,Customer_1927,Düsseldorf,Small Business,2024-01-21
1928,Customer_1928,Dresden,Consumer,2024-01-24
1929,Customer_1929,Bremen,Consumer,2025-01-13
1930,Customer_1930,Dresden,Small Business,2024-12-04
1931,Customer_1931,Dresden,Consumer,2025-07-13
1932,Customer_1932,Leipzig,Consumer,2025-02-11
1933,Customer_1933,Berlin,Consumer,2025-05-13
1934,Customer_1934,Bremen,Consumer,2025-11-25
1935,Customer_1935,Bremen,Consumer,2023-03-20
1936,Customer_1936,Leipzig,Consumer,2024-11-04
1937,Customer_1937,Cologne,Consumer,2023-11-08
1938,Customer_1938,Cologne,Consumer,2023-07-23
1939,Customer_1939,Cologne,Small Business,2025-09-11
1940,Customer_1940,Stuttgart,Corporate,2023-01-17
1941,Customer_1941,Dresden,Corporate,2024-04-20
1942,Customer_1942,Stuttgart,Consumer,2025-10-13
1943,Customer_1943,Berlin,Consumer,2023-07-29
1944,Customer_1944,Leipzig,Consumer,2024-05-13
1945,Customer_1945,Bremen,Small Business,2024-03-04
1946,Customer_1946,Dresden,Consumer,2023-02-27
1947,Customer_1947,Stuttgart,Consumer,2025-09-20
1948,Customer_1948,Stuttgart,Corporate,2024-06-05
1949,Customer_1949,Frankfurt,Consumer,2024-08-03
1950,Customer_1950,Stuttgart,Consumer,2025-06-17
1951,Customer_1951,Düsseldorf,Small Business,2024-09-12
1952,Customer_1952,Bremen,Small Business,2025-12-03
1953,Customer_1953,Düsseldorf,Consumer,2025-08-23
1954,Customer_1954,Bremen,Small Business,2025-06-28
1955,Customer_1955,Leipzig,Corporate,2024-05-07
1956,Customer_1956,Bremen,Corporate,2024-05-13
1957,Customer_1957,Düsseldorf,Consumer,2025-11-07
1958,Customer_1958,Bremen,Consumer,2024-08-27
1959,Customer_1959,Leipzig,Consumer,2025-08-05
1960,Customer_1960,Leipzig,Small Business,2023-10-21
1961,Customer_1961,Berlin,Consumer,2023-06-21
1962,Customer_1962,Bremen,Consumer,2024-06-14
1963,Customer_1963,Frankfurt,Consumer,2023-03-07
1964,Customer_1964,Cologne,Corporate,2023-05-21
1965,Customer_1965,Munich,Consumer,2024-03-21
1966,Customer_1966,Leipzig,Consumer,2023-07-08
1967,Customer_1967,Hamburg,Consumer,2023-06-07
1968,Customer_1968,Cologne,Consumer,2024-10-31
1969,Customer_1969,Dresden,Corporate,2023-09-03
1970,Customer_1970,Bremen,Corporate,2025-05-05
1971,Customer_1971,Düsseldorf,Consumer,2025-08-01
1972,Customer_1972,Munich,Consumer,2025-01-17
1973,Customer_1973,Hamburg,Corporate,2025-11-22
1974,Customer_1974,Cologne,Consumer,2023-11-26
1975,Customer_1975,Bremen,Consumer,2024-05-26
1976,Customer_1976,Berlin,Small Business,2025-04-29
1977,Customer_1977,Dresden,Consumer,2025-12-30
1978,Customer_1978,Munich,Small Business,2023-03-20
1979,Customer_1979,Frankfurt,Consumer,2023-06-18
1980,Customer_1980,Berlin,Consumer,2025-03-20
1981,Customer_1981,Hamburg,Consumer,2025-09-09
1982,Customer_1982,Munich,Small Business,2023-06-29
1983,Customer_1983,Berlin,Consumer,2023-09-17
1984,Customer_1984,Dresden,Consumer,2025-10-25
1985,Customer_1985,Frankfurt,Small Business,2023-10-24
1986,Customer_1986,Berlin,Consumer,2024-09-11
1987,Customer_1987,Stuttgart,Consumer,2025-05-04
1988,Customer_1988,Frankfurt,Consumer,2023-12-26
1989,Customer_1989,Hamburg,Corporate,2023-04-27
1990,Customer_1990,Dresden,Consumer,2023-12-23
1991,Customer_1991,Bremen,Consumer,2025-08-14
1992,Customer_1992,Düsseldorf,Consumer,2024-03-14
1993,Customer_1993,Düsseldorf,Consumer,2024-06-05
1994,Customer_1994,Düsseldorf,Small Business,2023-07-18
1995,Customer_1995,Munich,Small Business,2025-12-09
1996,Customer_1996,Hamburg,Corporate,2024-10-31
1997,Customer_1997,Dresden,Corporate,2025-11-19
1998,Customer_1998,Frankfurt,Corporate,2023-01-31
1999,Customer_1999,Munich,Consumer,2025-10-04
2000,Customer_2000,Hamburg,Corporate,2023-11-29
2001,Customer_2001,Bremen,Consumer,2024-10-21
2002,Customer_2002,Stuttgart,Consumer,2023-06-26
2003,Customer_2003,Dresden,Corporate,2024-01-05
2004,Customer_2004,Düsseldorf,Consumer,2024-06-30
2005,Customer_2005,Berlin,Small Business,2024-06-18
2006,Customer_2006,Dresden,Consumer,2023-04-07
2007,Customer_2007,Leipzig,Consumer,2023-08-18
2008,Customer_2008,Hamburg,Consumer,2023-08-15
2009,Customer_2009,Cologne,Consumer,2024-01-06
2010,Customer_2010,Bremen,Corporate,2023-02-24
2011,Customer_2011,Stuttgart,Consumer,2024-02-28
2012,Customer_2012,Bremen,Consumer,2023-11-11
2013,Customer_2013,Dresden,Consumer,2023-02-01
2014,Customer_2014,Cologne,Consumer,2023-04-03
2015,Customer_2015,Leipzig,Consumer,2024-06-02
2016,Customer_2016,Frankfurt,Small Business,2025-05-02
2017,Customer_2017,Berlin,Consumer,2025-01-21
2018,Customer_2018,Cologne,Corporate,2024-02-20
2019,Customer_2019,Hamburg,Small Business,2024-07-10
2020,Customer_2020,Düsseldorf,Consumer,2024-01-01
2021,Customer_2021,Leipzig,Corporate,2024-08-21
2022,Customer_2022,Berlin,Corporate,2023-11-27
2023,Customer_2023,Stuttgart,Consumer,2024-11-19
2024,Customer_2024,Düsseldorf,Consumer,2023-01-11
2025,Customer_2025,Dresden,Consumer,2025-03-28
2026,Customer_2026,Cologne,Small Business,2024-02-23
2027,Customer_2027,Berlin,Small Business,2025-06-29
2028,Customer_2028,Munich,Corporate,2023-12-14
2029,Customer_2029,Frankfurt,Consumer,2025-08-15
2030,Customer_2030,Frankfurt,Consumer,2024-02-16
2031,Customer_2031,Leipzig,Consumer,2023-06-02
2032,Customer_2032,Stuttgart,Consumer,2023-04-02
2033,Customer_2033,Leipzig,Consumer,2023-11-27
2034,Customer_2034,Munich,Small Business,2025-08-12
2035,Customer_2035,Hamburg,Small Business,2025-08-27
2036,Customer_2036,Stuttgart,Corporate,2024-07-07
2037,Customer_2037,Bremen,Consumer,2025-07-18
2038,Customer_2038,Hamburg,Consumer,2023-07-13
2039,Customer_2039,Stuttgart,Consumer,2024-06-13
2040,Customer_2040,Stuttgart,Corporate,2025-04-24
2041,Customer_2041,Munich,Corporate,2024-09-30
2042,Customer_2042,Dresden,Consumer,2024-04-22
2043,Customer_2043,Munich,Consumer,2024-04-24
2044,Customer_2044,Stuttgart,Consumer,2023-10-15
2045,Customer_2045,Berlin,Consumer,2024-11-28
2046,Customer_2046,Hamburg,Consumer,2024-11-25
2047,Customer_2047,Munich,Consumer,2024-06-23
2048,Customer_2048,Dresden,Consumer,2023-11-26
2049,Customer_2049,Cologne,Small Business,2024-04-14
2050,Customer_2050,Leipzig,Consumer,2025-04-28
2051,Customer_2051,Stuttgart,Consumer,2024-06-17
2052,Customer_2052,Bremen,Consumer,2024-04-11
2053,Customer_2053,Cologne,Consumer,2025-09-03
2054,Customer_2054,Frankfurt,Consumer,2024-02-24
2055,Customer_2055,Düsseldorf,Consumer,2025-01-31
2056,Customer_2056,Dresden,Consumer,2025-10-02
2057,Customer_2057,Bremen,Consumer,2025-06-09
2058,Customer_2058,Düsseldorf,Corporate,2023-11-04
2059,Customer_2059,Dresden,Consumer,2025-07-12
2060,Customer_2060,Berlin,Corporate,2023-11-30
2061,Customer_2061,Leipzig,Consumer,2025-08-11
2062,Customer_2062,Cologne,Consumer,2025-10-18
2063,Customer_2063,Hamburg,Consumer,2025-02-27
2064,Customer_2064,Dresden,Consumer,2025-04-11
2065,Customer_2065,Hamburg,Small Business,2025-04-23
2066,Customer_2066,Leipzig,Corporate,2023-09-07
2067,Customer_2067,Stuttgart,Small Business,2023-07-03
2068,Customer_2068,Frankfurt,Small Business,2025-03-09
2069,Customer_2069,Cologne,Consumer,2023-07-05
2070,Customer_2070,Leipzig,Consumer,2025-12-28
2071,Customer_2071,Leipzig,Consumer,2025-04-17
2072,Customer_2072,Berlin,Small Business,2024-09-18
2073,Customer_2073,Düsseldorf,Corporate,2025-05-08
2074,Customer_2074,Frankfurt,Consumer,2023-01-08
2075,Customer_2075,Cologne,Corporate,2025-02-21
2076,Customer_2076,Stuttgart,Consumer,2025-02-13
2077,Customer_2077,Stuttgart,Consumer,2025-10-03
2078,Customer_2078,Munich,Consumer,2024-11-07
2079,Customer_2079,Leipzig,Corporate,2023-07-30
2080,Customer_2080,Dresden,Small Business,2024-05-04
2081,Customer_2081,Berlin,Consumer,2024-09-30
2082,Customer_2082,Frankfurt,Consumer,2023-07-10
2083,Customer_2083,Stuttgart,Consumer,2024-11-01
2084,Customer_2084,Cologne,Corporate,2025-04-22
2085,Customer_2085,Munich,Consumer,2023-12-01
2086,Customer_2086,Cologne,Consumer,2024-08-01
2087,Customer_2087,Berlin,Consumer,2023-03-03
2088,Customer_2088,Dresden,Consumer,2024-01-22
2089,Customer_2089,Munich,Consumer,2023-06-02
2090,Customer_2090,Munich,Corporate,2024-09-10
2091,Customer_2091,Düsseldorf,Consumer,2024-11-28
2092,Customer_2092,Frankfurt,Corporate,2023-06-27
2093,Customer_2093,Munich,Consumer,2025-04-26
2094,Customer_2094,Düsseldorf,Consumer,2024-05-01
2095,Customer_2095,Düsseldorf,Consumer,2024-05-14
2096,Customer_2096,Berlin,Corporate,2024-06-24
2097,Customer_2097,Hamburg,Small Business,2023-01-13
2098,Customer_2098,Cologne,Small Business,2023-05-31
2099,Customer_2099,Dresden,Consumer,2025-12-09
2100,Customer_2100,Bremen,Consumer,2025-09-17
2101,Customer_2101,Cologne,Corporate,2024-10-05
2102,Customer_2102,Munich,Corporate,2024-01-07
2103,Customer_2103,Dresden,Consumer,2023-09-09
2104,Customer_2104,Stuttgart,Corporate,2023-02-22
2105,Customer_2105,Hamburg,Consumer,2023-07-12
2106,Customer_2106,Stuttgart,Consumer,2024-08-13
2107,Customer_2107,Stuttgart,Consumer,2025-12-16
2108,Customer_2108,Frankfurt,Consumer,2023-04-07
2109,Customer_2109,Cologne,Consumer,2023-07-17
2110,Customer_2110,Bremen,Consumer,2023-05-27
2111,Customer_2111,Berlin,Consumer,2024-12-23
2112,Customer_2112,Bremen,Consumer,2024-11-14
2113,Customer_2113,Stuttgart,Consumer,2025-11-01
2114,Customer_2114,Munich,Corporate,2023-11-29
2115,Customer_2115,Hamburg,Consumer,2024-05-26
2116,Customer_2116,Leipzig,Consumer,2023-06-21
2117,Customer_2117,Bremen,Consumer,2024-07-17
2118,Customer_2118,Stuttgart,Small Business,2024-05-26
2119,Customer_2119,Hamburg,Consumer,2023-04-15
2120,Customer_2120,Dresden,Consumer,2024-11-04
2121,Customer_2121,Cologne,Consumer,2025-03-17
2122,Customer_2122,Düsseldorf,Corporate,2025-11-30
2123,Customer_2123,Frankfurt,Consumer,2025-06-07
2124,Customer_2124,Hamburg,Consumer,2025-05-25
2125,Customer_2125,Munich,Consumer,2024-11-07
2126,Customer_2126,Munich,Consumer,2023-11-17
2127,Customer_2127,Hamburg,Corporate,2023-12-01
2128,Customer_2128,Munich,Small Business,2023-09-21
2129,Customer_2129,Cologne,Consumer,2025-05-14
2130,Customer_2130,Munich,Corporate,2023-12-18
2131,Customer_2131,Bremen,Consumer,2024-11-06
2132,Customer_2132,Düsseldorf,Consumer,2025-07-07
2133,Customer_2133,Munich,Corporate,2023-01-05
2134,Customer_2134,Düsseldorf,Consumer,2023-02-03
2135,Customer_2135,Stuttgart,Small Business,2023-12-17
2136,Customer_2136,Berlin,Consumer,2024-08-05
2137,Customer_2137,Cologne,Consumer,2024-04-09
2138,Customer_2138,Berlin,Consumer,2023-12-14
2139,Customer_2139,Stuttgart,Consumer,2023-05-05
2140,Customer_2140,Cologne,Corporate,2023-12-23
2141,Customer_2141,Hamburg,Consumer,2024-06-10
2142,Customer_2142,Hamburg,Corporate,2024-05-12
2143,Customer_2143,Düsseldorf,Consumer,2023-02-22
2144,Customer_2144,Stuttgart,Consumer,2023-05-29
2145,Customer_2145,Düsseldorf,Small Business,2024-05-17
2146,Customer_2146,Frankfurt,Corporate,2025-05-19
2147,Customer_2147,Munich,Consumer,2023-08-07
2148,Customer_2148,Leipzig,Corporate,2024-03-27
2149,Customer_2149,Frankfurt,Consumer,2023-03-24
2150,Customer_2150,Munich,Consumer,2025-01-07
2151,Customer_2151,Cologne,Consumer,2024-06-10
2152,Customer_2152,Düsseldorf,Small Business,2024-02-08
2153,Customer_2153,Cologne,Consumer,2023-10-17
2154,Customer_2154,Cologne,Corporate,2024-02-24
2155,Customer_2155,Munich,Consumer,2023-12-05
2156,Customer_2156,Stuttgart,Corporate,2025-02-15
2157,Customer_2157,Munich,Consumer,2024-12-11
2158,Customer_2158,Dresden,Corporate,2025-09-13
2159,Customer_2159,Hamburg,Consumer,2025-08-16
2160,Customer_2160,Hamburg,Corporate,2024-11-16
2161,Customer_2161,Frankfurt,Small Business,2025-11-25
2162,Customer_2162,Hamburg,Corporate,2024-01-08
2163,Customer_2163,Munich,Consumer,2025-09-20
2164,Customer_2164,Bremen,Small Business,2024-06-14
2165,Customer_2165,Düsseldorf,Consumer,2025-07-12
2166,Customer_2166,Munich,Corporate,2023-01-23
2167,Customer_2167,Munich,Small Business,2023-04-14
2168,Customer_2168,Leipzig,Consumer,2023-08-29
2169,Customer_2169,Düsseldorf,Consumer,2025-10-01
2170,Customer_2170,Dresden,Consumer,2025-06-21
2171,Customer_2171,Hamburg,Consumer,2025-03-24
2172,Customer_2172,Düsseldorf,Consumer,2024-10-16
2173,Customer_2173,Hamburg,Consumer,2025-02-21
2174,Customer_2174,Frankfurt,Consumer,2023-11-03
2175,Customer_2175,Düsseldorf,Consumer,2023-01-08
2176,Customer_2176,Hamburg,Consumer,2025-12-28
2177,Customer_2177,Dresden,Consumer,2024-07-28
2178,Customer_2178,Berlin,Small Business,2025-12-27
2179,Customer_2179,Cologne,Consumer,2025-06-30
2180,Customer_2180,Cologne,Small Business,2024-06-01
2181,Customer_2181,Dresden,Consumer,2025-11-20
2182,Customer_2182,Leipzig,Consumer,2024-04-27
2183,Customer_2183,Berlin,Corporate,2023-07-26
2184,Customer_2184,Frankfurt,Consumer,2024-10-30
2185,Customer_2185,Dresden,Consumer,2024-08-01
2186,Customer_2186,Cologne,Consumer,2024-01-22
2187,Customer_2187,Cologne,Consumer,2024-02-16
2188,Customer_2188,Cologne,Consumer,2025-06-09
2189,Customer_2189,Stuttgart,Consumer,2025-06-24
2190,Customer_2190,Dresden,Consumer,2025-08-20
2191,Customer_2191,Munich,Consumer,2025-08-22
2192,Customer_2192,Frankfurt,Consumer,2023-05-20
2193,Customer_2193,Cologne,Consumer,2023-10-27
2194,Customer_2194,Hamburg,Consumer,2025-11-02
2195,Customer_2195,Dresden,Consumer,2024-10-25
2196,Customer_2196,Stuttgart,Small Business,2025-04-04
2197,Customer_2197,Dresden,Consumer,2024-02-04
2198,Customer_2198,Frankfurt,Consumer,2025-09-18
2199,Customer_2199,Stuttgart,Consumer,2023-05-29
2200,Customer_2200,Frankfurt,Small Business,2023-11-03
2201,Customer_2201,Dresden,Consumer,2025-12-19
2202,Customer_2202,Munich,Small Business,2024-03-10
2203,Customer_2203,Frankfurt,Consumer,2023-01-21
2204,Customer_2204,Stuttgart,Consumer,2025-05-24
2205,Customer_2205,Stuttgart,Small Business,2024-01-17
2206,Customer_2206,Frankfurt,Consumer,2023-09-02
2207,Customer_2207,Bremen,Consumer,2024-11-28
2208,Customer_2208,Dresden,Corporate,2024-08-12
2209,Customer_2209,Bremen,Small Business,2024-01-25
2210,Customer_2210,Leipzig,Consumer,2024-07-21
2211,Customer_2211,Dresden,Consumer,2023-09-16
2212,Customer_2212,Frankfurt,Corporate,2024-03-01
2213,Customer_2213,Berlin,Corporate,2025-10-26
2214,Customer_2214,Frankfurt,Small Business,2023-01-06
2215,Customer_2215,Bremen,Corporate,2023-07-10
2216,Customer_2216,Munich,Consumer,2023-05-28
2217,Customer_2217,Frankfurt,Small Business,2024-02-09
2218,Customer_2218,Frankfurt,Consumer,2023-09-15
2219,Customer_2219,Munich,Consumer,2024-12-30
2220,Customer_2220,Frankfurt,Consumer,2023-03-31
2221,Customer_2221,Cologne,Consumer,2025-04-03
2222,Customer_2222,Berlin,Consumer,2023-01-10
2223,Customer_2223,Hamburg,Corporate,2025-04-17
2224,Customer_2224,Berlin,Consumer,2025-09-14
2225,Customer_2225,Frankfurt,Consumer,2024-09-16
2226,Customer_2226,Cologne,Corporate,2023-01-30
2227,Customer_2227,Dresden,Consumer,2023-05-08
2228,Customer_2228,Frankfurt,Consumer,2024-02-25
2229,Customer_2229,Bremen,Consumer,2025-12-14
2230,Customer_2230,Cologne,Small Business,2023-11-01
2231,Customer_2231,Munich,Consumer,2024-06-29
2232,Customer_2232,Cologne,Consumer,2023-01-22
2233,Customer_2233,Munich,Consumer,2024-01-26
2234,Customer_2234,Leipzig,Consumer,2024-09-08
2235,Customer_2235,Hamburg,Consumer,2023-05-29
2236,Customer_2236,Düsseldorf,Consumer,2023-10-26
2237,Customer_2237,Cologne,Consumer,2023-06-21
2238,Customer_2238,Stuttgart,Small Business,2023-02-16
2239,Customer_2239,Bremen,Consumer,2024-09-17
2240,Customer_2240,Frankfurt,Consumer,2023-07-26
2241,Customer_2241,Bremen,Consumer,2024-03-28
2242,Customer_2242,Berlin,Consumer,2025-07-13
2243,Customer_2243,Düsseldorf,Corporate,2025-01-23
2244,Customer_2244,Berlin,Consumer,2024-12-08
2245,Customer_2245,Leipzig,Consumer,2025-10-05
2246,Customer_2246,Düsseldorf,Corporate,2024-11-06
2247,Customer_2247,Düsseldorf,Consumer,2025-05-04
2248,Customer_2248,Berlin,Consumer,2025-02-21
2249,Customer_2249,Munich,Consumer,2024-11-14
2250,Customer_2250,Berlin,Consumer,2025-08-20
2251,Customer_2251,Bremen,Consumer,2025-05-13
2252,Customer_2252,Munich,Consumer,2023-06-17
2253,Customer_2253,Bremen,Consumer,2023-03-27
2254,Customer_2254,Leipzig,Small Business,2025-04-28
2255,Customer_2255,Frankfurt,Consumer,2025-12-10
2256,Customer_2256,Dresden,Consumer,2024-03-17
2257,Customer_2257,Munich,Consumer,2023-09-28
2258,Customer_2258,Leipzig,Consumer,2023-12-10
2259,Customer_2259,Stuttgart,Consumer,2024-05-17
2260,Customer_2260,Leipzig,Small Business,2025-10-30
2261,Customer_2261,Berlin,Corporate,2024-05-08
2262,Customer_2262,Berlin,Small Business,2023-09-01
2263,Customer_2263,Dresden,Small Business,2023-09-24
2264,Customer_2264,Leipzig,Consumer,2025-06-11
2265,Customer_2265,Hamburg,Consumer,2023-07-20
2266,Customer_2266,Frankfurt,Consumer,2023-08-27
2267,Customer_2267,Berlin,Consumer,2025-07-03
2268,Customer_2268,Dresden,Small Business,2025-08-26
2269,Customer_2269,Frankfurt,Consumer,2024-04-28
2270,Customer_2270,Leipzig,Small Business,2023-09-03
2271,Customer_2271,Leipzig,Consumer,2025-10-28
2272,Customer_2272,Düsseldorf,Small Business,2023-06-01
2273,Customer_2273,Dresden,Small Business,2023-07-30
2274,Customer_2274,Berlin,Corporate,2024-01-02
2275,Customer_2275,Hamburg,Corporate,2025-08-01
2276,Customer_2276,Leipzig,Consumer,2023-03-27
2277,Customer_2277,Hamburg,Corporate,2025-12-14
2278,Customer_2278,Leipzig,Small Business,2024-03-21
2279,Customer_2279,Berlin,Corporate,2024-09-11
2280,Customer_2280,Frankfurt,Consumer,2023-10-31
2281,Customer_2281,Cologne,Consumer,2023-05-12
2282,Customer_2282,Frankfurt,Corporate,2025-06-22
2283,Customer_2283,Leipzig,Consumer,2025-09-14
2284,Customer_2284,Bremen,Corporate,2023-02-16
2285,Customer_2285,Cologne,Consumer,2025-01-26
2286,Customer_2286,Cologne,Consumer,2024-11-20
2287,Customer_2287,Hamburg,Consumer,2025-11-13
2288,Customer_2288,Dresden,Consumer,2024-11-17
2289,Customer_2289,Hamburg,Consumer,2025-02-24
2290,Customer_2290,Hamburg,Consumer,2023-12-06
2291,Customer_2291,Bremen,Consumer,2024-02-16
2292,Customer_2292,Frankfurt,Consumer,2023-10-13
2293,Customer_2293,Frankfurt,Consumer,2025-04-29
2294,Customer_2294,Stuttgart,Corporate,2024-03-05
2295,Customer_2295,Leipzig,Small Business,2023-01-31
2296,Customer_2296,Bremen,Corporate,2024-08-25
2297,Customer_2297,Stuttgart,Small Business,2024-03-15
2298,Customer_2298,Berlin,Corporate,2025-09-11
2299,Customer_2299,Leipzig,Consumer,2024-02-16
2300,Customer_2300,Leipzig,Corporate,2024-06-11
2301,Customer_2301,Düsseldorf,Corporate,2023-11-06
2302,Customer_2302,Düsseldorf,Consumer,2025-08-06
2303,Customer_2303,Munich,Consumer,2024-11-04
2304,Customer_2304,Munich,Corporate,2024-03-12
2305,Customer_2305,Hamburg,Consumer,2024-12-04
2306,Customer_2306,Berlin,Consumer,2024-10-24
2307,Customer_2307,Cologne,Consumer,2023-12-31
2308,Customer_2308,Cologne,Consumer,2025-07-11
2309,Customer_2309,Düsseldorf,Consumer,2023-04-23
2310,Customer_2310,Düsseldorf,Consumer,2023-06-25
2311,Customer_2311,Düsseldorf,Consumer,2025-07-24
2312,Customer_2312,Bremen,Consumer,2024-01-17
2313,Customer_2313,Dresden,Corporate,2023-11-02
2314,Customer_2314,Munich,Small Business,2024-08-24
2315,Customer_2315,Bremen,Consumer,2023-12-09
2316,Customer_2316,Frankfurt,Corporate,2023-06-05
2317,Customer_2317,Cologne,Consumer,2024-12-12
2318,Customer_2318,Leipzig,Consumer,2025-12-14
2319,Customer_2319,Munich,Consumer,2024-02-07
2320,Customer_2320,Stuttgart,Consumer,2024-09-05
2321,Customer_2321,Frankfurt,Consumer,2025-03-07
2322,Customer_2322,Munich,Consumer,2024-09-14
2323,Customer_2323,Bremen,Corporate,2024-08-25
2324,Customer_2324,Berlin,Corporate,2023-06-26
2325,Customer_2325,Leipzig,Consumer,2024-03-24
2326,Customer_2326,Munich,Consumer,2025-01-12
2327,Customer_2327,Dresden,Consumer,2023-10-28
2328,Customer_2328,Düsseldorf,Consumer,2024-12-07
2329,Customer_2329,Düsseldorf,Corporate,2023-11-03
2330,Customer_2330,Leipzig,Consumer,2025-01-20
2331,Customer_2331,Bremen,Corporate,2025-05-18
2332,Customer_2332,Düsseldorf,Small Business,2023-08-02
2333,Customer_2333,Munich,Consumer,2024-04-27
2334,Customer_2334,Stuttgart,Small Business,2025-12-26
2335,Customer_2335,Cologne,Consumer,2023-05-13
2336,Customer_2336,Cologne,Consumer,2024-05-26
2337,Customer_2337,Frankfurt,Consumer,2023-07-30
2338,Customer_2338,Hamburg,Consumer,2025-09-14
2339,Customer_2339,Berlin,Consumer,2025-09-13
2340,Customer_2340,Leipzig,Consumer,2024-12-17
2341,Customer_2341,Frankfurt,Corporate,2023-09-10
2342,Customer_2342,Hamburg,Small Business,2023-02-07
2343,Customer_2343,Bremen,Corporate,2025-12-02
2344,Customer_2344,Dresden,Consumer,2024-09-20
2345,Customer_2345,Dresden,Corporate,2025-09-13
2346,Customer_2346,Berlin,Consumer,2023-02-15
2347,Customer_2347,Düsseldorf,Corporate,2023-11-01
2348,Customer_2348,Munich,Corporate,2023-08-21
2349,Customer_2349,Frankfurt,Small Business,2023-09-02
2350,Customer_2350,Frankfurt,Consumer,2025-01-29
2351,Customer_2351,Leipzig,Corporate,2025-04-18
2352,Customer_2352,Leipzig,Consumer,2023-06-07
2353,Customer_2353,Dresden,Small Business,2025-10-21
2354,Customer_2354,Dresden,Consumer,2023-08-05
2355,Customer_2355,Stuttgart,Consumer,2025-07-16
2356,Customer_2356,Stuttgart,Consumer,2024-05-21
2357,Customer_2357,Düsseldorf,Corporate,2025-01-30
2358,Customer_2358,Stuttgart,Consumer,2025-06-22
2359,Customer_2359,Munich,Consumer,2024-08-03
2360,Customer_2360,Munich,Small Business,2025-11-19
2361,Customer_2361,Frankfurt,Small Business,2024-09-18
2362,Customer_2362,Cologne,Consumer,2024-06-03
2363,Customer_2363,Munich,Consumer,2023-10-02
2364,Customer_2364,Hamburg,Corporate,2024-05-06
2365,Customer_2365,Dresden,Small Business,2025-04-06
2366,Customer_2366,Leipzig,Consumer,2025-08-08
2367,Customer_2367,Stuttgart,Consumer,2025-07-14
2368,Customer_2368,Frankfurt,Consumer,2025-04-26
2369,Customer_2369,Berlin,Corporate,2025-11-25
2370,Customer_2370,Leipzig,Consumer,2025-12-03
2371,Customer_2371,Hamburg,Consumer,2023-02-08
2372,Customer_2372,Stuttgart,Consumer,2023-08-27
2373,Customer_2373,Hamburg,Small Business,2025-11-02
2374,Customer_2374,Dresden,Consumer,2023-05-02
2375,Customer_2375,Dresden,Consumer,2023-05-24
2376,Customer_2376,Düsseldorf,Consumer,2024-11-14
2377,Customer_2377,Frankfurt,Corporate,2024-03-30
2378,Customer_2378,Leipzig,Consumer,2024-01-03
2379,Customer_2379,Bremen,Corporate,2025-01-28
2380,Customer_2380,Bremen,Consumer,2023-09-04
2381,Customer_2381,Leipzig,Small Business,2025-07-11
2382,Customer_2382,Berlin,Consumer,2025-12-04
2383,Customer_2383,Frankfurt,Consumer,2025-02-03
2384,Customer_2384,Hamburg,Consumer,2024-01-10
2385,Customer_2385,Berlin,Corporate,2023-07-26
2386,Customer_2386,Cologne,Consumer,2024-06-02
2387,Customer_2387,Leipzig,Small Business,2023-08-30
2388,Customer_2388,Hamburg,Corporate,2025-03-29
2389,Customer_2389,Bremen,Consumer,2023-10-29
2390,Customer_2390,Munich,Small Business,2024-12-01
2391,Customer_2391,Düsseldorf,Consumer,2023-10-15
2392,Customer_2392,Bremen,Corporate,2023-06-03
2393,Customer_2393,Frankfurt,Consumer,2024-02-27
2394,Customer_2394,Dresden,Consumer,2025-04-29
2395,Customer_2395,Munich,Corporate,2023-02-19
2396,Customer_2396,Düsseldorf,Consumer,2024-07-17
2397,Customer_2397,Düsseldorf,Consumer,2025-05-03
2398,Customer_2398,Cologne,Consumer,2025-06-01
2399,Customer_2399,Cologne,Consumer,2024-10-23
2400,Customer_2400,Stuttgart,Corporate,2024-07-18
2401,Customer_2401,Bremen,Consumer,2023-08-01
2402,Customer_2402,Bremen,Small Business,2025-12-25
2403,Customer_2403,Bremen,Consumer,2025-03-21
2404,Customer_2404,Stuttgart,Consumer,2025-04-29
2405,Customer_2405,Berlin,Corporate,2025-05-30
2406,Customer_2406,Düsseldorf,Consumer,2025-12-24
2407,Customer_2407,Munich,Small Business,2023-11-30
2408,Customer_2408,Frankfurt,Corporate,2023-02-01
2409,Customer_2409,Düsseldorf,Consumer,2025-05-17
2410,Customer_2410,Cologne,Consumer,2025-06-16
2411,Customer_2411,Hamburg,Consumer,2024-08-23
2412,Customer_2412,Dresden,Consumer,2025-09-14
2413,Customer_2413,Stuttgart,Corporate,2024-08-21
2414,Customer_2414,Leipzig,Consumer,2024-06-03
2415,Customer_2415,Hamburg,Consumer,2025-05-18
2416,Customer_2416,Frankfurt,Consumer,2023-01-16
2417,Customer_2417,Bremen,Consumer,2023-10-10
2418,Customer_2418,Cologne,Consumer,2023-12-27
2419,Customer_2419,Cologne,Small Business,2025-11-24
2420,Customer_2420,Cologne,Corporate,2023-04-23
2421,Customer_2421,Bremen,Corporate,2023-11-04
2422,Customer_2422,Leipzig,Corporate,2025-08-16
2423,Customer_2423,Stuttgart,Consumer,2025-12-12
2424,Customer_2424,Hamburg,Small Business,2025-04-13
2425,Customer_2425,Bremen,Consumer,2023-08-30
2426,Customer_2426,Frankfurt,Consumer,2023-01-31
2427,Customer_2427,Stuttgart,Consumer,2024-12-04
2428,Customer_2428,Frankfurt,Consumer,2025-05-18
2429,Customer_2429,Stuttgart,Corporate,2023-08-21
2430,Customer_2430,Leipzig,Consumer,2025-11-23
2431,Customer_2431,Dresden,Corporate,2025-08-08
2432,Customer_2432,Frankfurt,Consumer,2023-02-28
2433,Customer_2433,Bremen,Consumer,2025-02-09
2434,Customer_2434,Stuttgart,Corporate,2024-12-18
2435,Customer_2435,Cologne,Consumer,2023-10-29
2436,Customer_2436,Düsseldorf,Consumer,2025-03-13
2437,Customer_2437,Cologne,Consumer,2025-06-15
2438,Customer_2438,Berlin,Consumer,2023-04-22
2439,Customer_2439,Dresden,Corporate,2023-11-13
2440,Customer_2440,Dresden,Consumer,2024-10-29
2441,Customer_2441,Cologne,Small Business,2024-11-20
2442,Customer_2442,Hamburg,Small Business,2023-01-18
2443,Customer_2443,Leipzig,Corporate,2025-02-16
2444,Customer_2444,Frankfurt,Corporate,2023-12-26
2445,Customer_2445,Bremen,Consumer,2023-11-28
2446,Customer_2446,Dresden,Corporate,2024-06-11
2447,Customer_2447,Cologne,Consumer,2023-01-12
2448,Customer_2448,Cologne,Consumer,2023-07-31
2449,Customer_2449,Leipzig,Small Business,2024-10-02
2450,Customer_2450,Leipzig,Consumer,2023-10-10
2451,Customer_2451,Munich,Consumer,2025-02-18
2452,Customer_2452,Munich,Consumer,2025-11-19
2453,Customer_2453,Hamburg,Consumer,2025-10-29
2454,Customer_2454,Hamburg,Consumer,2024-11-07
2455,Customer_2455,Berlin,Consumer,2024-12-05
2456,Customer_2456,Hamburg,Consumer,2024-03-01
2457,Customer_2457,Stuttgart,Consumer,2024-08-13
2458,Customer_2458,Leipzig,Consumer,2023-04-01
2459,Customer_2459,Bremen,Consumer,2024-03-31
2460,Customer_2460,Stuttgart,Corporate,2024-03-19
2461,Customer_2461,Frankfurt,Consumer,2023-03-20
2462,Customer_2462,Cologne,Corporate,2025-07-15
2463,Customer_2463,Hamburg,Small Business,2023-04-13
2464,Customer_2464,Cologne,Corporate,2024-09-14
2465,Customer_2465,Dresden,Small Business,2025-09-16
2466,Customer_2466,Berlin,Small Business,2023-08-22
2467,Customer_2467,Dresden,Consumer,2024-10-05
2468,Customer_2468,Berlin,Corporate,2025-02-28
2469,Customer_2469,Munich,Small Business,2024-01-22
2470,Customer_2470,Cologne,Consumer,2025-04-26
2471,Customer_2471,Berlin,Consumer,2023-02-07
2472,Customer_2472,Düsseldorf,Small Business,2023-08-29
2473,Customer_2473,Stuttgart,Corporate,2025-11-15
2474,Customer_2474,Berlin,Consumer,2024-07-15
2475,Customer_2475,Berlin,Consumer,2025-03-16
2476,Customer_2476,Stuttgart,Corporate,2023-10-25
2477,Customer_2477,Cologne,Consumer,2025-03-15
2478,Customer_2478,Cologne,Consumer,2023-06-03
2479,Customer_2479,Stuttgart,Corporate,2025-01-01
2480,Customer_2480,Dresden,Consumer,2024-04-12
2481,Customer_2481,Düsseldorf,Consumer,2023-02-18
2482,Customer_2482,Bremen,Corporate,2023-02-15
2483,Customer_2483,Frankfurt,Corporate,2025-02-18
2484,Customer_2484,Düsseldorf,Consumer,2023-03-23
2485,Customer_2485,Cologne,Consumer,2025-12-03
2486,Customer_2486,Bremen,Consumer,2025-08-12
2487,Customer_2487,Munich,Small Business,2023-09-30
2488,Customer_2488,Hamburg,Consumer,2024-01-29
2489,Customer_2489,Berlin,Consumer,2025-02-28
2490,Customer_2490,Stuttgart,Consumer,2024-08-17
2491,Customer_2491,Stuttgart,Corporate,2023-02-27
2492,Customer_2492,Berlin,Consumer,2024-07-18
2493,Customer_2493,Hamburg,Consumer,2023-01-01
2494,Customer_2494,Frankfurt,Consumer,2023-08-04
2495,Customer_2495,Hamburg,Corporate,2025-02-04
2496,Customer_2496,Bremen,Consumer,2024-11-01
2497,Customer_2497,Hamburg,Consumer,2024-05-25
2498,Customer_2498,Bremen,Consumer,2025-07-03
2499,Customer_2499,Hamburg,Small Business,2023-04-05
2500,Customer_2500,Frankfurt,Consumer,2024-05-07
2501,Customer_2501,Frankfurt,Consumer,2025-02-03
2502,Customer_2502,Cologne,Consumer,2025-10-18
2503,Customer_2503,Berlin,Small Business,2023-05-30
2504,Customer_2504,Frankfurt,Consumer,2025-11-12
2505,Customer_2505,Bremen,Small Business,2025-01-25
2506,Customer_2506,Frankfurt,Corporate,2024-02-03
2507,Customer_2507,Cologne,Consumer,2024-02-14
2508,Customer_2508,Stuttgart,Corporate,2023-05-11
2509,Customer_2509,Bremen,Consumer,2025-05-04
2510,Customer_2510,Cologne,Consumer,2023-05-28
2511,Customer_2511,Dresden,Consumer,2024-01-16
2512,Customer_2512,Dresden,Consumer,2024-07-05
2513,Customer_2513,Munich,Small Business,2023-10-22
2514,Customer_2514,Hamburg,Consumer,2024-03-31
2515,Customer_2515,Berlin,Small Business,2023-06-18
2516,Customer_2516,Leipzig,Consumer,2024-12-10
2517,Customer_2517,Düsseldorf,Consumer,2023-02-06
2518,Customer_2518,Cologne,Small Business,2023-08-19
2519,Customer_2519,Stuttgart,Consumer,2023-09-11
2520,Customer_2520,Düsseldorf,Corporate,2023-11-25
2521,Customer_2521,Stuttgart,Consumer,2025-09-06
2522,Customer_2522,Düsseldorf,Consumer,2023-01-10
2523,Customer_2523,Cologne,Corporate,2024-03-21
2524,Customer_2524,Leipzig,Consumer,2025-07-10
2525,Customer_2525,Düsseldorf,Consumer,2025-04-15
2526,Customer_2526,Cologne,Small Business,2023-03-19
2527,Customer_2527,Frankfurt,Corporate,2023-07-12
2528,Customer_2528,Leipzig,Small Business,2024-02-05
2529,Customer_2529,Bremen,Corporate,2023-04-19
2530,Customer_2530,Stuttgart,Corporate,2025-03-02
2531,Customer_2531,Dresden,Consumer,2023-09-20
2532,Customer_2532,Hamburg,Consumer,2023-11-25
2533,Customer_2533,Dresden,Small Business,2023-12-29
2534,Customer_2534,Leipzig,Consumer,2023-09-16
2535,Customer_2535,Bremen,Consumer,2023-03-26
2536,Customer_2536,Stuttgart,Consumer,2023-11-04
2537,Customer_2537,Bremen,Consumer,2023-09-19
2538,Customer_2538,Düsseldorf,Small Business,2025-03-07
2539,Customer_2539,Stuttgart,Small Business,2024-09-22
2540,Customer_2540,Düsseldorf,Consumer,2024-11-10
2541,Customer_2541,Cologne,Consumer,2025-05-14
2542,Customer_2542,Leipzig,Corporate,2023-11-20
2543,Customer_2543,Cologne,Consumer,2025-07-13
2544,Customer_2544,Munich,Small Business,2024-12-27
2545,Customer_2545,Bremen,Consumer,2025-09-04
2546,Customer_2546,Düsseldorf,Consumer,2023-08-05
2547,Customer_2547,Frankfurt,Consumer,2024-03-23
2548,Customer_2548,Cologne,Small Business,2023-11-15
2549,Customer_2549,Munich,Corporate,2025-09-20
2550,Customer_2550,Berlin,Corporate,2023-02-06
2551,Customer_2551,Dresden,Consumer,2024-12-31
2552,Customer_2552,Stuttgart,Corporate,2025-10-07
2553,Customer_2553,Munich,Corporate,2025-11-23
2554,Customer_2554,Leipzig,Consumer,2023-02-08
2555,Customer_2555,Cologne,Consumer,2023-07-28
2556,Customer_2556,Leipzig,Consumer,2025-04-09
2557,Customer_2557,Dresden,Consumer,2025-05-05
2558,Customer_2558,Frankfurt,Consumer,2025-06-17
2559,Customer_2559,Bremen,Consumer,2024-08-23
2560,Customer_2560,Bremen,Consumer,2025-01-29
2561,Customer_2561,Leipzig,Consumer,2024-03-09
2562,Customer_2562,Düsseldorf,Consumer,2025-04-21
2563,Customer_2563,Frankfurt,Small Business,2023-02-01
2564,Customer_2564,Bremen,Consumer,2024-01-28
2565,Customer_2565,Frankfurt,Consumer,2025-06-28
2566,Customer_2566,Munich,Consumer,2023-07-11
2567,Customer_2567,Frankfurt,Corporate,2023-09-27
2568,Customer_2568,Hamburg,Consumer,2025-01-07
2569,Customer_2569,Dresden,Corporate,2023-03-18
2570,Customer_2570,Bremen,Consumer,2025-01-04
2571,Customer_2571,Frankfurt,Corporate,2025-06-02
2572,Customer_2572,Leipzig,Consumer,2023-10-11
2573,Customer_2573,Berlin,Corporate,2024-06-27
2574,Customer_2574,Hamburg,Consumer,2024-10-10
2575,Customer_2575,Hamburg,Consumer,2023-09-07
2576,Customer_2576,Düsseldorf,Consumer,2023-04-05
2577,Customer_2577,Frankfurt,Consumer,2023-01-17
2578,Customer_2578,Düsseldorf,Small Business,2023-04-27
2579,Customer_2579,Düsseldorf,Corporate,2025-09-09
2580,Customer_2580,Berlin,Consumer,2023-11-29
2581,Customer_2581,Munich,Consumer,2024-10-07
2582,Customer_2582,Frankfurt,Small Business,2023-04-26
2583,Customer_2583,Cologne,Consumer,2025-08-20
2584,Customer_2584,Bremen,Corporate,2025-04-26
2585,Customer_2585,Düsseldorf,Small Business,2023-11-12
2586,Customer_2586,Dresden,Small Business,2025-03-20
2587,Customer_2587,Stuttgart,Consumer,2024-01-07
2588,Customer_2588,Dresden,Consumer,2025-01-29
2589,Customer_2589,Berlin,Consumer,2025-05-26
2590,Customer_2590,Berlin,Corporate,2025-09-03
2591,Customer_2591,Leipzig,Consumer,2023-06-05
2592,Customer_2592,Munich,Consumer,2024-09-05
2593,Customer_2593,Bremen,Consumer,2025-11-02
2594,Customer_2594,Düsseldorf,Consumer,2024-05-22
2595,Customer_2595,Dresden,Corporate,2024-04-09
2596,Customer_2596,Stuttgart,Consumer,2025-02-21
2597,Customer_2597,Berlin,Consumer,2025-03-14
2598,Customer_2598,Berlin,Consumer,2023-08-08
2599,Customer_2599,Munich,Small Business,2023-01-15
2600,Customer_2600,Stuttgart,Consumer,2023-04-27
2601,Customer_2601,Stuttgart,Corporate,2023-11-27
2602,Customer_2602,Munich,Small Business,2023-02-25
2603,Customer_2603,Berlin,Consumer,2023-11-04
2604,Customer_2604,Bremen,Consumer,2023-08-10
2605,Customer_2605,Frankfurt,Small Business,2025-03-07
2606,Customer_2606,Frankfurt,Consumer,2023-05-31
2607,Customer_2607,Munich,Consumer,2023-04-22
2608,Customer_2608,Stuttgart,Consumer,2024-11-13
2609,Customer_2609,Düsseldorf,Consumer,2023-11-28
2610,Customer_2610,Munich,Corporate,2025-06-11
2611,Customer_2611,Bremen,Small Business,2023-06-10
2612,Customer_2612,Munich,Corporate,2023-10-05
2613,Customer_2613,Hamburg,Consumer,2025-06-15
2614,Customer_2614,Dresden,Consumer,2024-05-11
2615,Customer_2615,Stuttgart,Consumer,2024-10-16
2616,Customer_2616,Leipzig,Consumer,2025-11-25
2617,Customer_2617,Leipzig,Corporate,2023-10-30
2618,Customer_2618,Stuttgart,Consumer,2024-03-13
2619,Customer_2619,Bremen,Corporate,2024-12-26
2620,Customer_2620,Hamburg,Consumer,2025-11-21
2621,Customer_2621,Hamburg,Consumer,2023-07-05
2622,Customer_2622,Berlin,Consumer,2024-11-03
2623,Customer_2623,Dresden,Consumer,2025-09-27
2624,Customer_2624,Frankfurt,Consumer,2023-10-06
2625,Customer_2625,Cologne,Corporate,2024-11-13
2626,Customer_2626,Bremen,Corporate,2025-10-22
2627,Customer_2627,Cologne,Corporate,2025-10-07
2628,Customer_2628,Cologne,Small Business,2025-07-13
2629,Customer_2629,Stuttgart,Consumer,2024-01-15
2630,Customer_2630,Leipzig,Consumer,2025-04-14
2631,Customer_2631,Leipzig,Consumer,2025-09-25
2632,Customer_2632,Frankfurt,Corporate,2023-10-12
2633,Customer_2633,Stuttgart,Consumer,2024-02-25
2634,Customer_2634,Cologne,Corporate,2023-04-23
2635,Customer_2635,Düsseldorf,Consumer,2025-10-14
2636,Customer_2636,Leipzig,Small Business,2023-08-16
2637,Customer_2637,Bremen,Small Business,2024-06-11
2638,Customer_2638,Bremen,Consumer,2024-05-10
2639,Customer_2639,Berlin,Consumer,2023-01-31
2640,Customer_2640,Munich,Consumer,2023-06-11
2641,Customer_2641,Düsseldorf,Consumer,2024-12-05
2642,Customer_2642,Leipzig,Consumer,2024-12-22
2643,Customer_2643,Hamburg,Corporate,2024-03-21
2644,Customer_2644,Leipzig,Consumer,2025-01-13
2645,Customer_2645,Berlin,Consumer,2024-03-02
2646,Customer_2646,Bremen,Corporate,2024-05-18
2647,Customer_2647,Cologne,Consumer,2024-12-21
2648,Customer_2648,Hamburg,Consumer,2024-11-14
2649,Customer_2649,Stuttgart,Consumer,2024-08-04
2650,Customer_2650,Dresden,Corporate,2025-11-23
2651,Customer_2651,Cologne,Consumer,2025-01-05
2652,Customer_2652,Dresden,Small Business,2024-11-21
2653,Customer_2653,Düsseldorf,Consumer,2025-01-27
2654,Customer_2654,Munich,Consumer,2025-01-23
2655,Customer_2655,Hamburg,Consumer,2023-01-24
2656,Customer_2656,Frankfurt,Consumer,2023-02-24
2657,Customer_2657,Hamburg,Consumer,2025-11-15
2658,Customer_2658,Leipzig,Consumer,2025-03-14
2659,Customer_2659,Bremen,Consumer,2023-11-23
2660,Customer_2660,Leipzig,Consumer,2025-08-27
2661,Customer_2661,Leipzig,Consumer,2023-07-05
2662,Customer_2662,Düsseldorf,Corporate,2024-05-09
2663,Customer_2663,Cologne,Consumer,2025-11-01
2664,Customer_2664,Frankfurt,Consumer,2024-03-09
2665,Customer_2665,Frankfurt,Corporate,2023-07-27
2666,Customer_2666,Leipzig,Consumer,2023-05-13
2667,Customer_2667,Dresden,Corporate,2024-01-04
2668,Customer_2668,Düsseldorf,Consumer,2024-02-27
2669,Customer_2669,Leipzig,Consumer,2025-10-29
2670,Customer_2670,Munich,Small Business,2023-09-01
2671,Customer_2671,Bremen,Consumer,2025-02-20
2672,Customer_2672,Cologne,Corporate,2024-09-15
2673,Customer_2673,Stuttgart,Consumer,2024-07-20
2674,Customer_2674,Munich,Consumer,2024-06-10
2675,Customer_2675,Dresden,Small Business,2023-02-06
2676,Customer_2676,Hamburg,Consumer,2023-06-27
2677,Customer_2677,Hamburg,Corporate,2024-09-30
2678,Customer_2678,Munich,Consumer,2025-05-01
2679,Customer_2679,Leipzig,Consumer,2023-03-13
2680,Customer_2680,Stuttgart,Consumer,2023-12-18
2681,Customer_2681,Berlin,Small Business,2024-09-14
2682,Customer_2682,Berlin,Consumer,2023-04-15
2683,Customer_2683,Dresden,Consumer,2023-08-09
2684,Customer_2684,Leipzig,Small Business,2025-05-12
2685,Customer_2685,Frankfurt,Corporate,2024-06-01
2686,Customer_2686,Frankfurt,Consumer,2023-10-26
2687,Customer_2687,Cologne,Consumer,2025-05-10
2688,Customer_2688,Stuttgart,Consumer,2023-02-11
2689,Customer_2689,Stuttgart,Consumer,2025-02-09
2690,Customer_2690,Hamburg,Consumer,2025-06-15
2691,Customer_2691,Düsseldorf,Corporate,2024-05-06
2692,Customer_2692,Dresden,Consumer,2025-12-06
2693,Customer_2693,Berlin,Corporate,2023-03-26
2694,Customer_2694,Dresden,Corporate,2025-12-17
2695,Customer_2695,Frankfurt,Consumer,2025-09-17
2696,Customer_2696,Frankfurt,Consumer,2024-12-11
2697,Customer_2697,Munich,Consumer,2023-07-28
2698,Customer_2698,Cologne,Consumer,2023-02-08
2699,Customer_2699,Stuttgart,Corporate,2025-07-14
2700,Customer_2700,Bremen,Consumer,2025-01-31
2701,Customer_2701,Dresden,Consumer,2025-08-03
2702,Customer_2702,Frankfurt,Consumer,2023-02-21
2703,Customer_2703,Düsseldorf,Consumer,2024-01-09
2704,Customer_2704,Hamburg,Consumer,2025-07-19
2705,Customer_2705,Berlin,Consumer,2023-06-05
2706,Customer_2706,Cologne,Consumer,2024-11-09
2707,Customer_2707,Düsseldorf,Consumer,2023-12-17
2708,Customer_2708,Cologne,Small Business,2023-03-10
2709,Customer_2709,Munich,Corporate,2025-12-11
2710,Customer_2710,Bremen,Consumer,2024-10-15
2711,Customer_2711,Frankfurt,Consumer,2023-03-04
2712,Customer_2712,Hamburg,Consumer,2024-05-23
2713,Customer_2713,Düsseldorf,Consumer,2023-10-19
2714,Customer_2714,Cologne,Consumer,2025-03-31
2715,Customer_2715,Stuttgart,Consumer,2023-05-30
2716,Customer_2716,Munich,Consumer,2025-05-30
2717,Customer_2717,Stuttgart,Consumer,2024-12-04
2718,Customer_2718,Hamburg,Consumer,2024-05-30
2719,Customer_2719,Düsseldorf,Consumer,2023-01-30
2720,Customer_2720,Munich,Corporate,2023-11-22
2721,Customer_2721,Düsseldorf,Consumer,2025-08-06
2722,Customer_2722,Frankfurt,Consumer,2023-01-16
2723,Customer_2723,Leipzig,Consumer,2023-04-21
2724,Customer_2724,Munich,Small Business,2025-05-21
2725,Customer_2725,Stuttgart,Small Business,2024-12-13
2726,Customer_2726,Hamburg,Corporate,2023-04-17
2727,Customer_2727,Bremen,Consumer,2024-01-14
2728,Customer_2728,Frankfurt,Consumer,2023-06-11
2729,Customer_2729,Leipzig,Corporate,2023-10-10
2730,Customer_2730,Bremen,Consumer,2023-09-26
2731,Customer_2731,Berlin,Consumer,2024-04-28
2732,Customer_2732,Frankfurt,Small Business,2024-10-28
2733,Customer_2733,Hamburg,Consumer,2024-08-20
2734,Customer_2734,Cologne,Consumer,2025-03-09
2735,Customer_2735,Munich,Consumer,2025-03-08
2736,Customer_2736,Düsseldorf,Consumer,2024-01-25
2737,Customer_2737,Hamburg,Consumer,2024-02-20
2738,Customer_2738,Munich,Corporate,2024-03-01
2739,Customer_2739,Bremen,Corporate,2025-09-23
2740,Customer_2740,Düsseldorf,Consumer,2025-05-16
2741,Customer_2741,Dresden,Small Business,2023-03-27
2742,Customer_2742,Stuttgart,Consumer,2024-02-27
2743,Customer_2743,Berlin,Consumer,2023-04-28
2744,Customer_2744,Frankfurt,Corporate,2025-08-16
2745,Customer_2745,Hamburg,Corporate,2025-05-31
2746,Customer_2746,Berlin,Consumer,2025-09-18
2747,Customer_2747,Cologne,Small Business,2024-02-19
2748,Customer_2748,Munich,Corporate,2024-08-21
2749,Customer_2749,Munich,Small Business,2023-02-09
2750,Customer_2750,Hamburg,Consumer,2024-12-03
2751,Customer_2751,Leipzig,Corporate,2024-06-20
2752,Customer_2752,Leipzig,Small Business,2024-02-24
2753,Customer_2753,Dresden,Corporate,2024-10-25
2754,Customer_2754,Stuttgart,Consumer,2023-04-05
2755,Customer_2755,Düsseldorf,Consumer,2025-08-30
2756,Customer_2756,Cologne,Consumer,2024-10-11
2757,Customer_2757,Berlin,Consumer,2023-10-15
2758,Customer_2758,Leipzig,Small Business,2024-02-16
2759,Customer_2759,Dresden,Consumer,2024-02-04
2760,Customer_2760,Dresden,Consumer,2024-06-11
2761,Customer_2761,Hamburg,Small Business,2025-11-07
2762,Customer_2762,Cologne,Consumer,2023-05-16
2763,Customer_2763,Bremen,Consumer,2025-01-28
2764,Customer_2764,Düsseldorf,Consumer,2025-04-22
2765,Customer_2765,Stuttgart,Consumer,2024-12-10
2766,Customer_2766,Frankfurt,Consumer,2025-10-21
2767,Customer_2767,Hamburg,Small Business,2024-01-16
2768,Customer_2768,Düsseldorf,Consumer,2024-05-23
2769,Customer_2769,Frankfurt,Consumer,2025-03-16
2770,Customer_2770,Frankfurt,Consumer,2024-04-20
2771,Customer_2771,Cologne,Consumer,2025-08-11
2772,Customer_2772,Cologne,Consumer,2025-04-28
2773,Customer_2773,Berlin,Consumer,2025-06-15
2774,Customer_2774,Dresden,Consumer,2023-02-01
2775,Customer_2775,Düsseldorf,Corporate,2023-04-28
2776,Customer_2776,Hamburg,Consumer,2023-07-10
2777,Customer_2777,Munich,Consumer,2023-03-15
2778,Customer_2778,Hamburg,Corporate,2024-09-14
2779,Customer_2779,Berlin,Consumer,2025-05-20
2780,Customer_2780,Stuttgart,Consumer,2024-08-08
2781,Customer_2781,Dresden,Consumer,2024-02-24
2782,Customer_2782,Munich,Consumer,2024-04-17
2783,Customer_2783,Leipzig,Consumer,2023-04-24
2784,Customer_2784,Stuttgart,Consumer,2023-11-26
2785,Customer_2785,Cologne,Consumer,2023-12-05
2786,Customer_2786,Frankfurt,Consumer,2023-08-26
2787,Customer_2787,Leipzig,Consumer,2023-03-20
2788,Customer_2788,Hamburg,Consumer,2024-04-08
2789,Customer_2789,Hamburg,Corporate,2024-08-27
2790,Customer_2790,Cologne,Small Business,2024-07-15
2791,Customer_2791,Berlin,Small Business,2023-10-12
2792,Customer_2792,Düsseldorf,Consumer,2023-08-11
2793,Customer_2793,Leipzig,Consumer,2024-08-15
2794,Customer_2794,Leipzig,Consumer,2024-01-08
2795,Customer_2795,Bremen,Consumer,2025-06-29
2796,Customer_2796,Stuttgart,Consumer,2025-04-07
2797,Customer_2797,Dresden,Corporate,2023-08-24
2798,Customer_2798,Stuttgart,Consumer,2024-11-01
2799,Customer_2799,Düsseldorf,Consumer,2025-04-07
2800,Customer_2800,Hamburg,Small Business,2025-02-01
2801,Customer_2801,Hamburg,Consumer,2024-01-15
2802,Customer_2802,Hamburg,Consumer,2025-03-04
2803,Customer_2803,Bremen,Consumer,2024-09-05
2804,Customer_2804,Hamburg,Consumer,2024-07-16
2805,Customer_2805,Düsseldorf,Consumer,2024-02-24
2806,Customer_2806,Cologne,Consumer,2023-02-21
2807,Customer_2807,Dresden,Consumer,2025-03-29
2808,Customer_2808,Düsseldorf,Corporate,2023-07-24
2809,Customer_2809,Dresden,Corporate,2025-09-27
2810,Customer_2810,Düsseldorf,Small Business,2024-12-31
2811,Customer_2811,Hamburg,Corporate,2023-09-14
2812,Customer_2812,Cologne,Consumer,2023-07-04
2813,Customer_2813,Leipzig,Consumer,2023-05-25
2814,Customer_2814,Stuttgart,Consumer,2025-11-03
2815,Customer_2815,Frankfurt,Consumer,2023-09-03
2816,Customer_2816,Cologne,Corporate,2023-07-06
2817,Customer_2817,Leipzig,Corporate,2025-05-15
2818,Customer_2818,Berlin,Consumer,2023-02-09
2819,Customer_2819,Düsseldorf,Consumer,2024-08-23
2820,Customer_2820,Berlin,Consumer,2025-08-19
2821,Customer_2821,Leipzig,Small Business,2025-09-12
2822,Customer_2822,Cologne,Consumer,2023-01-09
2823,Customer_2823,Düsseldorf,Corporate,2023-12-16
2824,Customer_2824,Frankfurt,Corporate,2023-03-25
2825,Customer_2825,Hamburg,Small Business,2024-06-16
2826,Customer_2826,Düsseldorf,Corporate,2025-09-15
2827,Customer_2827,Düsseldorf,Corporate,2023-12-24
2828,Customer_2828,Cologne,Consumer,2024-01-13
2829,Customer_2829,Cologne,Consumer,2023-06-21
2830,Customer_2830,Leipzig,Consumer,2025-11-14
2831,Customer_2831,Munich,Consumer,2024-01-28
2832,Customer_2832,Düsseldorf,Small Business,2024-12-02
2833,Customer_2833,Stuttgart,Consumer,2024-07-02
2834,Customer_2834,Düsseldorf,Small Business,2025-02-22
2835,Customer_2835,Leipzig,Consumer,2023-11-28
2836,Customer_2836,Dresden,Consumer,2025-03-04
2837,Customer_2837,Berlin,Small Business,2024-10-10
2838,Customer_2838,Hamburg,Consumer,2025-09-09
2839,Customer_2839,Munich,Consumer,2025-11-18
2840,Customer_2840,Frankfurt,Consumer,2024-06-26
2841,Customer_2841,Frankfurt,Corporate,2025-11-08
2842,Customer_2842,Frankfurt,Consumer,2024-05-05
2843,Customer_2843,Cologne,Consumer,2023-10-10
2844,Customer_2844,Frankfurt,Consumer,2025-05-11
2845,Customer_2845,Hamburg,Corporate,2023-04-23
2846,Customer_2846,Berlin,Corporate,2025-05-11
2847,Customer_2847,Frankfurt,Consumer,2024-09-01
2848,Customer_2848,Düsseldorf,Consumer,2024-05-22
2849,Customer_2849,Düsseldorf,Corporate,2024-04-10
2850,Customer_2850,Cologne,Consumer,2025-04-03
2851,Customer_2851,Hamburg,Consumer,2024-08-31
2852,Customer_2852,Berlin,Consumer,2023-10-17
2853,Customer_2853,Munich,Small Business,2025-05-17
2854,Customer_2854,Leipzig,Consumer,2025-02-20
2855,Customer_2855,Berlin,Consumer,2023-06-11
2856,Customer_2856,Leipzig,Corporate,2024-09-15
2857,Customer_2857,Dresden,Consumer,2024-12-17
2858,Customer_2858,Leipzig,Consumer,2024-07-20
2859,Customer_2859,Stuttgart,Consumer,2025-09-20
2860,Customer_2860,Düsseldorf,Corporate,2024-08-18
2861,Customer_2861,Hamburg,Small Business,2025-08-16
2862,Customer_2862,Bremen,Consumer,2025-10-09
2863,Customer_2863,Cologne,Consumer,2024-04-19
2864,Customer_2864,Stuttgart,Consumer,2024-09-09
2865,Customer_2865,Leipzig,Small Business,2024-10-02
2866,Customer_2866,Frankfurt,Corporate,2023-09-19
2867,Customer_2867,Hamburg,Consumer,2023-06-11
2868,Customer_2868,Stuttgart,Consumer,2023-06-30
2869,Customer_2869,Cologne,Corporate,2024-12-25
2870,Customer_2870,Düsseldorf,Consumer,2024-04-13
2871,Customer_2871,Hamburg,Consumer,2023-01-21
2872,Customer_2872,Cologne,Consumer,2023-09-17
2873,Customer_2873,Dresden,Consumer,2024-04-10
2874,Customer_2874,Dresden,Consumer,2024-06-20
2875,Customer_2875,Cologne,Corporate,2025-08-09
2876,Customer_2876,Stuttgart,Consumer,2025-02-04
2877,Customer_2877,Hamburg,Consumer,2025-08-16
2878,Customer_2878,Stuttgart,Consumer,2025-07-22
2879,Customer_2879,Munich,Consumer,2025-04-30
2880,Customer_2880,Leipzig,Consumer,2024-06-16
2881,Customer_2881,Munich,Consumer,2023-01-15
2882,Customer_2882,Dresden,Corporate,2023-02-19
2883,Customer_2883,Düsseldorf,Consumer,2025-09-25
2884,Customer_2884,Berlin,Consumer,2023-10-31
2885,Customer_2885,Leipzig,Consumer,2024-02-20
2886,Customer_2886,Dresden,Consumer,2023-11-01
2887,Customer_2887,Stuttgart,Small Business,2023-07-15
2888,Customer_2888,Stuttgart,Consumer,2025-03-23
2889,Customer_2889,Stuttgart,Small Business,2025-03-10
2890,Customer_2890,Düsseldorf,Consumer,2024-01-23
2891,Customer_2891,Munich,Corporate,2025-01-26
2892,Customer_2892,Berlin,Consumer,2024-03-30
2893,Customer_2893,Stuttgart,Corporate,2024-12-13
2894,Customer_2894,Bremen,Consumer,2024-12-05
2895,Customer_2895,Leipzig,Consumer,2025-04-27
2896,Customer_2896,Hamburg,Corporate,2023-06-24
2897,Customer_2897,Bremen,Corporate,2025-12-25
2898,Customer_2898,Berlin,Consumer,2023-10-06
2899,Customer_2899,Düsseldorf,Consumer,2025-01-27
2900,Customer_2900,Berlin,Consumer,2023-12-29
2901,Customer_2901,Hamburg,Corporate,2023-06-20
2902,Customer_2902,Leipzig,Consumer,2025-12-10
2903,Customer_2903,Hamburg,Consumer,2024-10-26
2904,Customer_2904,Cologne,Corporate,2024-08-14
2905,Customer_2905,Leipzig,Small Business,2025-07-19
2906,Customer_2906,Berlin,Consumer,2023-10-01
2907,Customer_2907,Stuttgart,Corporate,2024-05-22
2908,Customer_2908,Berlin,Corporate,2023-12-29
2909,Customer_2909,Berlin,Consumer,2025-04-27
2910,Customer_2910,Leipzig,Consumer,2024-10-16
2911,Customer_2911,Cologne,Corporate,2023-10-25
2912,Customer_2912,Berlin,Consumer,2024-05-08
2913,Customer_2913,Bremen,Small Business,2024-06-29
2914,Customer_2914,Dresden,Consumer,2023-10-31
2915,Customer_2915,Frankfurt,Consumer,2025-06-22
2916,Customer_2916,Frankfurt,Small Business,2023-08-27
2917,Customer_2917,Berlin,Consumer,2024-10-11
2918,Customer_2918,Bremen,Consumer,2025-06-02
2919,Customer_2919,Stuttgart,Corporate,2024-02-14
2920,Customer_2920,Düsseldorf,Corporate,2024-12-26
2921,Customer_2921,Düsseldorf,Consumer,2025-11-12
2922,Customer_2922,Leipzig,Consumer,2023-11-14
2923,Customer_2923,Frankfurt,Corporate,2024-06-08
2924,Customer_2924,Berlin,Small Business,2025-06-23
2925,Customer_2925,Düsseldorf,Consumer,2025-10-20
2926,Customer_2926,Berlin,Small Business,2024-09-11
2927,Customer_2927,Leipzig,Small Business,2025-08-10
2928,Customer_2928,Frankfurt,Consumer,2025-03-11
2929,Customer_2929,Hamburg,Corporate,2025-07-04
2930,Customer_2930,Dresden,Consumer,2023-11-16
2931,Customer_2931,Dresden,Consumer,2025-05-25
2932,Customer_2932,Düsseldorf,Corporate,2023-11-25
2933,Customer_2933,Dresden,Small Business,2025-01-22
2934,Customer_2934,Hamburg,Corporate,2024-10-18
2935,Customer_2935,Berlin,Consumer,2025-11-03
2936,Customer_2936,Leipzig,Consumer,2023-03-12
2937,Customer_2937,Hamburg,Consumer,2025-04-06
2938,Customer_2938,Leipzig,Consumer,2025-05-14
2939,Customer_2939,Leipzig,Consumer,2025-07-16
2940,Customer_2940,Frankfurt,Consumer,2023-04-16
2941,Customer_2941,Berlin,Consumer,2025-02-08
2942,Customer_2942,Bremen,Corporate,2025-06-11
2943,Customer_2943,Dresden,Consumer,2023-07-15
2944,Customer_2944,Bremen,Consumer,2023-05-25
2945,Customer_2945,Frankfurt,Consumer,2024-04-15
2946,Customer_2946,Leipzig,Consumer,2023-08-04
2947,Customer_2947,Düsseldorf,Consumer,2023-09-17
2948,Customer_2948,Dresden,Consumer,2025-07-22
2949,Customer_2949,Dresden,Small Business,2024-07-28
2950,Customer_2950,Berlin,Consumer,2023-10-12
2951,Customer_2951,Cologne,Corporate,2024-04-28
2952,Customer_2952,Munich,Small Business,2024-01-07
2953,Customer_2953,Munich,Corporate,2023-03-11
2954,Customer_2954,Munich,Consumer,2024-01-14
2955,Customer_2955,Cologne,Small Business,2023-10-29
2956,Customer_2956,Berlin,Consumer,2023-09-12
2957,Customer_2957,Cologne,Consumer,2025-08-01
2958,Customer_2958,Munich,Small Business,2024-11-22
2959,Customer_2959,Frankfurt,Consumer,2025-04-13
2960,Customer_2960,Hamburg,Consumer,2024-12-17
2961,Customer_2961,Leipzig,Consumer,2024-02-28
2962,Customer_2962,Cologne,Consumer,2023-08-01
2963,Customer_2963,Berlin,Consumer,2023-04-10
2964,Customer_2964,Berlin,Consumer,2023-11-04
2965,Customer_2965,Bremen,Small Business,2024-11-08
2966,Customer_2966,Hamburg,Small Business,2024-04-19
2967,Customer_2967,Düsseldorf,Small Business,2023-04-22
2968,Customer_2968,Dresden,Consumer,2023-07-02
2969,Customer_2969,Munich,Corporate,2024-08-19
2970,Customer_2970,Düsseldorf,Small Business,2023-06-14
2971,Customer_2971,Bremen,Small Business,2025-03-25
2972,Customer_2972,Munich,Consumer,2023-03-31
2973,Customer_2973,Hamburg,Consumer,2024-03-30
2974,Customer_2974,Bremen,Consumer,2023-08-26
2975,Customer_2975,Munich,Consumer,2024-06-17
2976,Customer_2976,Hamburg,Consumer,2024-12-27
2977,Customer_2977,Stuttgart,Corporate,2023-02-27
2978,Customer_2978,Düsseldorf,Consumer,2024-06-25
2979,Customer_2979,Düsseldorf,Consumer,2025-10-18
2980,Customer_2980,Dresden,Consumer,2024-09-09
2981,Customer_2981,Hamburg,Consumer,2024-02-06
2982,Customer_2982,Cologne,Consumer,2025-10-02
2983,Customer_2983,Stuttgart,Corporate,2025-04-21
2984,Customer_2984,Frankfurt,Consumer,2025-04-18
2985,Customer_2985,Munich,Corporate,2024-06-02
2986,Customer_2986,Stuttgart,Consumer,2023-07-16
2987,Customer_2987,Hamburg,Consumer,2023-02-15
2988,Customer_2988,Leipzig,Consumer,2024-06-13
2989,Customer_2989,Munich,Small Business,2025-09-26
2990,Customer_2990,Berlin,Consumer,2025-02-14
2991,Customer_2991,Düsseldorf,Corporate,2023-03-15
2992,Customer_2992,Hamburg,Consumer,2023-12-01
2993,Customer_2993,Berlin,Small Business,2024-09-24
2994,Customer_2994,Dresden,Corporate,2024-11-18
2995,Customer_2995,Bremen,Consumer,2024-07-28
2996,Customer_2996,Frankfurt,Corporate,2023-10-23
2997,Customer_2997,Frankfurt,Consumer,2025-11-04
2998,Customer_2998,Berlin,Small Business,2024-04-22
2999,Customer_2999,Düsseldorf,Consumer,2024-09-24
3000,Customer_3000,Dresden,Consumer,2023-11-15
3001,Customer_3001,Leipzig,Corporate,2024-04-23
3002,Customer_3002,Düsseldorf,Corporate,2024-01-03
3003,Customer_3003,Stuttgart,Consumer,2024-01-02
3004,Customer_3004,Frankfurt,Corporate,2024-01-13
3005,Customer_3005,Stuttgart,Consumer,2024-04-07
3006,Customer_3006,Munich,Consumer,2023-01-13
3007,Customer_3007,Cologne,Corporate,2024-06-19
3008,Customer_3008,Hamburg,Consumer,2023-09-27
3009,Customer_3009,Dresden,Consumer,2025-12-29
3010,Customer_3010,Düsseldorf,Corporate,2024-01-11
3011,Customer_3011,Frankfurt,Consumer,2023-09-14
3012,Customer_3012,Stuttgart,Corporate,2023-08-05
3013,Customer_3013,Bremen,Consumer,2024-03-25
3014,Customer_3014,Munich,Consumer,2025-06-12
3015,Customer_3015,Hamburg,Consumer,2023-02-01
3016,Customer_3016,Hamburg,Consumer,2024-09-01
3017,Customer_3017,Düsseldorf,Corporate,2025-07-05
3018,Customer_3018,Dresden,Consumer,2024-06-25
3019,Customer_3019,Leipzig,Consumer,2023-05-28
3020,Customer_3020,Bremen,Small Business,2024-10-17
3021,Customer_3021,Düsseldorf,Consumer,2023-03-08
3022,Customer_3022,Stuttgart,Small Business,2024-07-23
3023,Customer_3023,Cologne,Consumer,2025-01-17
3024,Customer_3024,Berlin,Corporate,2024-03-18
3025,Customer_3025,Leipzig,Consumer,2025-06-15
3026,Customer_3026,Dresden,Small Business,2024-02-03
3027,Customer_3027,Munich,Corporate,2024-04-26
3028,Customer_3028,Leipzig,Consumer,2025-08-05
3029,Customer_3029,Frankfurt,Consumer,2023-07-05
3030,Customer_3030,Dresden,Corporate,2023-06-18
3031,Customer_3031,Cologne,Consumer,2024-05-21
3032,Customer_3032,Frankfurt,Consumer,2024-06-04
3033,Customer_3033,Leipzig,Consumer,2023-06-10
3034,Customer_3034,Berlin,Corporate,2023-12-06
3035,Customer_3035,Berlin,Consumer,2024-12-04
3036,Customer_3036,Cologne,Consumer,2025-04-02
3037,Customer_3037,Hamburg,Consumer,2025-02-23
3038,Customer_3038,Bremen,Small Business,2023-05-11
3039,Customer_3039,Munich,Small Business,2024-05-30
3040,Customer_3040,Hamburg,Small Business,2024-06-19
3041,Customer_3041,Berlin,Consumer,2025-01-10
3042,Customer_3042,Berlin,Small Business,2025-02-19
3043,Customer_3043,Stuttgart,Consumer,2024-08-10
3044,Customer_3044,Frankfurt,Consumer,2024-12-26
3045,Customer_3045,Leipzig,Consumer,2025-07-31
3046,Customer_3046,Munich,Consumer,2025-09-23
3047,Customer_3047,Cologne,Small Business,2024-01-11
3048,Customer_3048,Leipzig,Consumer,2023-07-23
3049,Customer_3049,Stuttgart,Corporate,2025-09-15
3050,Customer_3050,Berlin,Corporate,2024-10-22
3051,Customer_3051,Cologne,Corporate,2023-03-16
3052,Customer_3052,Berlin,Consumer,2025-01-10
3053,Customer_3053,Munich,Consumer,2023-10-31
3054,Customer_3054,Frankfurt,Corporate,2025-12-21
3055,Customer_3055,Leipzig,Consumer,2024-07-23
3056,Customer_3056,Leipzig,Consumer,2025-02-24
3057,Customer_3057,Hamburg,Consumer,2025-09-13
3058,Customer_3058,Cologne,Consumer,2023-08-17
3059,Customer_3059,Bremen,Small Business,2025-12-07
3060,Customer_3060,Stuttgart,Consumer,2023-09-25
3061,Customer_3061,Bremen,Consumer,2024-12-27
3062,Customer_3062,Hamburg,Consumer,2025-03-12
3063,Customer_3063,Munich,Consumer,2023-09-11
3064,Customer_3064,Stuttgart,Consumer,2025-08-14
3065,Customer_3065,Frankfurt,Consumer,2025-05-19
3066,Customer_3066,Bremen,Consumer,2023-03-28
3067,Customer_3067,Frankfurt,Consumer,2025-11-14
3068,Customer_3068,Bremen,Consumer,2023-08-10
3069,Customer_3069,Frankfurt,Consumer,2025-09-16
3070,Customer_3070,Bremen,Consumer,2024-02-01
3071,Customer_3071,Frankfurt,Consumer,2025-07-26
3072,Customer_3072,Hamburg,Small Business,2024-05-25
3073,Customer_3073,Dresden,Consumer,2024-07-14
3074,Customer_3074,Stuttgart,Consumer,2025-04-25
3075,Customer_3075,Cologne,Consumer,2024-03-15
3076,Customer_3076,Munich,Small Business,2023-11-07
3077,Customer_3077,Düsseldorf,Consumer,2023-02-04
3078,Customer_3078,Berlin,Corporate,2023-08-05
3079,Customer_3079,Cologne,Consumer,2024-12-21
3080,Customer_3080,Berlin,Small Business,2025-10-12
3081,Customer_3081,Stuttgart,Small Business,2024-06-02
3082,Customer_3082,Cologne,Consumer,2023-09-26
3083,Customer_3083,Frankfurt,Consumer,2024-09-29
3084,Customer_3084,Frankfurt,Consumer,2024-04-19
3085,Customer_3085,Düsseldorf,Consumer,2023-03-31
3086,Customer_3086,Berlin,Consumer,2025-12-01
3087,Customer_3087,Munich,Consumer,2025-09-08
3088,Customer_3088,Stuttgart,Consumer,2023-10-15
3089,Customer_3089,Frankfurt,Consumer,2024-04-25
3090,Customer_3090,Dresden,Consumer,2024-09-28
3091,Customer_3091,Hamburg,Consumer,2024-05-15
3092,Customer_3092,Hamburg,Consumer,2023-02-21
3093,Customer_3093,Bremen,Small Business,2023-04-13
3094,Customer_3094,Munich,Consumer,2024-11-29
3095,Customer_3095,Hamburg,Corporate,2025-11-03
3096,Customer_3096,Bremen,Consumer,2024-04-14
3097,Customer_3097,Berlin,Consumer,2024-03-02
3098,Customer_3098,Frankfurt,Consumer,2023-04-20
3099,Customer_3099,Frankfurt,Consumer,2024-05-29
3100,Customer_3100,Dresden,Corporate,2023-03-09
3101,Customer_3101,Cologne,Corporate,2024-01-24
3102,Customer_3102,Hamburg,Consumer,2023-11-04
3103,Customer_3103,Berlin,Small Business,2025-12-25
3104,Customer_3104,Leipzig,Consumer,2024-04-04
3105,Customer_3105,Hamburg,Small Business,2023-12-13
3106,Customer_3106,Munich,Small Business,2023-11-21
3107,Customer_3107,Cologne,Consumer,2024-10-28
3108,Customer_3108,Hamburg,Consumer,2025-11-22
3109,Customer_3109,Berlin,Consumer,2023-03-09
3110,Customer_3110,Hamburg,Corporate,2023-07-06
3111,Customer_3111,Munich,Consumer,2023-07-11
3112,Customer_3112,Leipzig,Small Business,2024-03-03
3113,Customer_3113,Stuttgart,Corporate,2023-08-04
3114,Customer_3114,Düsseldorf,Consumer,2023-06-26
3115,Customer_3115,Leipzig,Consumer,2024-07-14
3116,Customer_3116,Bremen,Corporate,2025-05-30
3117,Customer_3117,Hamburg,Consumer,2024-09-17
3118,Customer_3118,Frankfurt,Corporate,2024-08-29
3119,Customer_3119,Dresden,Consumer,2023-06-28
3120,Customer_3120,Frankfurt,Consumer,2024-01-30
3121,Customer_3121,Leipzig,Consumer,2025-05-25
3122,Customer_3122,Frankfurt,Corporate,2025-08-19
3123,Customer_3123,Berlin,Consumer,2023-07-17
3124,Customer_3124,Frankfurt,Corporate,2025-08-26
3125,Customer_3125,Cologne,Consumer,2024-10-30
3126,Customer_3126,Stuttgart,Corporate,2024-04-01
3127,Customer_3127,Hamburg,Consumer,2023-03-13
3128,Customer_3128,Frankfurt,Consumer,2023-08-11
3129,Customer_3129,Munich,Corporate,2023-10-03
3130,Customer_3130,Stuttgart,Consumer,2024-07-26
3131,Customer_3131,Stuttgart,Consumer,2025-07-12
3132,Customer_3132,Frankfurt,Consumer,2024-04-15
3133,Customer_3133,Stuttgart,Corporate,2024-03-29
3134,Customer_3134,Dresden,Small Business,2025-08-26
3135,Customer_3135,Frankfurt,Consumer,2023-01-07
3136,Customer_3136,Berlin,Consumer,2023-07-07
3137,Customer_3137,Leipzig,Corporate,2023-01-04
3138,Customer_3138,Cologne,Consumer,2025-06-25
3139,Customer_3139,Düsseldorf,Small Business,2025-11-04
3140,Customer_3140,Bremen,Consumer,2025-08-17
3141,Customer_3141,Stuttgart,Small Business,2024-06-08
3142,Customer_3142,Berlin,Corporate,2024-09-21
3143,Customer_3143,Hamburg,Corporate,2025-02-13
3144,Customer_3144,Hamburg,Corporate,2023-12-26
3145,Customer_3145,Bremen,Consumer,2024-06-01
3146,Customer_3146,Cologne,Consumer,2025-11-19
3147,Customer_3147,Stuttgart,Consumer,2025-07-09
3148,Customer_3148,Dresden,Consumer,2025-05-01
3149,Customer_3149,Bremen,Consumer,2025-07-23
3150,Customer_3150,Cologne,Small Business,2025-06-19
3151,Customer_3151,Stuttgart,Consumer,2024-02-03
3152,Customer_3152,Berlin,Consumer,2023-06-17
3153,Customer_3153,Leipzig,Consumer,2024-01-12
3154,Customer_3154,Dresden,Corporate,2024-08-29
3155,Customer_3155,Düsseldorf,Consumer,2025-10-07
3156,Customer_3156,Hamburg,Consumer,2024-08-11
3157,Customer_3157,Munich,Corporate,2023-02-17
3158,Customer_3158,Berlin,Consumer,2025-10-21
3159,Customer_3159,Hamburg,Consumer,2023-06-22
3160,Customer_3160,Frankfurt,Consumer,2024-05-20
3161,Customer_3161,Munich,Corporate,2024-02-02
3162,Customer_3162,Hamburg,Consumer,2023-10-21
3163,Customer_3163,Cologne,Corporate,2024-07-05
3164,Customer_3164,Dresden,Consumer,2025-04-29
3165,Customer_3165,Hamburg,Small Business,2025-11-05
3166,Customer_3166,Düsseldorf,Consumer,2025-06-03
3167,Customer_3167,Leipzig,Consumer,2025-09-30
3168,Customer_3168,Cologne,Consumer,2023-05-14
3169,Customer_3169,Berlin,Consumer,2025-02-09
3170,Customer_3170,Berlin,Consumer,2024-05-22
3171,Customer_3171,Berlin,Corporate,2025-12-25
3172,Customer_3172,Berlin,Consumer,2024-04-24
3173,Customer_3173,Leipzig,Small Business,2025-05-12
3174,Customer_3174,Hamburg,Corporate,2024-04-03
3175,Customer_3175,Stuttgart,Consumer,2024-09-17
3176,Customer_3176,Hamburg,Corporate,2023-06-08
3177,Customer_3177,Frankfurt,Consumer,2023-06-10
3178,Customer_3178,Dresden,Consumer,2025-07-28
3179,Customer_3179,Munich,Small Business,2023-06-04
3180,Customer_3180,Stuttgart,Corporate,2024-04-30
3181,Customer_3181,Stuttgart,Consumer,2024-03-07
3182,Customer_3182,Hamburg,Consumer,2025-11-16
3183,Customer_3183,Stuttgart,Consumer,2025-09-30
3184,Customer_3184,Bremen,Small Business,2025-11-01
3185,Customer_3185,Bremen,Consumer,2023-03-08
3186,Customer_3186,Frankfurt,Consumer,2024-06-25
3187,Customer_3187,Munich,Consumer,2023-04-06
3188,Customer_3188,Düsseldorf,Consumer,2023-08-03
3189,Customer_3189,Leipzig,Consumer,2023-07-13
3190,Customer_3190,Hamburg,Consumer,2025-06-03
3191,Customer_3191,Leipzig,Consumer,2023-02-08
3192,Customer_3192,Düsseldorf,Consumer,2025-07-27
3193,Customer_3193,Hamburg,Small Business,2025-07-27
3194,Customer_3194,Hamburg,Consumer,2023-07-25
3195,Customer_3195,Munich,Corporate,2025-07-30
3196,Customer_3196,Leipzig,Corporate,2024-07-08
3197,Customer_3197,Bremen,Corporate,2024-04-28
3198,Customer_3198,Berlin,Small Business,2025-02-09
3199,Customer_3199,Leipzig,Consumer,2023-09-06
3200,Customer_3200,Dresden,Consumer,2024-01-08
3201,Customer_3201,Dresden,Consumer,2025-05-28
3202,Customer_3202,Hamburg,Consumer,2025-04-14
3203,Customer_3203,Berlin,Corporate,2025-05-20
3204,Customer_3204,Cologne,Consumer,2024-12-02
3205,Customer_3205,Düsseldorf,Small Business,2023-05-18
3206,Customer_3206,Frankfurt,Consumer,2025-08-05
3207,Customer_3207,Berlin,Small Business,2024-04-01
3208,Customer_3208,Frankfurt,Consumer,2025-03-24
3209,Customer_3209,Leipzig,Consumer,2025-04-02
3210,Customer_3210,Leipzig,Consumer,2025-07-30
3211,Customer_3211,Frankfurt,Corporate,2024-03-19
3212,Customer_3212,Düsseldorf,Consumer,2023-12-19
3213,Customer_3213,Berlin,Small Business,2025-09-22
3214,Customer_3214,Cologne,Small Business,2025-03-04
3215,Customer_3215,Hamburg,Small Business,2024-02-15
3216,Customer_3216,Munich,Consumer,2024-11-08
3217,Customer_3217,Leipzig,Small Business,2024-03-28
3218,Customer_3218,Dresden,Corporate,2024-02-23
3219,Customer_3219,Düsseldorf,Consumer,2024-03-25
3220,Customer_3220,Munich,Consumer,2025-09-21
3221,Customer_3221,Cologne,Consumer,2023-02-20
3222,Customer_3222,Stuttgart,Consumer,2023-07-29
3223,Customer_3223,Hamburg,Consumer,2025-06-06
3224,Customer_3224,Leipzig,Small Business,2025-09-24
3225,Customer_3225,Hamburg,Consumer,2025-09-19
3226,Customer_3226,Munich,Consumer,2025-04-29
3227,Customer_3227,Hamburg,Small Business,2024-09-18
3228,Customer_3228,Stuttgart,Consumer,2024-11-09
3229,Customer_3229,Munich,Small Business,2025-02-15
3230,Customer_3230,Leipzig,Consumer,2024-10-24
3231,Customer_3231,Berlin,Consumer,2023-09-25
3232,Customer_3232,Dresden,Consumer,2023-04-26
3233,Customer_3233,Munich,Consumer,2025-01-23
3234,Customer_3234,Bremen,Consumer,2025-11-29
3235,Customer_3235,Stuttgart,Corporate,2023-07-01
3236,Customer_3236,Munich,Consumer,2025-06-21
3237,Customer_3237,Munich,Small Business,2025-08-03
3238,Customer_3238,Bremen,Consumer,2023-09-15
3239,Customer_3239,Leipzig,Consumer,2024-05-23
3240,Customer_3240,Munich,Corporate,2023-04-02
3241,Customer_3241,Dresden,Consumer,2023-05-29
3242,Customer_3242,Hamburg,Corporate,2023-04-27
3243,Customer_3243,Leipzig,Small Business,2024-04-02
3244,Customer_3244,Dresden,Corporate,2024-07-18
3245,Customer_3245,Leipzig,Consumer,2025-03-24
3246,Customer_3246,Dresden,Consumer,2023-02-14
3247,Customer_3247,Stuttgart,Corporate,2025-02-12
3248,Customer_3248,Dresden,Corporate,2023-08-22
3249,Customer_3249,Frankfurt,Consumer,2023-07-16
3250,Customer_3250,Dresden,Consumer,2023-01-25
3251,Customer_3251,Berlin,Consumer,2024-01-30
3252,Customer_3252,Berlin,Consumer,2024-12-14
3253,Customer_3253,Düsseldorf,Consumer,2025-11-25
3254,Customer_3254,Frankfurt,Consumer,2023-08-11
3255,Customer_3255,Frankfurt,Corporate,2025-05-13
3256,Customer_3256,Hamburg,Small Business,2024-06-13
3257,Customer_3257,Frankfurt,Consumer,2023-09-14
3258,Customer_3258,Hamburg,Consumer,2024-10-15
3259,Customer_3259,Düsseldorf,Consumer,2024-08-13
3260,Customer_3260,Düsseldorf,Small Business,2024-03-19
3261,Customer_3261,Stuttgart,Small Business,2024-02-22
3262,Customer_3262,Berlin,Small Business,2024-07-27
3263,Customer_3263,Dresden,Corporate,2023-05-09
3264,Customer_3264,Dresden,Consumer,2025-10-07
3265,Customer_3265,Bremen,Corporate,2023-12-07
3266,Customer_3266,Bremen,Consumer,2025-03-20
3267,Customer_3267,Cologne,Consumer,2025-09-18
3268,Customer_3268,Leipzig,Corporate,2023-04-10
3269,Customer_3269,Stuttgart,Consumer,2023-02-08
3270,Customer_3270,Cologne,Consumer,2023-09-20
3271,Customer_3271,Cologne,Consumer,2023-05-30
3272,Customer_3272,Munich,Consumer,2024-11-20
3273,Customer_3273,Munich,Small Business,2025-03-23
3274,Customer_3274,Cologne,Consumer,2023-08-07
3275,Customer_3275,Frankfurt,Consumer,2025-06-24
3276,Customer_3276,Leipzig,Consumer,2023-09-01
3277,Customer_3277,Stuttgart,Consumer,2025-06-04
3278,Customer_3278,Cologne,Consumer,2024-08-09
3279,Customer_3279,Dresden,Corporate,2024-06-01
3280,Customer_3280,Leipzig,Consumer,2025-11-10
3281,Customer_3281,Munich,Corporate,2023-07-09
3282,Customer_3282,Dresden,Small Business,2025-07-03
3283,Customer_3283,Munich,Corporate,2024-09-06
3284,Customer_3284,Munich,Consumer,2025-05-05
3285,Customer_3285,Leipzig,Consumer,2024-04-10
3286,Customer_3286,Munich,Small Business,2023-04-09
3287,Customer_3287,Düsseldorf,Consumer,2025-04-09
3288,Customer_3288,Berlin,Corporate,2025-09-23
3289,Customer_3289,Düsseldorf,Small Business,2023-02-25
3290,Customer_3290,Berlin,Small Business,2025-11-11
3291,Customer_3291,Bremen,Small Business,2024-08-02
3292,Customer_3292,Bremen,Consumer,2023-07-04
3293,Customer_3293,Munich,Consumer,2024-06-05
3294,Customer_3294,Stuttgart,Small Business,2023-09-21
3295,Customer_3295,Stuttgart,Consumer,2025-11-27
3296,Customer_3296,Berlin,Consumer,2025-09-29
3297,Customer_3297,Dresden,Consumer,2023-05-03
3298,Customer_3298,Leipzig,Consumer,2023-10-28
3299,Customer_3299,Munich,Small Business,2025-04-12
3300,Customer_3300,Leipzig,Corporate,2025-12-26
3301,Customer_3301,Düsseldorf,Consumer,2024-10-06
3302,Customer_3302,Stuttgart,Small Business,2025-05-23
3303,Customer_3303,Frankfurt,Corporate,2024-01-29
3304,Customer_3304,Düsseldorf,Consumer,2024-10-22
3305,Customer_3305,Düsseldorf,Consumer,2023-03-10
3306,Customer_3306,Berlin,Consumer,2025-01-31
3307,Customer_3307,Hamburg,Corporate,2023-11-16
3308,Customer_3308,Düsseldorf,Consumer,2023-06-26
3309,Customer_3309,Munich,Consumer,2024-08-06
3310,Customer_3310,Cologne,Corporate,2024-08-04
3311,Customer_3311,Cologne,Consumer,2023-04-21
3312,Customer_3312,Munich,Consumer,2025-09-25
3313,Customer_3313,Hamburg,Consumer,2025-01-27
3314,Customer_3314,Hamburg,Consumer,2023-10-10
3315,Customer_3315,Berlin,Corporate,2023-07-13
3316,Customer_3316,Stuttgart,Consumer,2025-08-24
3317,Customer_3317,Leipzig,Consumer,2025-12-06
3318,Customer_3318,Hamburg,Corporate,2025-09-04
3319,Customer_3319,Frankfurt,Small Business,2023-12-08
3320,Customer_3320,Berlin,Consumer,2024-06-05
3321,Customer_3321,Bremen,Consumer,2025-03-11
3322,Customer_3322,Dresden,Consumer,2025-06-21
3323,Customer_3323,Bremen,Small Business,2023-05-11
3324,Customer_3324,Berlin,Consumer,2025-03-24
3325,Customer_3325,Düsseldorf,Consumer,2023-03-02
3326,Customer_3326,Leipzig,Consumer,2023-06-13
3327,Customer_3327,Dresden,Consumer,2023-09-29
3328,Customer_3328,Bremen,Corporate,2023-05-13
3329,Customer_3329,Dresden,Corporate,2025-09-24
3330,Customer_3330,Frankfurt,Corporate,2023-02-07
3331,Customer_3331,Frankfurt,Consumer,2024-09-08
3332,Customer_3332,Frankfurt,Consumer,2024-04-18
3333,Customer_3333,Berlin,Consumer,2023-02-28
3334,Customer_3334,Leipzig,Consumer,2024-08-11
3335,Customer_3335,Berlin,Consumer,2024-05-13
3336,Customer_3336,Cologne,Consumer,2024-07-20
3337,Customer_3337,Düsseldorf,Consumer,2024-07-20
3338,Customer_3338,Düsseldorf,Small Business,2025-06-22
3339,Customer_3339,Frankfurt,Corporate,2024-01-18
3340,Customer_3340,Cologne,Small Business,2023-03-26
3341,Customer_3341,Hamburg,Consumer,2024-09-18
3342,Customer_3342,Hamburg,Small Business,2025-04-05
3343,Customer_3343,Frankfurt,Consumer,2023-10-20
3344,Customer_3344,Bremen,Consumer,2025-12-08
3345,Customer_3345,Berlin,Corporate,2025-12-26
3346,Customer_3346,Frankfurt,Consumer,2025-02-25
3347,Customer_3347,Stuttgart,Consumer,2023-05-09
3348,Customer_3348,Dresden,Consumer,2023-01-29
3349,Customer_3349,Düsseldorf,Consumer,2024-11-22
3350,Customer_3350,Hamburg,Consumer,2023-05-13
3351,Customer_3351,Munich,Corporate,2024-10-07
3352,Customer_3352,Hamburg,Corporate,2024-11-19
3353,Customer_3353,Düsseldorf,Consumer,2024-06-17
3354,Customer_3354,Dresden,Consumer,2024-05-30
3355,Customer_3355,Düsseldorf,Consumer,2025-08-17
3356,Customer_3356,Munich,Consumer,2023-06-14
3357,Customer_3357,Frankfurt,Small Business,2025-07-15
3358,Customer_3358,Cologne,Consumer,2025-07-21
3359,Customer_3359,Munich,Corporate,2024-07-10
3360,Customer_3360,Düsseldorf,Consumer,2024-11-10
3361,Customer_3361,Düsseldorf,Corporate,2025-09-19
3362,Customer_3362,Stuttgart,Corporate,2025-10-25
3363,Customer_3363,Stuttgart,Consumer,2025-01-26
3364,Customer_3364,Leipzig,Consumer,2025-05-04
3365,Customer_3365,Stuttgart,Corporate,2024-05-07
3366,Customer_3366,Berlin,Consumer,2024-10-10
3367,Customer_3367,Cologne,Consumer,2025-09-18
3368,Customer_3368,Dresden,Corporate,2024-09-19
3369,Customer_3369,Munich,Consumer,2024-09-16
3370,Customer_3370,Düsseldorf,Small Business,2024-06-26
3371,Customer_3371,Leipzig,Consumer,2023-01-07
3372,Customer_3372,Leipzig,Consumer,2025-08-11
3373,Customer_3373,Dresden,Corporate,2024-05-29
3374,Customer_3374,Cologne,Consumer,2025-01-24
3375,Customer_3375,Munich,Consumer,2023-03-14
3376,Customer_3376,Hamburg,Consumer,2023-01-10
3377,Customer_3377,Stuttgart,Consumer,2024-07-15
3378,Customer_3378,Frankfurt,Consumer,2023-05-02
3379,Customer_3379,Leipzig,Consumer,2024-11-17
3380,Customer_3380,Stuttgart,Consumer,2024-05-27
3381,Customer_3381,Stuttgart,Consumer,2025-09-16
3382,Customer_3382,Berlin,Corporate,2024-03-16
3383,Customer_3383,Cologne,Corporate,2025-11-27
3384,Customer_3384,Frankfurt,Consumer,2024-12-02
3385,Customer_3385,Hamburg,Corporate,2024-08-13
3386,Customer_3386,Düsseldorf,Corporate,2023-03-08
3387,Customer_3387,Berlin,Consumer,2023-01-17
3388,Customer_3388,Stuttgart,Consumer,2024-01-03
3389,Customer_3389,Stuttgart,Consumer,2025-06-22
3390,Customer_3390,Bremen,Small Business,2024-12-21
3391,Customer_3391,Frankfurt,Consumer,2025-08-15
3392,Customer_3392,Frankfurt,Consumer,2025-06-26
3393,Customer_3393,Bremen,Corporate,2025-09-15
3394,Customer_3394,Frankfurt,Consumer,2024-04-17
3395,Customer_3395,Stuttgart,Consumer,2023-04-25
3396,Customer_3396,Leipzig,Consumer,2023-04-10
3397,Customer_3397,Munich,Consumer,2024-03-13
3398,Customer_3398,Stuttgart,Corporate,2023-12-15
3399,Customer_3399,Berlin,Corporate,2023-05-19
3400,Customer_3400,Cologne,Consumer,2025-04-07
3401,Customer_3401,Bremen,Consumer,2023-11-20
3402,Customer_3402,Hamburg,Corporate,2025-04-25
3403,Customer_3403,Düsseldorf,Consumer,2023-10-21
3404,Customer_3404,Hamburg,Consumer,2025-08-25
3405,Customer_3405,Stuttgart,Consumer,2023-03-15
3406,Customer_3406,Berlin,Consumer,2024-04-28
3407,Customer_3407,Stuttgart,Consumer,2023-01-16
3408,Customer_3408,Cologne,Consumer,2025-03-03
3409,Customer_3409,Leipzig,Consumer,2024-05-30
3410,Customer_3410,Düsseldorf,Consumer,2025-07-13
3411,Customer_3411,Cologne,Consumer,2025-04-03
3412,Customer_3412,Bremen,Consumer,2024-06-01
3413,Customer_3413,Bremen,Consumer,2023-05-09
3414,Customer_3414,Stuttgart,Consumer,2024-05-25
3415,Customer_3415,Berlin,Consumer,2024-02-27
3416,Customer_3416,Cologne,Consumer,2024-01-20
3417,Customer_3417,Dresden,Consumer,2023-08-20
3418,Customer_3418,Berlin,Corporate,2025-08-16
3419,Customer_3419,Leipzig,Small Business,2025-04-04
3420,Customer_3420,Bremen,Consumer,2023-03-06
3421,Customer_3421,Stuttgart,Consumer,2025-04-12
3422,Customer_3422,Frankfurt,Consumer,2024-09-06
3423,Customer_3423,Bremen,Consumer,2025-03-11
3424,Customer_3424,Düsseldorf,Consumer,2023-10-05
3425,Customer_3425,Munich,Consumer,2024-01-01
3426,Customer_3426,Frankfurt,Corporate,2024-05-30
3427,Customer_3427,Stuttgart,Consumer,2024-03-14
3428,Customer_3428,Dresden,Consumer,2024-03-03
3429,Customer_3429,Frankfurt,Consumer,2024-12-29
3430,Customer_3430,Düsseldorf,Corporate,2024-01-31
3431,Customer_3431,Berlin,Consumer,2024-08-08
3432,Customer_3432,Dresden,Small Business,2024-01-10
3433,Customer_3433,Bremen,Corporate,2025-08-05
3434,Customer_3434,Dresden,Consumer,2023-04-03
3435,Customer_3435,Cologne,Consumer,2023-11-17
3436,Customer_3436,Düsseldorf,Consumer,2025-10-30
3437,Customer_3437,Frankfurt,Corporate,2025-07-02
3438,Customer_3438,Cologne,Corporate,2025-07-05
3439,Customer_3439,Dresden,Consumer,2023-04-05
3440,Customer_3440,Cologne,Small Business,2025-08-16
3441,Customer_3441,Hamburg,Consumer,2023-03-12
3442,Customer_3442,Düsseldorf,Consumer,2024-10-25
3443,Customer_3443,Leipzig,Small Business,2025-08-26
3444,Customer_3444,Berlin,Corporate,2024-08-09
3445,Customer_3445,Dresden,Consumer,2024-12-27
3446,Customer_3446,Düsseldorf,Corporate,2024-01-03
3447,Customer_3447,Leipzig,Small Business,2023-02-20
3448,Customer_3448,Leipzig,Corporate,2025-09-14
3449,Customer_3449,Stuttgart,Corporate,2023-09-17
3450,Customer_3450,Cologne,Corporate,2023-06-07
3451,Customer_3451,Leipzig,Consumer,2023-04-09
3452,Customer_3452,Hamburg,Corporate,2023-08-29
3453,Customer_3453,Düsseldorf,Consumer,2023-07-21
3454,Customer_3454,Munich,Small Business,2024-09-25
3455,Customer_3455,Munich,Consumer,2025-01-15
3456,Customer_3456,Dresden,Corporate,2024-05-04
3457,Customer_3457,Bremen,Consumer,2024-08-01
3458,Customer_3458,Cologne,Consumer,2024-06-10
3459,Customer_3459,Bremen,Consumer,2023-09-30
3460,Customer_3460,Leipzig,Small Business,2025-02-24
3461,Customer_3461,Düsseldorf,Small Business,2024-03-28
3462,Customer_3462,Dresden,Consumer,2023-12-13
3463,Customer_3463,Frankfurt,Small Business,2025-03-26
3464,Customer_3464,Leipzig,Corporate,2024-02-18
3465,Customer_3465,Cologne,Consumer,2024-03-06
3466,Customer_3466,Munich,Consumer,2024-01-14
3467,Customer_3467,Stuttgart,Small Business,2025-09-24
3468,Customer_3468,Düsseldorf,Consumer,2025-06-13
3469,Customer_3469,Berlin,Small Business,2024-03-03
3470,Customer_3470,Bremen,Corporate,2023-07-11
3471,Customer_3471,Dresden,Corporate,2023-02-10
3472,Customer_3472,Bremen,Corporate,2023-05-16
3473,Customer_3473,Düsseldorf,Consumer,2023-04-16
3474,Customer_3474,Bremen,Consumer,2024-06-02
3475,Customer_3475,Düsseldorf,Consumer,2025-03-24
3476,Customer_3476,Bremen,Consumer,2023-05-06
3477,Customer_3477,Hamburg,Consumer,2024-02-04
3478,Customer_3478,Frankfurt,Corporate,2023-03-20
3479,Customer_3479,Leipzig,Small Business,2024-01-24
3480,Customer_3480,Leipzig,Consumer,2023-03-15
3481,Customer_3481,Cologne,Consumer,2025-10-25
3482,Customer_3482,Berlin,Consumer,2023-03-23
3483,Customer_3483,Berlin,Consumer,2025-02-14
3484,Customer_3484,Cologne,Consumer,2025-09-17
3485,Customer_3485,Stuttgart,Corporate,2023-10-05
3486,Customer_3486,Leipzig,Consumer,2025-04-19
3487,Customer_3487,Stuttgart,Corporate,2023-08-12
3488,Customer_3488,Düsseldorf,Consumer,2025-12-27
3489,Customer_3489,Düsseldorf,Small Business,2024-08-28
3490,Customer_3490,Munich,Corporate,2023-01-19
3491,Customer_3491,Bremen,Small Business,2024-10-01
3492,Customer_3492,Berlin,Small Business,2023-04-07
3493,Customer_3493,Munich,Small Business,2025-12-11
3494,Customer_3494,Frankfurt,Small Business,2023-06-24
3495,Customer_3495,Cologne,Corporate,2023-12-14
3496,Customer_3496,Cologne,Consumer,2023-01-01
3497,Customer_3497,Düsseldorf,Consumer,2023-03-04
3498,Customer_3498,Leipzig,Consumer,2023-08-14
3499,Customer_3499,Stuttgart,Consumer,2024-02-27
3500,Customer_3500,Berlin,Consumer,2025-11-08
3501,Customer_3501,Munich,Small Business,2023-01-31
3502,Customer_3502,Stuttgart,Small Business,2025-04-24
3503,Customer_3503,Munich,Consumer,2024-09-24
3504,Customer_3504,Bremen,Consumer,2023-01-24
3505,Customer_3505,Frankfurt,Small Business,2025-04-16
3506,Customer_3506,Frankfurt,Consumer,2025-09-09
3507,Customer_3507,Stuttgart,Corporate,2023-06-10
3508,Customer_3508,Stuttgart,Consumer,2023-04-24
3509,Customer_3509,Stuttgart,Corporate,2024-05-18
3510,Customer_3510,Munich,Consumer,2025-08-12
3511,Customer_3511,Bremen,Small Business,2023-12-23
3512,Customer_3512,Hamburg,Consumer,2023-06-18
3513,Customer_3513,Stuttgart,Consumer,2025-08-26
3514,Customer_3514,Leipzig,Consumer,2023-08-30
3515,Customer_3515,Berlin,Consumer,2023-05-19
3516,Customer_3516,Berlin,Small Business,2023-04-07
3517,Customer_3517,Munich,Corporate,2023-05-27
3518,Customer_3518,Stuttgart,Consumer,2025-12-16
3519,Customer_3519,Düsseldorf,Consumer,2025-12-01
3520,Customer_3520,Cologne,Consumer,2025-05-15
3521,Customer_3521,Hamburg,Corporate,2024-06-26
3522,Customer_3522,Leipzig,Corporate,2024-11-22
3523,Customer_3523,Bremen,Consumer,2025-10-22
3524,Customer_3524,Düsseldorf,Corporate,2025-06-22
3525,Customer_3525,Frankfurt,Corporate,2024-12-30
3526,Customer_3526,Düsseldorf,Small Business,2023-11-27
3527,Customer_3527,Munich,Small Business,2024-09-08
3528,Customer_3528,Hamburg,Corporate,2024-02-08
3529,Customer_3529,Dresden,Corporate,2024-05-22
3530,Customer_3530,Dresden,Consumer,2025-11-04
3531,Customer_3531,Stuttgart,Corporate,2023-08-14
3532,Customer_3532,Stuttgart,Consumer,2025-09-10
3533,Customer_3533,Munich,Consumer,2025-05-14
3534,Customer_3534,Bremen,Consumer,2025-01-14
3535,Customer_3535,Stuttgart,Corporate,2024-05-07
3536,Customer_3536,Cologne,Consumer,2023-11-15
3537,Customer_3537,Hamburg,Consumer,2025-02-11
3538,Customer_3538,Munich,Consumer,2024-03-27
3539,Customer_3539,Berlin,Consumer,2025-08-01
3540,Customer_3540,Frankfurt,Consumer,2025-04-27
3541,Customer_3541,Munich,Corporate,2025-10-13
3542,Customer_3542,Munich,Corporate,2025-06-02
3543,Customer_3543,Dresden,Consumer,2024-02-23
3544,Customer_3544,Leipzig,Small Business,2025-05-14
3545,Customer_3545,Bremen,Corporate,2025-02-27
3546,Customer_3546,Leipzig,Consumer,2024-05-09
3547,Customer_3547,Cologne,Corporate,2025-11-28
3548,Customer_3548,Berlin,Small Business,2023-06-11
3549,Customer_3549,Dresden,Consumer,2023-05-01
3550,Customer_3550,Berlin,Consumer,2024-02-03
3551,Customer_3551,Cologne,Small Business,2024-12-28
3552,Customer_3552,Leipzig,Consumer,2024-07-14
3553,Customer_3553,Munich,Consumer,2024-08-26
3554,Customer_3554,Stuttgart,Consumer,2024-06-23
3555,Customer_3555,Stuttgart,Consumer,2023-12-22
3556,Customer_3556,Düsseldorf,Small Business,2024-10-21
3557,Customer_3557,Frankfurt,Consumer,2024-03-07
3558,Customer_3558,Bremen,Consumer,2025-12-24
3559,Customer_3559,Cologne,Corporate,2024-07-16
3560,Customer_3560,Frankfurt,Consumer,2025-03-27
3561,Customer_3561,Bremen,Consumer,2024-12-11
3562,Customer_3562,Frankfurt,Consumer,2023-01-12
3563,Customer_3563,Leipzig,Corporate,2023-08-27
3564,Customer_3564,Bremen,Consumer,2024-03-28
3565,Customer_3565,Leipzig,Consumer,2024-01-18
3566,Customer_3566,Munich,Consumer,2025-02-20
3567,Customer_3567,Dresden,Consumer,2023-02-17
3568,Customer_3568,Leipzig,Consumer,2023-11-13
3569,Customer_3569,Stuttgart,Consumer,2023-07-28
3570,Customer_3570,Frankfurt,Corporate,2024-07-30
3571,Customer_3571,Düsseldorf,Consumer,2023-11-11
3572,Customer_3572,Hamburg,Corporate,2025-01-23
3573,Customer_3573,Bremen,Consumer,2025-11-25
3574,Customer_3574,Cologne,Small Business,2025-07-03
3575,Customer_3575,Düsseldorf,Consumer,2025-01-24
3576,Customer_3576,Stuttgart,Corporate,2024-07-07
3577,Customer_3577,Leipzig,Consumer,2024-02-07
3578,Customer_3578,Dresden,Consumer,2023-02-08
3579,Customer_3579,Munich,Consumer,2024-08-03
3580,Customer_3580,Hamburg,Small Business,2023-06-29
3581,Customer_3581,Berlin,Consumer,2023-01-12
3582,Customer_3582,Düsseldorf,Consumer,2025-07-31
3583,Customer_3583,Dresden,Corporate,2024-07-01
3584,Customer_3584,Berlin,Consumer,2023-03-04
3585,Customer_3585,Hamburg,Corporate,2025-04-23
3586,Customer_3586,Cologne,Corporate,2025-10-05
3587,Customer_3587,Cologne,Corporate,2023-02-03
3588,Customer_3588,Frankfurt,Consumer,2025-01-21
3589,Customer_3589,Hamburg,Consumer,2023-02-18
3590,Customer_3590,Hamburg,Consumer,2024-10-19
3591,Customer_3591,Berlin,Corporate,2024-12-01
3592,Customer_3592,Dresden,Consumer,2025-12-16
3593,Customer_3593,Bremen,Consumer,2023-04-19
3594,Customer_3594,Berlin,Small Business,2025-09-11
3595,Customer_3595,Munich,Consumer,2023-01-24
3596,Customer_3596,Cologne,Small Business,2023-08-09
3597,Customer_3597,Cologne,Small Business,2023-11-11
3598,Customer_3598,Frankfurt,Small Business,2023-10-21
3599,Customer_3599,Munich,Corporate,2025-10-30
3600,Customer_3600,Cologne,Consumer,2025-10-16
3601,Customer_3601,Berlin,Consumer,2025-10-14
3602,Customer_3602,Munich,Corporate,2024-09-29
3603,Customer_3603,Berlin,Consumer,2023-09-24
3604,Customer_3604,Bremen,Consumer,2023-03-29
3605,Customer_3605,Bremen,Corporate,2024-03-30
3606,Customer_3606,Cologne,Consumer,2025-01-26
3607,Customer_3607,Cologne,Small Business,2024-03-06
3608,Customer_3608,Dresden,Corporate,2025-06-29
3609,Customer_3609,Bremen,Corporate,2023-08-30
3610,Customer_3610,Düsseldorf,Corporate,2024-12-02
3611,Customer_3611,Düsseldorf,Small Business,2025-06-20
3612,Customer_3612,Frankfurt,Corporate,2025-01-10
3613,Customer_3613,Bremen,Consumer,2023-03-07
3614,Customer_3614,Berlin,Consumer,2025-08-29
3615,Customer_3615,Berlin,Small Business,2024-01-13
3616,Customer_3616,Stuttgart,Corporate,2024-01-23
3617,Customer_3617,Munich,Consumer,2025-02-19
3618,Customer_3618,Leipzig,Consumer,2023-07-28
3619,Customer_3619,Düsseldorf,Consumer,2023-01-16
3620,Customer_3620,Cologne,Consumer,2025-09-12
3621,Customer_3621,Frankfurt,Small Business,2024-01-02
3622,Customer_3622,Leipzig,Small Business,2025-02-18
3623,Customer_3623,Hamburg,Consumer,2024-03-15
3624,Customer_3624,Frankfurt,Corporate,2024-11-20
3625,Customer_3625,Hamburg,Consumer,2025-11-25
3626,Customer_3626,Bremen,Corporate,2025-04-26
3627,Customer_3627,Hamburg,Consumer,2024-02-26
3628,Customer_3628,Hamburg,Corporate,2024-08-30
3629,Customer_3629,Dresden,Consumer,2023-01-20
3630,Customer_3630,Dresden,Consumer,2024-11-06
3631,Customer_3631,Dresden,Consumer,2024-01-17
3632,Customer_3632,Bremen,Consumer,2024-08-31
3633,Customer_3633,Leipzig,Consumer,2023-05-23
3634,Customer_3634,Frankfurt,Consumer,2023-03-03
3635,Customer_3635,Frankfurt,Consumer,2023-08-26
3636,Customer_3636,Cologne,Small Business,2025-07-15
3637,Customer_3637,Dresden,Corporate,2023-12-08
3638,Customer_3638,Bremen,Small Business,2024-03-30
3639,Customer_3639,Cologne,Small Business,2023-10-09
3640,Customer_3640,Munich,Consumer,2025-06-04
3641,Customer_3641,Cologne,Consumer,2025-10-21
3642,Customer_3642,Leipzig,Consumer,2024-12-23
3643,Customer_3643,Düsseldorf,Small Business,2023-03-28
3644,Customer_3644,Hamburg,Small Business,2024-10-26
3645,Customer_3645,Dresden,Consumer,2025-05-11
3646,Customer_3646,Düsseldorf,Consumer,2023-03-02
3647,Customer_3647,Cologne,Consumer,2025-03-07
3648,Customer_3648,Bremen,Corporate,2023-04-05
3649,Customer_3649,Hamburg,Consumer,2025-02-24
3650,Customer_3650,Frankfurt,Consumer,2025-08-18
3651,Customer_3651,Berlin,Consumer,2023-10-24
3652,Customer_3652,Hamburg,Corporate,2024-11-24
3653,Customer_3653,Leipzig,Corporate,2024-02-03
3654,Customer_3654,Leipzig,Consumer,2025-08-03
3655,Customer_3655,Cologne,Small Business,2024-06-17
3656,Customer_3656,Munich,Consumer,2024-02-06
3657,Customer_3657,Leipzig,Corporate,2023-05-10
3658,Customer_3658,Leipzig,Corporate,2023-10-19
3659,Customer_3659,Bremen,Consumer,2023-10-03
3660,Customer_3660,Cologne,Consumer,2025-06-30
3661,Customer_3661,Hamburg,Corporate,2025-07-14
3662,Customer_3662,Munich,Consumer,2023-02-24
3663,Customer_3663,Düsseldorf,Corporate,2025-01-08
3664,Customer_3664,Berlin,Corporate,2025-11-15
3665,Customer_3665,Dresden,Corporate,2025-02-03
3666,Customer_3666,Frankfurt,Consumer,2024-10-03
3667,Customer_3667,Leipzig,Consumer,2024-12-24
3668,Customer_3668,Cologne,Corporate,2025-03-12
3669,Customer_3669,Dresden,Consumer,2025-01-07
3670,Customer_3670,Frankfurt,Corporate,2025-01-27
3671,Customer_3671,Frankfurt,Corporate,2024-07-20
3672,Customer_3672,Düsseldorf,Consumer,2023-12-06
3673,Customer_3673,Düsseldorf,Corporate,2023-06-02
3674,Customer_3674,Düsseldorf,Consumer,2025-09-30
3675,Customer_3675,Stuttgart,Consumer,2024-03-02
3676,Customer_3676,Stuttgart,Small Business,2025-09-29
3677,Customer_3677,Frankfurt,Small Business,2023-07-23
3678,Customer_3678,Düsseldorf,Consumer,2023-11-21
3679,Customer_3679,Bremen,Small Business,2025-08-07
3680,Customer_3680,Leipzig,Consumer,2025-08-08
3681,Customer_3681,Dresden,Consumer,2025-07-27
3682,Customer_3682,Dresden,Consumer,2025-08-14
3683,Customer_3683,Stuttgart,Small Business,2025-06-12
3684,Customer_3684,Frankfurt,Consumer,2024-03-10
3685,Customer_3685,Cologne,Consumer,2024-01-06
3686,Customer_3686,Hamburg,Consumer,2025-07-21
3687,Customer_3687,Hamburg,Corporate,2023-09-06
3688,Customer_3688,Stuttgart,Consumer,2025-06-09
3689,Customer_3689,Cologne,Consumer,2023-06-30
3690,Customer_3690,Stuttgart,Consumer,2024-12-03
3691,Customer_3691,Hamburg,Consumer,2025-09-25
3692,Customer_3692,Cologne,Corporate,2023-03-19
3693,Customer_3693,Düsseldorf,Consumer,2025-07-07
3694,Customer_3694,Frankfurt,Corporate,2025-06-03
3695,Customer_3695,Dresden,Consumer,2023-12-02
3696,Customer_3696,Bremen,Small Business,2023-02-19
3697,Customer_3697,Munich,Consumer,2023-03-26
3698,Customer_3698,Frankfurt,Consumer,2024-11-25
3699,Customer_3699,Düsseldorf,Consumer,2023-01-04
3700,Customer_3700,Hamburg,Corporate,2025-09-19
3701,Customer_3701,Düsseldorf,Small Business,2023-11-13
3702,Customer_3702,Stuttgart,Consumer,2025-02-01
3703,Customer_3703,Cologne,Corporate,2024-09-03
3704,Customer_3704,Dresden,Consumer,2025-10-01
3705,Customer_3705,Leipzig,Consumer,2025-07-02
3706,Customer_3706,Stuttgart,Consumer,2025-03-09
3707,Customer_3707,Frankfurt,Corporate,2023-04-29
3708,Customer_3708,Stuttgart,Corporate,2023-12-16
3709,Customer_3709,Frankfurt,Consumer,2025-07-05
3710,Customer_3710,Leipzig,Consumer,2024-11-17
3711,Customer_3711,Berlin,Consumer,2024-06-25
3712,Customer_3712,Dresden,Consumer,2025-12-14
3713,Customer_3713,Bremen,Consumer,2023-12-27
3714,Customer_3714,Bremen,Consumer,2024-12-08
3715,Customer_3715,Munich,Consumer,2024-11-15
3716,Customer_3716,Düsseldorf,Consumer,2023-11-26
3717,Customer_3717,Berlin,Consumer,2023-08-07
3718,Customer_3718,Bremen,Consumer,2023-07-27
3719,Customer_3719,Stuttgart,Consumer,2025-04-24
3720,Customer_3720,Düsseldorf,Corporate,2023-03-26
3721,Customer_3721,Berlin,Consumer,2024-11-15
3722,Customer_3722,Cologne,Consumer,2023-09-02
3723,Customer_3723,Cologne,Consumer,2025-05-21
3724,Customer_3724,Düsseldorf,Consumer,2025-10-19
3725,Customer_3725,Frankfurt,Consumer,2024-08-18
3726,Customer_3726,Frankfurt,Consumer,2024-11-15
3727,Customer_3727,Stuttgart,Consumer,2025-10-10
3728,Customer_3728,Berlin,Small Business,2025-10-10
3729,Customer_3729,Berlin,Consumer,2023-12-16
3730,Customer_3730,Düsseldorf,Consumer,2023-10-09
3731,Customer_3731,Hamburg,Corporate,2023-10-20
3732,Customer_3732,Cologne,Consumer,2025-09-10
3733,Customer_3733,Berlin,Corporate,2023-01-20
3734,Customer_3734,Düsseldorf,Consumer,2025-01-28
3735,Customer_3735,Leipzig,Small Business,2024-02-09
3736,Customer_3736,Munich,Consumer,2024-12-01
3737,Customer_3737,Leipzig,Consumer,2025-09-06
3738,Customer_3738,Dresden,Small Business,2023-01-26
3739,Customer_3739,Stuttgart,Consumer,2024-07-19
3740,Customer_3740,Berlin,Consumer,2024-01-30
3741,Customer_3741,Dresden,Corporate,2025-09-27
3742,Customer_3742,Bremen,Consumer,2024-06-06
3743,Customer_3743,Dresden,Consumer,2025-05-11
3744,Customer_3744,Düsseldorf,Corporate,2025-03-12
3745,Customer_3745,Berlin,Consumer,2024-07-03
3746,Customer_3746,Munich,Corporate,2023-03-28
3747,Customer_3747,Düsseldorf,Small Business,2025-04-12
3748,Customer_3748,Düsseldorf,Consumer,2024-01-22
3749,Customer_3749,Stuttgart,Consumer,2025-08-20
3750,Customer_3750,Stuttgart,Consumer,2024-10-29
3751,Customer_3751,Cologne,Consumer,2023-10-13
3752,Customer_3752,Cologne,Small Business,2024-11-28
3753,Customer_3753,Frankfurt,Consumer,2025-08-22
3754,Customer_3754,Hamburg,Consumer,2024-01-04
3755,Customer_3755,Berlin,Corporate,2024-10-16
3756,Customer_3756,Berlin,Small Business,2024-10-15
3757,Customer_3757,Dresden,Consumer,2024-11-27
3758,Customer_3758,Berlin,Consumer,2025-10-20
3759,Customer_3759,Berlin,Corporate,2025-07-03
3760,Customer_3760,Hamburg,Small Business,2023-10-15
3761,Customer_3761,Bremen,Consumer,2023-04-05
3762,Customer_3762,Cologne,Consumer,2024-10-30
3763,Customer_3763,Cologne,Consumer,2023-02-10
3764,Customer_3764,Munich,Consumer,2023-11-27
3765,Customer_3765,Berlin,Consumer,2024-05-18
3766,Customer_3766,Hamburg,Small Business,2023-10-02
3767,Customer_3767,Cologne,Small Business,2023-06-28
3768,Customer_3768,Hamburg,Small Business,2023-05-17
3769,Customer_3769,Leipzig,Consumer,2025-02-05
3770,Customer_3770,Bremen,Corporate,2025-09-14
3771,Customer_3771,Berlin,Corporate,2023-08-31
3772,Customer_3772,Munich,Consumer,2023-07-16
3773,Customer_3773,Dresden,Consumer,2024-06-09
3774,Customer_3774,Cologne,Consumer,2024-09-23
3775,Customer_3775,Leipzig,Small Business,2024-02-12
3776,Customer_3776,Hamburg,Consumer,2024-11-21
3777,Customer_3777,Stuttgart,Small Business,2023-06-19
3778,Customer_3778,Düsseldorf,Consumer,2023-06-08
3779,Customer_3779,Berlin,Corporate,2024-03-22
3780,Customer_3780,Berlin,Consumer,2025-10-14
3781,Customer_3781,Leipzig,Corporate,2025-12-16
3782,Customer_3782,Hamburg,Consumer,2023-04-22
3783,Customer_3783,Frankfurt,Small Business,2023-02-17
3784,Customer_3784,Berlin,Consumer,2024-01-11
3785,Customer_3785,Frankfurt,Consumer,2025-04-07
3786,Customer_3786,Stuttgart,Consumer,2023-02-02
3787,Customer_3787,Leipzig,Consumer,2024-05-18
3788,Customer_3788,Hamburg,Consumer,2024-09-18
3789,Customer_3789,Hamburg,Consumer,2025-10-23
3790,Customer_3790,Bremen,Small Business,2023-02-11
3791,Customer_3791,Düsseldorf,Consumer,2023-01-09
3792,Customer_3792,Cologne,Corporate,2025-09-26
3793,Customer_3793,Cologne,Consumer,2025-03-29
3794,Customer_3794,Dresden,Consumer,2024-10-18
3795,Customer_3795,Munich,Small Business,2025-02-28
3796,Customer_3796,Leipzig,Consumer,2025-11-16
3797,Customer_3797,Stuttgart,Small Business,2025-12-02
3798,Customer_3798,Hamburg,Consumer,2024-08-20
3799,Customer_3799,Düsseldorf,Consumer,2025-07-24
3800,Customer_3800,Frankfurt,Small Business,2025-10-08
3801,Customer_3801,Leipzig,Corporate,2023-01-21
3802,Customer_3802,Dresden,Consumer,2025-09-25
3803,Customer_3803,Leipzig,Consumer,2024-04-01
3804,Customer_3804,Dresden,Corporate,2025-10-10
3805,Customer_3805,Hamburg,Consumer,2023-09-22
3806,Customer_3806,Munich,Corporate,2023-07-03
3807,Customer_3807,Dresden,Consumer,2023-08-15
3808,Customer_3808,Hamburg,Consumer,2025-12-28
3809,Customer_3809,Hamburg,Small Business,2025-08-26
3810,Customer_3810,Munich,Consumer,2025-03-15
3811,Customer_3811,Cologne,Consumer,2024-12-23
3812,Customer_3812,Leipzig,Corporate,2025-09-28
3813,Customer_3813,Berlin,Consumer,2025-05-24
3814,Customer_3814,Berlin,Consumer,2023-03-25
3815,Customer_3815,Frankfurt,Consumer,2025-01-09
3816,Customer_3816,Frankfurt,Consumer,2023-08-11
3817,Customer_3817,Berlin,Consumer,2025-03-03
3818,Customer_3818,Stuttgart,Consumer,2025-01-02
3819,Customer_3819,Berlin,Consumer,2024-02-09
3820,Customer_3820,Frankfurt,Consumer,2023-11-25
3821,Customer_3821,Düsseldorf,Corporate,2024-03-01
3822,Customer_3822,Frankfurt,Consumer,2025-02-08
3823,Customer_3823,Stuttgart,Consumer,2024-08-30
3824,Customer_3824,Leipzig,Small Business,2024-06-09
3825,Customer_3825,Berlin,Consumer,2024-09-16
3826,Customer_3826,Munich,Corporate,2023-03-18
3827,Customer_3827,Düsseldorf,Consumer,2025-07-08
3828,Customer_3828,Hamburg,Small Business,2025-08-03
3829,Customer_3829,Stuttgart,Small Business,2024-04-10
3830,Customer_3830,Frankfurt,Consumer,2024-05-06
3831,Customer_3831,Munich,Consumer,2023-11-09
3832,Customer_3832,Dresden,Consumer,2023-11-04
3833,Customer_3833,Cologne,Consumer,2024-11-21
3834,Customer_3834,Berlin,Consumer,2023-03-30
3835,Customer_3835,Cologne,Corporate,2025-01-04
3836,Customer_3836,Stuttgart,Consumer,2025-02-16
3837,Customer_3837,Dresden,Consumer,2025-01-20
3838,Customer_3838,Dresden,Corporate,2024-01-06
3839,Customer_3839,Dresden,Consumer,2024-03-26
3840,Customer_3840,Hamburg,Small Business,2023-06-16
3841,Customer_3841,Stuttgart,Corporate,2024-01-27
3842,Customer_3842,Leipzig,Consumer,2025-01-05
3843,Customer_3843,Cologne,Consumer,2024-05-05
3844,Customer_3844,Leipzig,Consumer,2025-07-13
3845,Customer_3845,Munich,Corporate,2025-12-02
3846,Customer_3846,Bremen,Consumer,2025-08-02
3847,Customer_3847,Düsseldorf,Corporate,2023-01-29
3848,Customer_3848,Düsseldorf,Corporate,2025-11-20
3849,Customer_3849,Leipzig,Consumer,2024-11-23
3850,Customer_3850,Bremen,Small Business,2023-05-08
3851,Customer_3851,Bremen,Consumer,2025-02-05
3852,Customer_3852,Berlin,Small Business,2024-03-16
3853,Customer_3853,Munich,Consumer,2025-05-18
3854,Customer_3854,Stuttgart,Consumer,2024-06-07
3855,Customer_3855,Bremen,Consumer,2025-01-29
3856,Customer_3856,Frankfurt,Corporate,2023-04-20
3857,Customer_3857,Düsseldorf,Consumer,2023-06-12
3858,Customer_3858,Frankfurt,Consumer,2024-07-13
3859,Customer_3859,Munich,Consumer,2024-02-03
3860,Customer_3860,Bremen,Consumer,2024-08-05
3861,Customer_3861,Cologne,Corporate,2024-02-03
3862,Customer_3862,Düsseldorf,Small Business,2023-08-27
3863,Customer_3863,Berlin,Consumer,2025-11-21
3864,Customer_3864,Berlin,Consumer,2023-04-20
3865,Customer_3865,Dresden,Consumer,2023-10-27
3866,Customer_3866,Hamburg,Consumer,2025-09-28
3867,Customer_3867,Bremen,Consumer,2025-02-02
3868,Customer_3868,Munich,Consumer,2023-09-06
3869,Customer_3869,Düsseldorf,Consumer,2024-06-04
3870,Customer_3870,Hamburg,Consumer,2023-02-03
3871,Customer_3871,Munich,Small Business,2023-08-16
3872,Customer_3872,Leipzig,Consumer,2024-08-07
3873,Customer_3873,Bremen,Consumer,2025-08-15
3874,Customer_3874,Stuttgart,Corporate,2025-03-23
3875,Customer_3875,Stuttgart,Corporate,2024-12-24
3876,Customer_3876,Bremen,Consumer,2024-08-06
3877,Customer_3877,Dresden,Consumer,2024-07-23
3878,Customer_3878,Dresden,Small Business,2023-08-08
3879,Customer_3879,Stuttgart,Consumer,2025-02-25
3880,Customer_3880,Cologne,Consumer,2024-06-11
3881,Customer_3881,Düsseldorf,Consumer,2023-03-16
3882,Customer_3882,Stuttgart,Consumer,2023-05-16
3883,Customer_3883,Cologne,Consumer,2023-03-15
3884,Customer_3884,Hamburg,Corporate,2023-09-11
3885,Customer_3885,Cologne,Consumer,2025-11-07
3886,Customer_3886,Hamburg,Consumer,2025-10-18
3887,Customer_3887,Munich,Consumer,2025-12-02
3888,Customer_3888,Frankfurt,Consumer,2023-02-19
3889,Customer_3889,Munich,Corporate,2024-05-29
3890,Customer_3890,Stuttgart,Consumer,2025-01-13
3891,Customer_3891,Hamburg,Small Business,2024-12-31
3892,Customer_3892,Stuttgart,Consumer,2024-07-24
3893,Customer_3893,Bremen,Consumer,2024-07-29
3894,Customer_3894,Düsseldorf,Corporate,2025-06-21
3895,Customer_3895,Berlin,Consumer,2023-07-21
3896,Customer_3896,Stuttgart,Consumer,2023-07-26
3897,Customer_3897,Düsseldorf,Corporate,2024-02-19
3898,Customer_3898,Cologne,Consumer,2023-08-09
3899,Customer_3899,Munich,Small Business,2025-01-27
3900,Customer_3900,Cologne,Small Business,2025-02-01
3901,Customer_3901,Berlin,Consumer,2024-07-16
3902,Customer_3902,Hamburg,Consumer,2024-01-04
3903,Customer_3903,Bremen,Consumer,2025-06-14
3904,Customer_3904,Düsseldorf,Consumer,2023-07-23
3905,Customer_3905,Bremen,Corporate,2025-11-14
3906,Customer_3906,Frankfurt,Corporate,2025-08-14
3907,Customer_3907,Stuttgart,Consumer,2023-03-10
3908,Customer_3908,Hamburg,Consumer,2024-05-30
3909,Customer_3909,Frankfurt,Consumer,2023-08-28
3910,Customer_3910,Leipzig,Consumer,2023-12-27
3911,Customer_3911,Stuttgart,Corporate,2025-11-20
3912,Customer_3912,Cologne,Consumer,2024-12-07
3913,Customer_3913,Munich,Corporate,2024-11-20
3914,Customer_3914,Düsseldorf,Corporate,2024-10-18
3915,Customer_3915,Berlin,Corporate,2023-12-10
3916,Customer_3916,Berlin,Consumer,2024-06-19
3917,Customer_3917,Cologne,Corporate,2023-12-21
3918,Customer_3918,Dresden,Consumer,2025-07-16
3919,Customer_3919,Berlin,Corporate,2025-09-09
3920,Customer_3920,Düsseldorf,Consumer,2023-04-15
3921,Customer_3921,Cologne,Consumer,2025-08-19
3922,Customer_3922,Hamburg,Consumer,2024-06-10
3923,Customer_3923,Berlin,Consumer,2024-05-18
3924,Customer_3924,Bremen,Consumer,2025-07-19
3925,Customer_3925,Cologne,Small Business,2024-12-09
3926,Customer_3926,Düsseldorf,Consumer,2023-08-23
3927,Customer_3927,Bremen,Consumer,2025-10-26
3928,Customer_3928,Stuttgart,Consumer,2024-05-08
3929,Customer_3929,Stuttgart,Consumer,2025-05-27
3930,Customer_3930,Berlin,Consumer,2025-08-24
3931,Customer_3931,Bremen,Consumer,2025-08-23
3932,Customer_3932,Munich,Consumer,2025-08-21
3933,Customer_3933,Stuttgart,Consumer,2025-06-15
3934,Customer_3934,Munich,Corporate,2023-08-05
3935,Customer_3935,Hamburg,Consumer,2024-09-14
3936,Customer_3936,Cologne,Small Business,2023-12-19
3937,Customer_3937,Frankfurt,Consumer,2024-11-22
3938,Customer_3938,Düsseldorf,Consumer,2024-11-05
3939,Customer_3939,Cologne,Consumer,2024-09-22
3940,Customer_3940,Düsseldorf,Consumer,2023-11-21
3941,Customer_3941,Bremen,Small Business,2025-06-19
3942,Customer_3942,Hamburg,Small Business,2023-11-04
3943,Customer_3943,Leipzig,Consumer,2024-10-15
3944,Customer_3944,Berlin,Consumer,2023-10-12
3945,Customer_3945,Düsseldorf,Consumer,2024-01-27
3946,Customer_3946,Düsseldorf,Consumer,2023-12-26
3947,Customer_3947,Bremen,Consumer,2025-02-07
3948,Customer_3948,Munich,Small Business,2025-03-07
3949,Customer_3949,Cologne,Small Business,2025-07-20
3950,Customer_3950,Leipzig,Small Business,2023-06-14
3951,Customer_3951,Dresden,Corporate,2025-01-02
3952,Customer_3952,Berlin,Corporate,2024-08-03
3953,Customer_3953,Frankfurt,Consumer,2025-03-31
3954,Customer_3954,Dresden,Consumer,2023-05-04
3955,Customer_3955,Cologne,Consumer,2023-12-10
3956,Customer_3956,Berlin,Corporate,2024-06-07
3957,Customer_3957,Düsseldorf,Corporate,2025-12-11
3958,Customer_3958,Frankfurt,Corporate,2023-05-09
3959,Customer_3959,Munich,Small Business,2024-10-18
3960,Customer_3960,Leipzig,Small Business,2025-01-07
3961,Customer_3961,Munich,Small Business,2025-07-27
3962,Customer_3962,Hamburg,Consumer,2023-03-12
3963,Customer_3963,Bremen,Corporate,2023-09-30
3964,Customer_3964,Berlin,Consumer,2025-10-23
3965,Customer_3965,Munich,Consumer,2023-01-22
3966,Customer_3966,Dresden,Small Business,2023-06-15
3967,Customer_3967,Bremen,Small Business,2025-05-24
3968,Customer_3968,Munich,Consumer,2024-05-12
3969,Customer_3969,Stuttgart,Consumer,2024-03-09
3970,Customer_3970,Hamburg,Corporate,2025-01-27
3971,Customer_3971,Cologne,Consumer,2023-08-22
3972,Customer_3972,Leipzig,Small Business,2025-04-16
3973,Customer_3973,Hamburg,Consumer,2024-10-24
3974,Customer_3974,Bremen,Consumer,2024-12-25
3975,Customer_3975,Stuttgart,Consumer,2024-01-11
3976,Customer_3976,Berlin,Consumer,2024-12-30
3977,Customer_3977,Dresden,Consumer,2023-10-30
3978,Customer_3978,Leipzig,Small Business,2024-02-09
3979,Customer_3979,Leipzig,Consumer,2024-12-08
3980,Customer_3980,Hamburg,Consumer,2025-07-05
3981,Customer_3981,Bremen,Consumer,2023-01-21
3982,Customer_3982,Berlin,Consumer,2023-09-14
3983,Customer_3983,Düsseldorf,Corporate,2024-02-03
3984,Customer_3984,Stuttgart,Consumer,2023-02-20
3985,Customer_3985,Düsseldorf,Corporate,2024-03-22
3986,Customer_3986,Dresden,Consumer,2025-04-06
3987,Customer_3987,Berlin,Consumer,2024-08-17
3988,Customer_3988,Berlin,Consumer,2025-03-28
3989,Customer_3989,Stuttgart,Consumer,2024-09-27
3990,Customer_3990,Frankfurt,Corporate,2025-12-08
3991,Customer_3991,Düsseldorf,Consumer,2025-02-13
3992,Customer_3992,Munich,Corporate,2025-08-30
3993,Customer_3993,Leipzig,Consumer,2024-02-01
3994,Customer_3994,Frankfurt,Corporate,2024-11-13
3995,Customer_3995,Munich,Small Business,2025-11-16
3996,Customer_3996,Bremen,Consumer,2024-12-11
3997,Customer_3997,Stuttgart,Consumer,2024-06-12
3998,Customer_3998,Bremen,Small Business,2024-11-15
3999,Customer_3999,Leipzig,Consumer,2024-09-04
4000,Customer_4000,Cologne,Consumer,2023-07-05
4001,Customer_4001,Munich,Consumer,2024-11-26
4002,Customer_4002,Frankfurt,Corporate,2023-08-03
4003,Customer_4003,Munich,Corporate,2023-08-04
4004,Customer_4004,Munich,Consumer,2023-01-29
4005,Customer_4005,Stuttgart,Consumer,2023-04-12
4006,Customer_4006,Bremen,Small Business,2023-05-03
4007,Customer_4007,Düsseldorf,Consumer,2023-02-23
4008,Customer_4008,Cologne,Consumer,2024-09-07
4009,Customer_4009,Stuttgart,Consumer,2024-07-10
4010,Customer_4010,Dresden,Corporate,2023-04-24
4011,Customer_4011,Stuttgart,Consumer,2025-05-04
4012,Customer_4012,Leipzig,Corporate,2024-11-06
4013,Customer_4013,Cologne,Consumer,2025-09-03
4014,Customer_4014,Berlin,Corporate,2024-12-01
4015,Customer_4015,Dresden,Corporate,2023-10-19
4016,Customer_4016,Hamburg,Consumer,2023-09-18
4017,Customer_4017,Stuttgart,Consumer,2024-07-17
4018,Customer_4018,Munich,Consumer,2023-02-18
4019,Customer_4019,Düsseldorf,Consumer,2025-10-26
4020,Customer_4020,Berlin,Corporate,2024-01-14
4021,Customer_4021,Stuttgart,Consumer,2023-08-12
4022,Customer_4022,Stuttgart,Corporate,2025-11-12
4023,Customer_4023,Frankfurt,Consumer,2025-10-04
4024,Customer_4024,Frankfurt,Consumer,2024-10-18
4025,Customer_4025,Berlin,Consumer,2023-04-20
4026,Customer_4026,Bremen,Consumer,2024-12-24
4027,Customer_4027,Frankfurt,Consumer,2024-07-06
4028,Customer_4028,Munich,Corporate,2025-10-02
4029,Customer_4029,Dresden,Consumer,2024-11-28
4030,Customer_4030,Hamburg,Consumer,2024-12-26
4031,Customer_4031,Cologne,Corporate,2023-11-02
4032,Customer_4032,Hamburg,Corporate,2025-08-16
4033,Customer_4033,Hamburg,Consumer,2025-08-11
4034,Customer_4034,Cologne,Consumer,2024-09-12
4035,Customer_4035,Frankfurt,Consumer,2024-09-21
4036,Customer_4036,Berlin,Corporate,2025-05-26
4037,Customer_4037,Cologne,Small Business,2024-07-09
4038,Customer_4038,Leipzig,Small Business,2023-03-08
4039,Customer_4039,Bremen,Corporate,2025-04-14
4040,Customer_4040,Dresden,Consumer,2023-07-25
4041,Customer_4041,Düsseldorf,Corporate,2025-02-24
4042,Customer_4042,Frankfurt,Consumer,2023-06-04
4043,Customer_4043,Bremen,Consumer,2025-12-08
4044,Customer_4044,Cologne,Consumer,2025-02-21
4045,Customer_4045,Leipzig,Small Business,2024-08-07
4046,Customer_4046,Düsseldorf,Small Business,2024-12-08
4047,Customer_4047,Dresden,Consumer,2023-06-28
4048,Customer_4048,Dresden,Corporate,2025-12-07
4049,Customer_4049,Frankfurt,Corporate,2023-04-23
4050,Customer_4050,Cologne,Consumer,2025-01-26
4051,Customer_4051,Bremen,Consumer,2025-06-15
4052,Customer_4052,Berlin,Corporate,2025-03-31
4053,Customer_4053,Bremen,Consumer,2023-06-08
4054,Customer_4054,Bremen,Consumer,2025-02-24
4055,Customer_4055,Dresden,Corporate,2025-11-19
4056,Customer_4056,Berlin,Small Business,2023-09-08
4057,Customer_4057,Berlin,Corporate,2023-04-23
4058,Customer_4058,Frankfurt,Corporate,2023-09-16
4059,Customer_4059,Düsseldorf,Consumer,2023-04-17
4060,Customer_4060,Stuttgart,Consumer,2024-07-28
4061,Customer_4061,Hamburg,Consumer,2025-09-17
4062,Customer_4062,Hamburg,Consumer,2024-03-02
4063,Customer_4063,Dresden,Small Business,2025-05-08
4064,Customer_4064,Stuttgart,Consumer,2025-07-06
4065,Customer_4065,Düsseldorf,Consumer,2024-09-18
4066,Customer_4066,Stuttgart,Consumer,2024-04-19
4067,Customer_4067,Frankfurt,Small Business,2024-07-05
4068,Customer_4068,Bremen,Consumer,2023-12-10
4069,Customer_4069,Dresden,Consumer,2024-09-19
4070,Customer_4070,Berlin,Consumer,2023-05-16
4071,Customer_4071,Dresden,Corporate,2023-10-04
4072,Customer_4072,Hamburg,Consumer,2023-01-31
4073,Customer_4073,Düsseldorf,Consumer,2023-09-04
4074,Customer_4074,Stuttgart,Consumer,2024-02-15
4075,Customer_4075,Düsseldorf,Corporate,2023-01-27
4076,Customer_4076,Frankfurt,Consumer,2023-03-14
4077,Customer_4077,Dresden,Consumer,2024-11-03
4078,Customer_4078,Cologne,Consumer,2024-04-20
4079,Customer_4079,Dresden,Consumer,2023-10-14
4080,Customer_4080,Berlin,Corporate,2023-07-31
4081,Customer_4081,Dresden,Consumer,2024-02-05
4082,Customer_4082,Leipzig,Small Business,2024-10-16
4083,Customer_4083,Frankfurt,Small Business,2025-11-23
4084,Customer_4084,Munich,Consumer,2024-05-12
4085,Customer_4085,Frankfurt,Corporate,2025-04-27
4086,Customer_4086,Stuttgart,Corporate,2023-04-08
4087,Customer_4087,Munich,Small Business,2024-01-01
4088,Customer_4088,Stuttgart,Consumer,2024-04-07
4089,Customer_4089,Stuttgart,Consumer,2023-01-28
4090,Customer_4090,Berlin,Consumer,2024-12-13
4091,Customer_4091,Berlin,Small Business,2023-09-30
4092,Customer_4092,Bremen,Consumer,2025-04-05
4093,Customer_4093,Hamburg,Consumer,2023-07-21
4094,Customer_4094,Bremen,Consumer,2024-03-25
4095,Customer_4095,Bremen,Consumer,2023-01-19
4096,Customer_4096,Hamburg,Consumer,2023-11-07
4097,Customer_4097,Cologne,Consumer,2024-02-16
4098,Customer_4098,Munich,Consumer,2025-01-11
4099,Customer_4099,Düsseldorf,Small Business,2024-09-15
4100,Customer_4100,Bremen,Consumer,2025-01-01
4101,Customer_4101,Dresden,Corporate,2024-09-26
4102,Customer_4102,Dresden,Consumer,2024-05-12
4103,Customer_4103,Stuttgart,Consumer,2023-09-01
4104,Customer_4104,Hamburg,Corporate,2024-11-20
4105,Customer_4105,Stuttgart,Corporate,2024-07-30
4106,Customer_4106,Leipzig,Consumer,2024-05-29
4107,Customer_4107,Leipzig,Small Business,2023-07-26
4108,Customer_4108,Düsseldorf,Small Business,2025-08-05
4109,Customer_4109,Berlin,Small Business,2024-01-29
4110,Customer_4110,Berlin,Consumer,2025-11-10
4111,Customer_4111,Hamburg,Consumer,2024-12-18
4112,Customer_4112,Hamburg,Consumer,2023-07-21
4113,Customer_4113,Bremen,Corporate,2023-04-30
4114,Customer_4114,Leipzig,Consumer,2024-01-24
4115,Customer_4115,Bremen,Corporate,2023-08-22
4116,Customer_4116,Berlin,Consumer,2024-08-24
4117,Customer_4117,Munich,Consumer,2024-12-12
4118,Customer_4118,Munich,Consumer,2025-09-08
4119,Customer_4119,Hamburg,Corporate,2025-05-06
4120,Customer_4120,Stuttgart,Consumer,2023-03-17
4121,Customer_4121,Berlin,Corporate,2024-10-10
4122,Customer_4122,Munich,Consumer,2024-10-11
4123,Customer_4123,Berlin,Corporate,2024-05-10
4124,Customer_4124,Frankfurt,Small Business,2025-04-09
4125,Customer_4125,Dresden,Corporate,2024-04-27
4126,Customer_4126,Leipzig,Small Business,2025-12-19
4127,Customer_4127,Bremen,Consumer,2025-09-17
4128,Customer_4128,Berlin,Consumer,2024-09-10
4129,Customer_4129,Dresden,Consumer,2024-07-03
4130,Customer_4130,Frankfurt,Consumer,2024-10-07
4131,Customer_4131,Bremen,Corporate,2024-05-16
4132,Customer_4132,Berlin,Consumer,2025-04-25
4133,Customer_4133,Hamburg,Consumer,2023-02-22
4134,Customer_4134,Dresden,Consumer,2024-03-25
4135,Customer_4135,Bremen,Consumer,2023-03-03
4136,Customer_4136,Berlin,Consumer,2025-11-12
4137,Customer_4137,Dresden,Corporate,2023-02-13
4138,Customer_4138,Frankfurt,Consumer,2025-03-30
4139,Customer_4139,Berlin,Consumer,2024-10-20
4140,Customer_4140,Berlin,Consumer,2024-12-28
4141,Customer_4141,Berlin,Corporate,2025-05-01
4142,Customer_4142,Düsseldorf,Consumer,2023-02-16
4143,Customer_4143,Hamburg,Small Business,2025-03-30
4144,Customer_4144,Frankfurt,Consumer,2025-11-13
4145,Customer_4145,Bremen,Consumer,2023-03-30
4146,Customer_4146,Düsseldorf,Consumer,2025-01-04
4147,Customer_4147,Stuttgart,Consumer,2023-06-27
4148,Customer_4148,Düsseldorf,Corporate,2025-10-15
4149,Customer_4149,Leipzig,Consumer,2025-12-18
4150,Customer_4150,Leipzig,Consumer,2025-06-19
4151,Customer_4151,Berlin,Corporate,2024-03-13
4152,Customer_4152,Düsseldorf,Consumer,2024-03-01
4153,Customer_4153,Stuttgart,Consumer,2025-08-25
4154,Customer_4154,Düsseldorf,Corporate,2024-04-30
4155,Customer_4155,Hamburg,Consumer,2024-04-04
4156,Customer_4156,Hamburg,Small Business,2025-07-09
4157,Customer_4157,Stuttgart,Consumer,2025-11-04
4158,Customer_4158,Düsseldorf,Corporate,2025-01-17
4159,Customer_4159,Dresden,Consumer,2023-02-20
4160,Customer_4160,Hamburg,Small Business,2023-11-05
4161,Customer_4161,Hamburg,Consumer,2025-11-23
4162,Customer_4162,Munich,Corporate,2025-10-01
4163,Customer_4163,Düsseldorf,Consumer,2024-09-26
4164,Customer_4164,Hamburg,Consumer,2023-07-24
4165,Customer_4165,Frankfurt,Consumer,2025-01-09
4166,Customer_4166,Düsseldorf,Corporate,2025-12-29
4167,Customer_4167,Leipzig,Small Business,2024-06-16
4168,Customer_4168,Munich,Consumer,2023-04-18
4169,Customer_4169,Hamburg,Consumer,2025-05-25
4170,Customer_4170,Munich,Corporate,2023-09-08
4171,Customer_4171,Leipzig,Consumer,2023-05-15
4172,Customer_4172,Stuttgart,Small Business,2024-11-19
4173,Customer_4173,Stuttgart,Consumer,2024-02-11
4174,Customer_4174,Düsseldorf,Corporate,2023-04-12
4175,Customer_4175,Leipzig,Consumer,2024-11-23
4176,Customer_4176,Cologne,Consumer,2024-02-08
4177,Customer_4177,Cologne,Corporate,2025-03-24
4178,Customer_4178,Düsseldorf,Small Business,2025-10-22
4179,Customer_4179,Berlin,Small Business,2025-05-04
4180,Customer_4180,Munich,Consumer,2025-10-23
4181,Customer_4181,Munich,Consumer,2025-07-30
4182,Customer_4182,Stuttgart,Consumer,2025-10-17
4183,Customer_4183,Cologne,Small Business,2023-06-26
4184,Customer_4184,Bremen,Consumer,2025-05-22
4185,Customer_4185,Hamburg,Consumer,2024-04-21
4186,Customer_4186,Hamburg,Consumer,2024-02-02
4187,Customer_4187,Hamburg,Consumer,2023-08-08
4188,Customer_4188,Stuttgart,Small Business,2023-06-22
4189,Customer_4189,Leipzig,Consumer,2025-01-05
4190,Customer_4190,Dresden,Consumer,2024-05-16
4191,Customer_4191,Cologne,Consumer,2025-01-30
4192,Customer_4192,Cologne,Consumer,2023-05-11
4193,Customer_4193,Bremen,Consumer,2025-03-08
4194,Customer_4194,Munich,Consumer,2025-03-09
4195,Customer_4195,Berlin,Corporate,2025-07-18
4196,Customer_4196,Düsseldorf,Consumer,2024-12-23
4197,Customer_4197,Munich,Consumer,2025-11-09
4198,Customer_4198,Leipzig,Consumer,2023-08-03
4199,Customer_4199,Düsseldorf,Corporate,2024-05-02
4200,Customer_4200,Cologne,Consumer,2023-11-09
4201,Customer_4201,Leipzig,Corporate,2023-03-20
4202,Customer_4202,Düsseldorf,Consumer,2023-06-29
4203,Customer_4203,Bremen,Corporate,2025-09-30
4204,Customer_4204,Bremen,Consumer,2024-11-05
4205,Customer_4205,Frankfurt,Small Business,2023-01-14
4206,Customer_4206,Dresden,Consumer,2025-05-08
4207,Customer_4207,Bremen,Consumer,2023-09-03
4208,Customer_4208,Cologne,Corporate,2025-11-03
4209,Customer_4209,Berlin,Consumer,2023-04-09
4210,Customer_4210,Hamburg,Small Business,2023-02-02
4211,Customer_4211,Frankfurt,Consumer,2023-09-14
4212,Customer_4212,Hamburg,Small Business,2023-02-03
4213,Customer_4213,Dresden,Corporate,2023-01-19
4214,Customer_4214,Düsseldorf,Small Business,2024-08-11
4215,Customer_4215,Stuttgart,Small Business,2023-05-17
4216,Customer_4216,Bremen,Small Business,2023-12-25
4217,Customer_4217,Berlin,Corporate,2025-01-23
4218,Customer_4218,Dresden,Consumer,2024-02-08
4219,Customer_4219,Hamburg,Consumer,2023-09-07
4220,Customer_4220,Frankfurt,Corporate,2024-03-21
4221,Customer_4221,Bremen,Small Business,2025-08-11
4222,Customer_4222,Cologne,Corporate,2023-10-05
4223,Customer_4223,Bremen,Small Business,2023-04-22
4224,Customer_4224,Frankfurt,Corporate,2025-01-15
4225,Customer_4225,Frankfurt,Consumer,2024-11-18
4226,Customer_4226,Stuttgart,Consumer,2024-01-27
4227,Customer_4227,Bremen,Consumer,2025-08-26
4228,Customer_4228,Bremen,Consumer,2023-05-23
4229,Customer_4229,Stuttgart,Consumer,2025-11-21
4230,Customer_4230,Leipzig,Small Business,2023-06-30
4231,Customer_4231,Leipzig,Corporate,2024-08-01
4232,Customer_4232,Düsseldorf,Consumer,2025-03-08
4233,Customer_4233,Leipzig,Consumer,2023-09-26
4234,Customer_4234,Munich,Consumer,2024-07-06
4235,Customer_4235,Bremen,Consumer,2024-09-24
4236,Customer_4236,Berlin,Consumer,2023-10-02
4237,Customer_4237,Bremen,Consumer,2025-01-12
4238,Customer_4238,Munich,Consumer,2023-03-27
4239,Customer_4239,Munich,Consumer,2025-12-22
4240,Customer_4240,Hamburg,Small Business,2024-02-08
4241,Customer_4241,Bremen,Consumer,2023-07-11
4242,Customer_4242,Dresden,Consumer,2025-11-20
4243,Customer_4243,Munich,Consumer,2023-04-17
4244,Customer_4244,Berlin,Consumer,2024-09-13
4245,Customer_4245,Stuttgart,Corporate,2023-10-03
4246,Customer_4246,Düsseldorf,Corporate,2024-10-12
4247,Customer_4247,Hamburg,Consumer,2024-07-09
4248,Customer_4248,Stuttgart,Corporate,2025-12-23
4249,Customer_4249,Hamburg,Consumer,2024-07-20
4250,Customer_4250,Berlin,Corporate,2024-08-08
4251,Customer_4251,Frankfurt,Consumer,2025-06-03
4252,Customer_4252,Bremen,Consumer,2023-05-09
4253,Customer_4253,Cologne,Corporate,2023-09-13
4254,Customer_4254,Dresden,Corporate,2025-07-22
4255,Customer_4255,Stuttgart,Corporate,2023-08-19
4256,Customer_4256,Bremen,Consumer,2025-05-12
4257,Customer_4257,Dresden,Consumer,2023-12-21
4258,Customer_4258,Frankfurt,Small Business,2023-05-26
4259,Customer_4259,Cologne,Consumer,2025-11-22
4260,Customer_4260,Dresden,Consumer,2023-09-17
4261,Customer_4261,Dresden,Consumer,2023-03-28
4262,Customer_4262,Stuttgart,Consumer,2025-04-22
4263,Customer_4263,Leipzig,Consumer,2023-09-22
4264,Customer_4264,Cologne,Consumer,2024-01-27
4265,Customer_4265,Bremen,Consumer,2023-08-20
4266,Customer_4266,Frankfurt,Small Business,2025-06-19
4267,Customer_4267,Cologne,Consumer,2024-08-10
4268,Customer_4268,Berlin,Consumer,2024-03-22
4269,Customer_4269,Leipzig,Consumer,2024-04-10
4270,Customer_4270,Berlin,Consumer,2025-07-22
4271,Customer_4271,Frankfurt,Consumer,2023-05-08
4272,Customer_4272,Stuttgart,Corporate,2025-11-15
4273,Customer_4273,Stuttgart,Consumer,2024-07-26
4274,Customer_4274,Frankfurt,Corporate,2024-05-25
4275,Customer_4275,Hamburg,Consumer,2024-05-02
4276,Customer_4276,Frankfurt,Consumer,2025-06-09
4277,Customer_4277,Leipzig,Small Business,2024-08-01
4278,Customer_4278,Munich,Consumer,2025-08-07
4279,Customer_4279,Stuttgart,Consumer,2024-02-10
4280,Customer_4280,Düsseldorf,Consumer,2025-11-15
4281,Customer_4281,Leipzig,Consumer,2023-12-30
4282,Customer_4282,Leipzig,Consumer,2025-12-19
4283,Customer_4283,Leipzig,Consumer,2024-07-04
4284,Customer_4284,Dresden,Consumer,2023-10-19
4285,Customer_4285,Leipzig,Consumer,2025-02-27
4286,Customer_4286,Stuttgart,Corporate,2025-03-26
4287,Customer_4287,Munich,Corporate,2023-07-10
4288,Customer_4288,Munich,Corporate,2024-04-05
4289,Customer_4289,Leipzig,Consumer,2024-10-25
4290,Customer_4290,Berlin,Small Business,2023-08-21
4291,Customer_4291,Stuttgart,Corporate,2024-04-18
4292,Customer_4292,Stuttgart,Small Business,2024-10-19
4293,Customer_4293,Cologne,Consumer,2023-09-28
4294,Customer_4294,Bremen,Consumer,2023-06-20
4295,Customer_4295,Hamburg,Corporate,2023-01-28
4296,Customer_4296,Hamburg,Consumer,2023-05-16
4297,Customer_4297,Berlin,Consumer,2025-07-13
4298,Customer_4298,Hamburg,Corporate,2024-02-09
4299,Customer_4299,Cologne,Corporate,2025-09-03
4300,Customer_4300,Frankfurt,Small Business,2025-06-06
4301,Customer_4301,Hamburg,Corporate,2025-05-05
4302,Customer_4302,Stuttgart,Consumer,2024-03-19
4303,Customer_4303,Frankfurt,Consumer,2024-03-09
4304,Customer_4304,Hamburg,Consumer,2024-05-23
4305,Customer_4305,Stuttgart,Consumer,2023-02-03
4306,Customer_4306,Stuttgart,Consumer,2025-10-22
4307,Customer_4307,Leipzig,Consumer,2023-12-28
4308,Customer_4308,Munich,Consumer,2024-08-28
4309,Customer_4309,Berlin,Corporate,2024-12-16
4310,Customer_4310,Cologne,Small Business,2023-09-07
4311,Customer_4311,Dresden,Corporate,2023-05-27
4312,Customer_4312,Bremen,Corporate,2023-12-14
4313,Customer_4313,Hamburg,Consumer,2024-02-03
4314,Customer_4314,Hamburg,Small Business,2023-05-05
4315,Customer_4315,Frankfurt,Consumer,2025-02-01
4316,Customer_4316,Frankfurt,Small Business,2024-02-02
4317,Customer_4317,Bremen,Small Business,2023-05-11
4318,Customer_4318,Hamburg,Small Business,2024-08-27
4319,Customer_4319,Düsseldorf,Consumer,2025-06-10
4320,Customer_4320,Cologne,Consumer,2025-04-01
4321,Customer_4321,Hamburg,Consumer,2025-06-20
4322,Customer_4322,Munich,Consumer,2025-08-02
4323,Customer_4323,Bremen,Consumer,2025-01-01
4324,Customer_4324,Düsseldorf,Consumer,2023-11-30
4325,Customer_4325,Cologne,Consumer,2025-11-09
4326,Customer_4326,Hamburg,Consumer,2023-07-24
4327,Customer_4327,Dresden,Corporate,2025-08-13
4328,Customer_4328,Leipzig,Consumer,2023-12-21
4329,Customer_4329,Munich,Corporate,2025-04-03
4330,Customer_4330,Dresden,Corporate,2025-10-22
4331,Customer_4331,Frankfurt,Consumer,2025-07-29
4332,Customer_4332,Frankfurt,Small Business,2023-06-17
4333,Customer_4333,Hamburg,Consumer,2024-01-03
4334,Customer_4334,Frankfurt,Consumer,2024-06-19
4335,Customer_4335,Munich,Consumer,2025-08-20
4336,Customer_4336,Cologne,Consumer,2024-08-02
4337,Customer_4337,Stuttgart,Consumer,2025-08-07
4338,Customer_4338,Berlin,Consumer,2023-07-26
4339,Customer_4339,Bremen,Consumer,2025-12-08
4340,Customer_4340,Cologne,Consumer,2024-06-27
4341,Customer_4341,Stuttgart,Consumer,2023-05-09
4342,Customer_4342,Düsseldorf,Consumer,2024-09-05
4343,Customer_4343,Munich,Consumer,2023-02-04
4344,Customer_4344,Dresden,Consumer,2025-03-29
4345,Customer_4345,Stuttgart,Consumer,2023-07-18
4346,Customer_4346,Munich,Consumer,2023-03-18
4347,Customer_4347,Leipzig,Consumer,2024-01-04
4348,Customer_4348,Dresden,Small Business,2025-04-12
4349,Customer_4349,Frankfurt,Consumer,2024-06-09
4350,Customer_4350,Frankfurt,Corporate,2023-12-15
4351,Customer_4351,Dresden,Small Business,2024-05-20
4352,Customer_4352,Düsseldorf,Consumer,2024-10-04
4353,Customer_4353,Düsseldorf,Consumer,2023-08-26
4354,Customer_4354,Düsseldorf,Small Business,2023-05-18
4355,Customer_4355,Stuttgart,Corporate,2024-09-03
4356,Customer_4356,Bremen,Consumer,2024-11-10
4357,Customer_4357,Stuttgart,Corporate,2025-04-18
4358,Customer_4358,Hamburg,Corporate,2025-07-26
4359,Customer_4359,Berlin,Consumer,2023-12-21
4360,Customer_4360,Dresden,Small Business,2024-07-31
4361,Customer_4361,Cologne,Consumer,2025-04-26
4362,Customer_4362,Berlin,Consumer,2024-07-12
4363,Customer_4363,Leipzig,Small Business,2025-04-28
4364,Customer_4364,Stuttgart,Corporate,2023-05-20
4365,Customer_4365,Stuttgart,Consumer,2024-10-24
4366,Customer_4366,Munich,Consumer,2023-01-21
4367,Customer_4367,Berlin,Consumer,2023-03-05
4368,Customer_4368,Munich,Corporate,2025-09-16
4369,Customer_4369,Cologne,Corporate,2023-06-11
4370,Customer_4370,Munich,Small Business,2023-05-10
4371,Customer_4371,Berlin,Small Business,2024-08-03
4372,Customer_4372,Dresden,Consumer,2023-08-13
4373,Customer_4373,Leipzig,Consumer,2024-08-02
4374,Customer_4374,Stuttgart,Consumer,2025-09-09
4375,Customer_4375,Cologne,Corporate,2025-10-01
4376,Customer_4376,Stuttgart,Consumer,2023-04-17
4377,Customer_4377,Hamburg,Consumer,2024-09-12
4378,Customer_4378,Leipzig,Consumer,2025-04-19
4379,Customer_4379,Bremen,Consumer,2024-07-30
4380,Customer_4380,Munich,Consumer,2023-07-18
4381,Customer_4381,Frankfurt,Consumer,2024-05-24
4382,Customer_4382,Berlin,Consumer,2024-10-28
4383,Customer_4383,Stuttgart,Consumer,2023-03-20
4384,Customer_4384,Munich,Consumer,2025-06-12
4385,Customer_4385,Cologne,Consumer,2024-05-26
4386,Customer_4386,Stuttgart,Consumer,2023-09-07
4387,Customer_4387,Bremen,Corporate,2025-06-07
4388,Customer_4388,Leipzig,Consumer,2025-10-20
4389,Customer_4389,Leipzig,Corporate,2024-08-21
4390,Customer_4390,Stuttgart,Corporate,2025-01-22
4391,Customer_4391,Cologne,Consumer,2024-08-22
4392,Customer_4392,Leipzig,Consumer,2025-09-01
4393,Customer_4393,Leipzig,Small Business,2024-04-27
4394,Customer_4394,Bremen,Corporate,2025-04-15
4395,Customer_4395,Berlin,Small Business,2023-06-21
4396,Customer_4396,Cologne,Corporate,2025-05-18
4397,Customer_4397,Cologne,Consumer,2023-01-17
4398,Customer_4398,Dresden,Consumer,2024-01-29
4399,Customer_4399,Dresden,Consumer,2023-08-22
4400,Customer_4400,Leipzig,Consumer,2023-09-05
4401,Customer_4401,Frankfurt,Consumer,2023-02-21
4402,Customer_4402,Dresden,Corporate,2023-01-15
4403,Customer_4403,Leipzig,Consumer,2024-03-16
4404,Customer_4404,Düsseldorf,Consumer,2024-11-26
4405,Customer_4405,Hamburg,Corporate,2023-01-07
4406,Customer_4406,Hamburg,Corporate,2025-04-05
4407,Customer_4407,Cologne,Consumer,2025-11-02
4408,Customer_4408,Frankfurt,Corporate,2024-04-22
4409,Customer_4409,Bremen,Small Business,2024-09-22
4410,Customer_4410,Berlin,Consumer,2024-12-15
4411,Customer_4411,Dresden,Consumer,2023-04-25
4412,Customer_4412,Düsseldorf,Consumer,2024-05-23
4413,Customer_4413,Leipzig,Consumer,2023-02-26
4414,Customer_4414,Frankfurt,Consumer,2024-01-17
4415,Customer_4415,Cologne,Small Business,2025-08-09
4416,Customer_4416,Dresden,Corporate,2023-10-02
4417,Customer_4417,Frankfurt,Corporate,2023-02-13
4418,Customer_4418,Dresden,Small Business,2024-12-18
4419,Customer_4419,Berlin,Small Business,2023-11-14
4420,Customer_4420,Berlin,Consumer,2024-06-17
4421,Customer_4421,Bremen,Consumer,2023-08-25
4422,Customer_4422,Hamburg,Corporate,2025-06-11
4423,Customer_4423,Munich,Consumer,2024-05-31
4424,Customer_4424,Munich,Consumer,2023-02-07
4425,Customer_4425,Dresden,Consumer,2024-10-15
4426,Customer_4426,Bremen,Small Business,2025-01-16
4427,Customer_4427,Munich,Consumer,2025-04-20
4428,Customer_4428,Cologne,Corporate,2024-03-23
4429,Customer_4429,Munich,Consumer,2024-11-14
4430,Customer_4430,Stuttgart,Corporate,2023-05-05
4431,Customer_4431,Leipzig,Consumer,2025-12-24
4432,Customer_4432,Bremen,Small Business,2025-03-03
4433,Customer_4433,Cologne,Consumer,2025-02-22
4434,Customer_4434,Frankfurt,Corporate,2023-08-14
4435,Customer_4435,Cologne,Consumer,2024-04-09
4436,Customer_4436,Hamburg,Consumer,2024-10-04
4437,Customer_4437,Frankfurt,Consumer,2023-10-20
4438,Customer_4438,Düsseldorf,Consumer,2024-12-21
4439,Customer_4439,Leipzig,Consumer,2025-01-25
4440,Customer_4440,Leipzig,Consumer,2023-06-15
4441,Customer_4441,Leipzig,Corporate,2025-02-07
4442,Customer_4442,Leipzig,Corporate,2025-10-03
4443,Customer_4443,Dresden,Consumer,2025-05-20
4444,Customer_4444,Leipzig,Corporate,2025-12-11
4445,Customer_4445,Leipzig,Consumer,2024-07-20
4446,Customer_4446,Leipzig,Consumer,2025-11-03
4447,Customer_4447,Bremen,Consumer,2024-08-24
4448,Customer_4448,Dresden,Consumer,2025-06-23
4449,Customer_4449,Berlin,Consumer,2023-02-10
4450,Customer_4450,Cologne,Small Business,2025-10-26
4451,Customer_4451,Cologne,Consumer,2023-08-30
4452,Customer_4452,Frankfurt,Consumer,2023-06-11
4453,Customer_4453,Bremen,Consumer,2025-10-15
4454,Customer_4454,Stuttgart,Small Business,2024-11-22
4455,Customer_4455,Cologne,Consumer,2025-03-19
4456,Customer_4456,Munich,Corporate,2025-09-05
4457,Customer_4457,Stuttgart,Small Business,2024-06-01
4458,Customer_4458,Leipzig,Small Business,2025-06-16
4459,Customer_4459,Leipzig,Corporate,2025-02-21
4460,Customer_4460,Dresden,Consumer,2025-02-22
4461,Customer_4461,Stuttgart,Corporate,2023-03-26
4462,Customer_4462,Munich,Consumer,2025-10-30
4463,Customer_4463,Dresden,Corporate,2023-05-18
4464,Customer_4464,Frankfurt,Corporate,2025-01-23
4465,Customer_4465,Stuttgart,Corporate,2025-06-24
4466,Customer_4466,Bremen,Consumer,2024-12-13
4467,Customer_4467,Leipzig,Consumer,2023-06-05
4468,Customer_4468,Leipzig,Small Business,2024-02-12
4469,Customer_4469,Hamburg,Consumer,2025-02-25
4470,Customer_4470,Dresden,Consumer,2024-08-02
4471,Customer_4471,Berlin,Consumer,2024-07-07
4472,Customer_4472,Berlin,Small Business,2024-01-31
4473,Customer_4473,Dresden,Consumer,2025-03-20
4474,Customer_4474,Bremen,Consumer,2025-08-19
4475,Customer_4475,Düsseldorf,Consumer,2024-06-25
4476,Customer_4476,Dresden,Consumer,2025-10-29
4477,Customer_4477,Bremen,Small Business,2025-09-13
4478,Customer_4478,Frankfurt,Corporate,2023-06-19
4479,Customer_4479,Leipzig,Corporate,2023-10-17
4480,Customer_4480,Munich,Consumer,2025-01-09
4481,Customer_4481,Düsseldorf,Corporate,2024-08-10
4482,Customer_4482,Stuttgart,Consumer,2025-01-04
4483,Customer_4483,Düsseldorf,Consumer,2024-04-01
4484,Customer_4484,Munich,Consumer,2024-12-01
4485,Customer_4485,Hamburg,Consumer,2025-09-05
4486,Customer_4486,Leipzig,Consumer,2023-02-15
4487,Customer_4487,Berlin,Consumer,2025-11-06
4488,Customer_4488,Bremen,Consumer,2023-08-19
4489,Customer_4489,Dresden,Consumer,2025-08-07
4490,Customer_4490,Dresden,Corporate,2024-09-28
4491,Customer_4491,Berlin,Consumer,2023-04-22
4492,Customer_4492,Düsseldorf,Small Business,2024-08-15
4493,Customer_4493,Leipzig,Consumer,2025-05-08
4494,Customer_4494,Cologne,Corporate,2024-01-26
4495,Customer_4495,Bremen,Small Business,2024-01-27
4496,Customer_4496,Frankfurt,Small Business,2023-11-24
4497,Customer_4497,Munich,Small Business,2025-01-16
4498,Customer_4498,Düsseldorf,Consumer,2024-01-02
4499,Customer_4499,Stuttgart,Consumer,2023-03-23
4500,Customer_4500,Hamburg,Consumer,2025-03-16
4501,Customer_4501,Dresden,Consumer,2025-04-01
4502,Customer_4502,Düsseldorf,Consumer,2025-08-09
4503,Customer_4503,Hamburg,Small Business,2024-01-07
4504,Customer_4504,Munich,Consumer,2023-09-21
4505,Customer_4505,Dresden,Consumer,2023-04-20
4506,Customer_4506,Dresden,Small Business,2023-11-03
4507,Customer_4507,Cologne,Corporate,2023-08-14
4508,Customer_4508,Düsseldorf,Corporate,2023-07-04
4509,Customer_4509,Leipzig,Corporate,2025-08-21
4510,Customer_4510,Berlin,Consumer,2023-01-31
4511,Customer_4511,Berlin,Consumer,2024-09-05
4512,Customer_4512,Frankfurt,Small Business,2023-04-09
4513,Customer_4513,Stuttgart,Small Business,2025-03-21
4514,Customer_4514,Hamburg,Small Business,2024-10-13
4515,Customer_4515,Düsseldorf,Consumer,2025-03-24
4516,Customer_4516,Bremen,Small Business,2025-10-16
4517,Customer_4517,Stuttgart,Consumer,2025-09-04
4518,Customer_4518,Cologne,Consumer,2023-03-29
4519,Customer_4519,Dresden,Consumer,2025-12-22
4520,Customer_4520,Leipzig,Consumer,2025-07-10
4521,Customer_4521,Düsseldorf,Consumer,2024-08-08
4522,Customer_4522,Stuttgart,Consumer,2025-03-28
4523,Customer_4523,Stuttgart,Consumer,2025-07-20
4524,Customer_4524,Leipzig,Consumer,2025-03-07
4525,Customer_4525,Frankfurt,Corporate,2025-10-15
4526,Customer_4526,Hamburg,Corporate,2025-10-09
4527,Customer_4527,Hamburg,Consumer,2025-08-30
4528,Customer_4528,Stuttgart,Consumer,2024-09-24
4529,Customer_4529,Munich,Corporate,2023-12-12
4530,Customer_4530,Stuttgart,Consumer,2024-12-24
4531,Customer_4531,Stuttgart,Consumer,2025-06-19
4532,Customer_4532,Leipzig,Consumer,2025-11-03
4533,Customer_4533,Dresden,Small Business,2023-05-16
4534,Customer_4534,Leipzig,Consumer,2024-02-01
4535,Customer_4535,Düsseldorf,Consumer,2025-03-02
4536,Customer_4536,Stuttgart,Consumer,2023-03-20
4537,Customer_4537,Hamburg,Consumer,2024-12-05
4538,Customer_4538,Bremen,Consumer,2025-09-08
4539,Customer_4539,Hamburg,Consumer,2025-12-10
4540,Customer_4540,Berlin,Consumer,2025-01-13
4541,Customer_4541,Frankfurt,Small Business,2024-01-19
4542,Customer_4542,Cologne,Corporate,2024-01-10
4543,Customer_4543,Düsseldorf,Corporate,2023-07-25
4544,Customer_4544,Düsseldorf,Corporate,2024-05-03
4545,Customer_4545,Frankfurt,Consumer,2025-05-30
4546,Customer_4546,Bremen,Small Business,2024-09-23
4547,Customer_4547,Cologne,Consumer,2024-08-14
4548,Customer_4548,Dresden,Consumer,2025-12-01
4549,Customer_4549,Stuttgart,Corporate,2024-06-16
4550,Customer_4550,Cologne,Corporate,2024-06-05
4551,Customer_4551,Bremen,Corporate,2025-04-04
4552,Customer_4552,Munich,Consumer,2024-08-20
4553,Customer_4553,Berlin,Small Business,2023-04-23
4554,Customer_4554,Cologne,Small Business,2025-01-03
4555,Customer_4555,Cologne,Consumer,2023-11-14
4556,Customer_4556,Berlin,Consumer,2025-09-22
4557,Customer_4557,Stuttgart,Consumer,2023-08-01
4558,Customer_4558,Cologne,Small Business,2023-09-10
4559,Customer_4559,Berlin,Consumer,2023-05-04
4560,Customer_4560,Berlin,Consumer,2024-09-15
4561,Customer_4561,Berlin,Consumer,2025-12-24
4562,Customer_4562,Leipzig,Consumer,2025-06-16
4563,Customer_4563,Bremen,Corporate,2023-09-04
4564,Customer_4564,Leipzig,Consumer,2024-03-16
4565,Customer_4565,Munich,Small Business,2023-02-14
4566,Customer_4566,Dresden,Corporate,2024-10-19
4567,Customer_4567,Leipzig,Corporate,2025-05-29
4568,Customer_4568,Leipzig,Consumer,2025-10-13
4569,Customer_4569,Bremen,Consumer,2024-07-07
4570,Customer_4570,Dresden,Consumer,2025-03-19
4571,Customer_4571,Frankfurt,Consumer,2025-08-28
4572,Customer_4572,Berlin,Consumer,2024-12-30
4573,Customer_4573,Düsseldorf,Small Business,2025-10-17
4574,Customer_4574,Dresden,Consumer,2025-08-11
4575,Customer_4575,Munich,Consumer,2025-12-26
4576,Customer_4576,Stuttgart,Consumer,2025-11-30
4577,Customer_4577,Munich,Consumer,2023-04-09
4578,Customer_4578,Berlin,Small Business,2025-05-21
4579,Customer_4579,Dresden,Consumer,2023-10-28
4580,Customer_4580,Munich,Consumer,2024-05-02
4581,Customer_4581,Munich,Corporate,2025-10-01
4582,Customer_4582,Frankfurt,Consumer,2024-04-21
4583,Customer_4583,Frankfurt,Consumer,2025-05-10
4584,Customer_4584,Dresden,Consumer,2025-03-19
4585,Customer_4585,Berlin,Consumer,2024-06-01
4586,Customer_4586,Leipzig,Consumer,2024-04-03
4587,Customer_4587,Hamburg,Consumer,2023-08-18
4588,Customer_4588,Cologne,Corporate,2023-01-08
4589,Customer_4589,Düsseldorf,Consumer,2023-07-14
4590,Customer_4590,Cologne,Corporate,2025-11-08
4591,Customer_4591,Bremen,Corporate,2023-12-20
4592,Customer_4592,Frankfurt,Consumer,2025-12-08
4593,Customer_4593,Dresden,Consumer,2024-04-08
4594,Customer_4594,Cologne,Consumer,2023-12-22
4595,Customer_4595,Berlin,Corporate,2025-04-29
4596,Customer_4596,Düsseldorf,Consumer,2025-08-31
4597,Customer_4597,Cologne,Corporate,2023-03-07
4598,Customer_4598,Düsseldorf,Consumer,2025-05-08
4599,Customer_4599,Stuttgart,Small Business,2024-07-24
4600,Customer_4600,Berlin,Consumer,2023-11-04
4601,Customer_4601,Hamburg,Consumer,2025-02-21
4602,Customer_4602,Munich,Consumer,2023-05-01
4603,Customer_4603,Düsseldorf,Consumer,2025-02-04
4604,Customer_4604,Berlin,Consumer,2025-02-11
4605,Customer_4605,Düsseldorf,Corporate,2023-04-06
4606,Customer_4606,Düsseldorf,Corporate,2025-09-13
4607,Customer_4607,Leipzig,Small Business,2024-06-23
4608,Customer_4608,Leipzig,Consumer,2023-01-02
4609,Customer_4609,Berlin,Consumer,2024-08-02
4610,Customer_4610,Leipzig,Consumer,2023-11-29
4611,Customer_4611,Bremen,Consumer,2025-11-13
4612,Customer_4612,Hamburg,Consumer,2025-01-11
4613,Customer_4613,Dresden,Consumer,2024-05-20
4614,Customer_4614,Berlin,Consumer,2025-09-26
4615,Customer_4615,Berlin,Consumer,2025-01-02
4616,Customer_4616,Bremen,Consumer,2024-05-28
4617,Customer_4617,Frankfurt,Small Business,2025-06-13
4618,Customer_4618,Frankfurt,Consumer,2023-12-27
4619,Customer_4619,Leipzig,Small Business,2023-10-01
4620,Customer_4620,Dresden,Corporate,2023-06-26
4621,Customer_4621,Leipzig,Consumer,2024-06-10
4622,Customer_4622,Stuttgart,Consumer,2025-07-01
4623,Customer_4623,Stuttgart,Consumer,2023-10-06
4624,Customer_4624,Munich,Corporate,2024-12-06
4625,Customer_4625,Stuttgart,Consumer,2023-03-05
4626,Customer_4626,Frankfurt,Small Business,2023-10-17
4627,Customer_4627,Hamburg,Consumer,2023-01-18
4628,Customer_4628,Stuttgart,Corporate,2023-03-05
4629,Customer_4629,Leipzig,Corporate,2023-11-26
4630,Customer_4630,Düsseldorf,Consumer,2025-02-01
4631,Customer_4631,Berlin,Consumer,2025-11-06
4632,Customer_4632,Hamburg,Consumer,2024-03-18
4633,Customer_4633,Hamburg,Consumer,2023-05-21
4634,Customer_4634,Leipzig,Consumer,2024-03-19
4635,Customer_4635,Berlin,Small Business,2024-05-10
4636,Customer_4636,Frankfurt,Consumer,2024-03-01
4637,Customer_4637,Hamburg,Small Business,2024-03-25
4638,Customer_4638,Munich,Corporate,2023-12-17
4639,Customer_4639,Leipzig,Consumer,2024-08-21
4640,Customer_4640,Hamburg,Small Business,2024-12-11
4641,Customer_4641,Dresden,Consumer,2025-05-19
4642,Customer_4642,Berlin,Small Business,2024-01-28
4643,Customer_4643,Stuttgart,Consumer,2025-04-21
4644,Customer_4644,Hamburg,Consumer,2024-02-05
4645,Customer_4645,Leipzig,Consumer,2023-02-19
4646,Customer_4646,Stuttgart,Consumer,2025-01-13
4647,Customer_4647,Munich,Consumer,2025-06-24
4648,Customer_4648,Stuttgart,Consumer,2025-11-01
4649,Customer_4649,Dresden,Consumer,2025-09-17
4650,Customer_4650,Frankfurt,Small Business,2025-11-04
4651,Customer_4651,Hamburg,Consumer,2023-01-28
4652,Customer_4652,Cologne,Consumer,2024-01-23
4653,Customer_4653,Cologne,Corporate,2025-04-12
4654,Customer_4654,Stuttgart,Corporate,2023-09-07
4655,Customer_4655,Bremen,Small Business,2023-04-08
4656,Customer_4656,Berlin,Consumer,2025-11-28
4657,Customer_4657,Cologne,Consumer,2025-11-27
4658,Customer_4658,Bremen,Consumer,2023-06-28
4659,Customer_4659,Cologne,Consumer,2025-06-10
4660,Customer_4660,Bremen,Small Business,2025-01-19
4661,Customer_4661,Berlin,Consumer,2024-03-28
4662,Customer_4662,Düsseldorf,Small Business,2023-04-07
4663,Customer_4663,Cologne,Consumer,2023-11-05
4664,Customer_4664,Dresden,Small Business,2023-09-19
4665,Customer_4665,Hamburg,Consumer,2023-10-20
4666,Customer_4666,Bremen,Small Business,2023-09-06
4667,Customer_4667,Hamburg,Small Business,2023-09-02
4668,Customer_4668,Leipzig,Small Business,2023-09-08
4669,Customer_4669,Leipzig,Consumer,2023-05-03
4670,Customer_4670,Berlin,Consumer,2023-11-21
4671,Customer_4671,Bremen,Corporate,2025-09-12
4672,Customer_4672,Munich,Consumer,2024-05-15
4673,Customer_4673,Leipzig,Consumer,2024-11-17
4674,Customer_4674,Berlin,Consumer,2025-12-25
4675,Customer_4675,Leipzig,Consumer,2025-04-15
4676,Customer_4676,Leipzig,Consumer,2023-02-28
4677,Customer_4677,Munich,Consumer,2024-12-31
4678,Customer_4678,Cologne,Consumer,2023-09-23
4679,Customer_4679,Stuttgart,Consumer,2023-08-24
4680,Customer_4680,Düsseldorf,Consumer,2025-06-16
4681,Customer_4681,Leipzig,Consumer,2023-08-06
4682,Customer_4682,Leipzig,Consumer,2025-09-01
4683,Customer_4683,Dresden,Small Business,2024-08-11
4684,Customer_4684,Düsseldorf,Small Business,2025-07-05
4685,Customer_4685,Munich,Small Business,2025-07-06
4686,Customer_4686,Hamburg,Small Business,2023-12-19
4687,Customer_4687,Bremen,Consumer,2023-04-01
4688,Customer_4688,Leipzig,Corporate,2024-12-02
4689,Customer_4689,Stuttgart,Consumer,2023-03-14
4690,Customer_4690,Bremen,Consumer,2024-11-15
4691,Customer_4691,Düsseldorf,Consumer,2024-12-22
4692,Customer_4692,Bremen,Consumer,2025-08-15
4693,Customer_4693,Cologne,Consumer,2025-11-21
4694,Customer_4694,Leipzig,Consumer,2024-10-09
4695,Customer_4695,Bremen,Corporate,2025-01-29
4696,Customer_4696,Hamburg,Consumer,2025-05-20
4697,Customer_4697,Hamburg,Consumer,2023-05-23
4698,Customer_4698,Leipzig,Consumer,2025-08-06
4699,Customer_4699,Frankfurt,Consumer,2023-02-13
4700,Customer_4700,Hamburg,Consumer,2023-02-01
4701,Customer_4701,Bremen,Small Business,2023-01-28
4702,Customer_4702,Berlin,Consumer,2025-10-16
4703,Customer_4703,Hamburg,Consumer,2024-02-27
4704,Customer_4704,Düsseldorf,Consumer,2024-05-05
4705,Customer_4705,Frankfurt,Consumer,2023-06-09
4706,Customer_4706,Bremen,Corporate,2025-04-24
4707,Customer_4707,Munich,Consumer,2023-01-18
4708,Customer_4708,Dresden,Corporate,2024-11-02
4709,Customer_4709,Munich,Small Business,2023-08-20
4710,Customer_4710,Cologne,Small Business,2024-02-28
4711,Customer_4711,Dresden,Corporate,2025-06-22
4712,Customer_4712,Cologne,Consumer,2025-01-24
4713,Customer_4713,Dresden,Consumer,2025-04-16
4714,Customer_4714,Dresden,Consumer,2025-06-12
4715,Customer_4715,Berlin,Corporate,2023-08-27
4716,Customer_4716,Stuttgart,Corporate,2023-05-29
4717,Customer_4717,Düsseldorf,Corporate,2024-09-14
4718,Customer_4718,Munich,Corporate,2023-01-17
4719,Customer_4719,Hamburg,Consumer,2025-07-02
4720,Customer_4720,Bremen,Consumer,2023-08-14
4721,Customer_4721,Frankfurt,Consumer,2024-10-13
4722,Customer_4722,Düsseldorf,Small Business,2023-09-17
4723,Customer_4723,Cologne,Corporate,2024-11-04
4724,Customer_4724,Berlin,Corporate,2023-06-23
4725,Customer_4725,Cologne,Corporate,2023-07-24
4726,Customer_4726,Stuttgart,Corporate,2024-02-19
4727,Customer_4727,Frankfurt,Small Business,2025-03-02
4728,Customer_4728,Berlin,Corporate,2025-12-24
4729,Customer_4729,Cologne,Consumer,2024-06-01
4730,Customer_4730,Stuttgart,Corporate,2025-12-26
4731,Customer_4731,Bremen,Consumer,2025-09-05
4732,Customer_4732,Bremen,Corporate,2025-10-06
4733,Customer_4733,Cologne,Consumer,2024-08-12
4734,Customer_4734,Düsseldorf,Consumer,2023-03-08
4735,Customer_4735,Frankfurt,Corporate,2024-11-14
4736,Customer_4736,Leipzig,Consumer,2023-03-04
4737,Customer_4737,Düsseldorf,Small Business,2025-03-24
4738,Customer_4738,Bremen,Consumer,2024-02-07
4739,Customer_4739,Frankfurt,Consumer,2023-07-11
4740,Customer_4740,Stuttgart,Consumer,2023-03-12
4741,Customer_4741,Berlin,Consumer,2025-05-27
4742,Customer_4742,Dresden,Consumer,2025-01-10
4743,Customer_4743,Cologne,Consumer,2025-08-03
4744,Customer_4744,Munich,Consumer,2025-12-22
4745,Customer_4745,Frankfurt,Consumer,2023-09-02
4746,Customer_4746,Hamburg,Consumer,2024-06-02
4747,Customer_4747,Stuttgart,Corporate,2024-01-28
4748,Customer_4748,Leipzig,Consumer,2025-02-10
4749,Customer_4749,Dresden,Consumer,2025-06-29
4750,Customer_4750,Hamburg,Corporate,2023-07-03
4751,Customer_4751,Leipzig,Consumer,2023-09-04
4752,Customer_4752,Munich,Small Business,2023-11-20
4753,Customer_4753,Bremen,Corporate,2023-06-09
4754,Customer_4754,Düsseldorf,Corporate,2024-12-06
4755,Customer_4755,Cologne,Consumer,2024-09-13
4756,Customer_4756,Berlin,Corporate,2025-07-13
4757,Customer_4757,Leipzig,Corporate,2023-03-07
4758,Customer_4758,Dresden,Consumer,2025-07-18
4759,Customer_4759,Frankfurt,Consumer,2023-09-11
4760,Customer_4760,Bremen,Consumer,2023-10-10
4761,Customer_4761,Frankfurt,Corporate,2025-12-19
4762,Customer_4762,Dresden,Consumer,2023-04-28
4763,Customer_4763,Frankfurt,Corporate,2024-02-27
4764,Customer_4764,Leipzig,Consumer,2024-07-09
4765,Customer_4765,Stuttgart,Corporate,2023-02-05
4766,Customer_4766,Frankfurt,Consumer,2024-06-14
4767,Customer_4767,Düsseldorf,Consumer,2023-04-01
4768,Customer_4768,Munich,Consumer,2023-04-08
4769,Customer_4769,Berlin,Consumer,2024-06-14
4770,Customer_4770,Leipzig,Consumer,2024-06-21
4771,Customer_4771,Hamburg,Consumer,2025-11-17
4772,Customer_4772,Dresden,Consumer,2023-03-21
4773,Customer_4773,Bremen,Small Business,2024-07-16
4774,Customer_4774,Leipzig,Corporate,2024-09-05
4775,Customer_4775,Stuttgart,Consumer,2023-06-25
4776,Customer_4776,Bremen,Consumer,2024-06-05
4777,Customer_4777,Düsseldorf,Consumer,2024-02-27
4778,Customer_4778,Dresden,Corporate,2024-07-29
4779,Customer_4779,Bremen,Consumer,2024-06-14
4780,Customer_4780,Frankfurt,Consumer,2023-11-28
4781,Customer_4781,Leipzig,Consumer,2024-10-14
4782,Customer_4782,Munich,Corporate,2025-01-09
4783,Customer_4783,Dresden,Consumer,2024-05-25
4784,Customer_4784,Cologne,Corporate,2023-02-11
4785,Customer_4785,Düsseldorf,Consumer,2025-06-03
4786,Customer_4786,Berlin,Consumer,2023-03-22
4787,Customer_4787,Dresden,Consumer,2024-02-06
4788,Customer_4788,Stuttgart,Consumer,2023-04-17
4789,Customer_4789,Leipzig,Consumer,2024-05-20
4790,Customer_4790,Frankfurt,Consumer,2024-12-20
4791,Customer_4791,Berlin,Consumer,2023-09-14
4792,Customer_4792,Berlin,Consumer,2025-08-11
4793,Customer_4793,Düsseldorf,Consumer,2025-07-21
4794,Customer_4794,Bremen,Small Business,2025-12-07
4795,Customer_4795,Stuttgart,Consumer,2025-06-15
4796,Customer_4796,Bremen,Consumer,2023-01-19
4797,Customer_4797,Frankfurt,Consumer,2025-12-05
4798,Customer_4798,Berlin,Consumer,2024-03-26
4799,Customer_4799,Stuttgart,Consumer,2025-06-16
4800,Customer_4800,Stuttgart,Consumer,2025-12-15
4801,Customer_4801,Hamburg,Consumer,2025-01-10
4802,Customer_4802,Leipzig,Consumer,2023-03-23
4803,Customer_4803,Berlin,Corporate,2025-01-06
4804,Customer_4804,Berlin,Consumer,2023-03-20
4805,Customer_4805,Stuttgart,Consumer,2023-10-10
4806,Customer_4806,Bremen,Consumer,2025-09-23
4807,Customer_4807,Berlin,Consumer,2023-06-09
4808,Customer_4808,Stuttgart,Corporate,2025-06-06
4809,Customer_4809,Berlin,Consumer,2024-04-12
4810,Customer_4810,Stuttgart,Consumer,2025-05-02
4811,Customer_4811,Hamburg,Consumer,2024-04-06
4812,Customer_4812,Leipzig,Consumer,2025-05-03
4813,Customer_4813,Stuttgart,Corporate,2023-04-27
4814,Customer_4814,Berlin,Consumer,2023-12-30
4815,Customer_4815,Frankfurt,Consumer,2024-04-10
4816,Customer_4816,Leipzig,Consumer,2023-07-03
4817,Customer_4817,Hamburg,Consumer,2024-10-21
4818,Customer_4818,Stuttgart,Consumer,2023-03-16
4819,Customer_4819,Frankfurt,Consumer,2025-04-05
4820,Customer_4820,Stuttgart,Corporate,2024-05-17
4821,Customer_4821,Bremen,Consumer,2025-03-05
4822,Customer_4822,Berlin,Consumer,2024-08-09
4823,Customer_4823,Dresden,Consumer,2024-10-17
4824,Customer_4824,Düsseldorf,Consumer,2024-11-30
4825,Customer_4825,Munich,Consumer,2024-09-26
4826,Customer_4826,Bremen,Small Business,2025-04-23
4827,Customer_4827,Frankfurt,Corporate,2025-04-14
4828,Customer_4828,Bremen,Consumer,2025-02-02
4829,Customer_4829,Cologne,Consumer,2023-12-24
4830,Customer_4830,Stuttgart,Consumer,2024-11-22
4831,Customer_4831,Stuttgart,Consumer,2024-09-13
4832,Customer_4832,Munich,Corporate,2024-04-26
4833,Customer_4833,Munich,Consumer,2025-09-06
4834,Customer_4834,Cologne,Consumer,2025-09-04
4835,Customer_4835,Berlin,Corporate,2023-10-17
4836,Customer_4836,Düsseldorf,Consumer,2025-01-21
4837,Customer_4837,Dresden,Corporate,2023-01-23
4838,Customer_4838,Dresden,Corporate,2025-03-16
4839,Customer_4839,Hamburg,Consumer,2023-06-21
4840,Customer_4840,Hamburg,Consumer,2025-04-14
4841,Customer_4841,Berlin,Corporate,2023-11-14
4842,Customer_4842,Hamburg,Corporate,2025-06-26
4843,Customer_4843,Hamburg,Consumer,2025-03-08
4844,Customer_4844,Cologne,Consumer,2025-09-17
4845,Customer_4845,Cologne,Consumer,2025-05-04
4846,Customer_4846,Hamburg,Consumer,2024-11-11
4847,Customer_4847,Bremen,Consumer,2025-07-04
4848,Customer_4848,Leipzig,Consumer,2025-10-26
4849,Customer_4849,Leipzig,Consumer,2025-04-22
4850,Customer_4850,Berlin,Consumer,2024-04-27
4851,Customer_4851,Dresden,Small Business,2023-05-12
4852,Customer_4852,Munich,Corporate,2025-05-10
4853,Customer_4853,Berlin,Consumer,2023-10-21
4854,Customer_4854,Hamburg,Consumer,2024-10-02
4855,Customer_4855,Cologne,Consumer,2025-09-26
4856,Customer_4856,Stuttgart,Consumer,2024-01-27
4857,Customer_4857,Bremen,Small Business,2023-09-06
4858,Customer_4858,Frankfurt,Consumer,2024-12-03
4859,Customer_4859,Cologne,Small Business,2023-10-14
4860,Customer_4860,Leipzig,Consumer,2023-10-04
4861,Customer_4861,Cologne,Consumer,2024-01-22
4862,Customer_4862,Bremen,Consumer,2024-03-25
4863,Customer_4863,Munich,Consumer,2023-10-18
4864,Customer_4864,Hamburg,Consumer,2024-03-18
4865,Customer_4865,Stuttgart,Corporate,2024-10-17
4866,Customer_4866,Leipzig,Corporate,2025-12-04
4867,Customer_4867,Leipzig,Corporate,2025-04-06
4868,Customer_4868,Düsseldorf,Corporate,2024-04-20
4869,Customer_4869,Dresden,Corporate,2023-09-10
4870,Customer_4870,Munich,Consumer,2023-10-16
4871,Customer_4871,Leipzig,Consumer,2025-09-26
4872,Customer_4872,Dresden,Corporate,2023-01-21
4873,Customer_4873,Leipzig,Consumer,2023-11-12
4874,Customer_4874,Hamburg,Corporate,2024-07-17
4875,Customer_4875,Dresden,Consumer,2023-05-03
4876,Customer_4876,Bremen,Consumer,2025-05-23
4877,Customer_4877,Düsseldorf,Small Business,2025-08-17
4878,Customer_4878,Hamburg,Consumer,2023-08-02
4879,Customer_4879,Bremen,Consumer,2025-04-18
4880,Customer_4880,Stuttgart,Corporate,2024-10-08
4881,Customer_4881,Munich,Small Business,2025-08-25
4882,Customer_4882,Munich,Consumer,2024-12-30
4883,Customer_4883,Frankfurt,Corporate,2024-08-22
4884,Customer_4884,Frankfurt,Small Business,2025-03-02
4885,Customer_4885,Dresden,Small Business,2023-02-09
4886,Customer_4886,Munich,Small Business,2025-01-21
4887,Customer_4887,Dresden,Consumer,2025-07-31
4888,Customer_4888,Frankfurt,Consumer,2024-10-09
4889,Customer_4889,Stuttgart,Consumer,2023-07-01
4890,Customer_4890,Leipzig,Consumer,2023-09-22
4891,Customer_4891,Bremen,Consumer,2025-02-09
4892,Customer_4892,Cologne,Consumer,2025-05-12
4893,Customer_4893,Dresden,Consumer,2024-03-07
4894,Customer_4894,Stuttgart,Consumer,2024-05-23
4895,Customer_4895,Bremen,Consumer,2024-03-22
4896,Customer_4896,Munich,Corporate,2024-06-11
4897,Customer_4897,Leipzig,Consumer,2025-05-24
4898,Customer_4898,Bremen,Consumer,2024-10-30
4899,Customer_4899,Düsseldorf,Consumer,2025-04-26
4900,Customer_4900,Frankfurt,Consumer,2023-03-11
4901,Customer_4901,Bremen,Small Business,2025-03-26
4902,Customer_4902,Cologne,Consumer,2025-11-04
4903,Customer_4903,Stuttgart,Consumer,2025-12-19
4904,Customer_4904,Leipzig,Consumer,2024-03-21
4905,Customer_4905,Hamburg,Consumer,2025-10-22
4906,Customer_4906,Bremen,Consumer,2023-01-19
4907,Customer_4907,Berlin,Consumer,2024-07-14
4908,Customer_4908,Cologne,Consumer,2024-04-16
4909,Customer_4909,Cologne,Small Business,2023-01-28
4910,Customer_4910,Berlin,Corporate,2024-07-13
4911,Customer_4911,Düsseldorf,Consumer,2024-08-30
4912,Customer_4912,Hamburg,Consumer,2024-04-02
4913,Customer_4913,Frankfurt,Consumer,2025-08-02
4914,Customer_4914,Stuttgart,Consumer,2025-09-10
4915,Customer_4915,Leipzig,Consumer,2025-05-17
4916,Customer_4916,Stuttgart,Corporate,2025-10-12
4917,Customer_4917,Hamburg,Consumer,2023-01-29
4918,Customer_4918,Stuttgart,Corporate,2024-10-30
4919,Customer_4919,Berlin,Consumer,2025-04-05
4920,Customer_4920,Cologne,Small Business,2025-03-26
4921,Customer_4921,Stuttgart,Consumer,2023-10-06
4922,Customer_4922,Dresden,Corporate,2023-10-10
4923,Customer_4923,Bremen,Consumer,2025-09-29
4924,Customer_4924,Hamburg,Small Business,2023-11-01
4925,Customer_4925,Düsseldorf,Corporate,2024-11-24
4926,Customer_4926,Dresden,Corporate,2023-04-19
4927,Customer_4927,Berlin,Consumer,2023-11-20
4928,Customer_4928,Munich,Corporate,2024-04-02
4929,Customer_4929,Berlin,Consumer,2024-04-26
4930,Customer_4930,Düsseldorf,Consumer,2025-07-10
4931,Customer_4931,Düsseldorf,Corporate,2024-06-03
4932,Customer_4932,Dresden,Consumer,2025-12-12
4933,Customer_4933,Bremen,Consumer,2024-01-26
4934,Customer_4934,Hamburg,Consumer,2025-02-09
4935,Customer_4935,Frankfurt,Corporate,2025-07-01
4936,Customer_4936,Cologne,Consumer,2023-03-27
4937,Customer_4937,Dresden,Consumer,2024-07-11
4938,Customer_4938,Düsseldorf,Consumer,2025-05-07
4939,Customer_4939,Munich,Corporate,2024-10-27
4940,Customer_4940,Leipzig,Consumer,2025-04-22
4941,Customer_4941,Düsseldorf,Corporate,2023-10-22
4942,Customer_4942,Bremen,Consumer,2023-09-26
4943,Customer_4943,Bremen,Corporate,2024-10-06
4944,Customer_4944,Düsseldorf,Small Business,2024-06-18
4945,Customer_4945,Bremen,Consumer,2023-03-29
4946,Customer_4946,Dresden,Consumer,2025-07-13
4947,Customer_4947,Düsseldorf,Corporate,2023-04-21
4948,Customer_4948,Düsseldorf,Consumer,2024-08-06
4949,Customer_4949,Hamburg,Consumer,2025-02-07
4950,Customer_4950,Cologne,Corporate,2023-08-26
4951,Customer_4951,Munich,Small Business,2023-11-30
4952,Customer_4952,Bremen,Consumer,2023-04-16
4953,Customer_4953,Hamburg,Consumer,2024-01-17
4954,Customer_4954,Frankfurt,Consumer,2024-11-19
4955,Customer_4955,Frankfurt,Consumer,2023-09-18
4956,Customer_4956,Stuttgart,Corporate,2024-10-16
4957,Customer_4957,Dresden,Corporate,2025-03-30
4958,Customer_4958,Dresden,Small Business,2024-12-09
4959,Customer_4959,Berlin,Consumer,2024-04-20
4960,Customer_4960,Munich,Consumer,2025-06-25
4961,Customer_4961,Düsseldorf,Consumer,2024-07-08
4962,Customer_4962,Bremen,Consumer,2024-10-24
4963,Customer_4963,Munich,Corporate,2024-07-28
4964,Customer_4964,Stuttgart,Consumer,2024-10-03
4965,Customer_4965,Berlin,Consumer,2024-04-07
4966,Customer_4966,Hamburg,Corporate,2025-05-04
4967,Customer_4967,Munich,Small Business,2024-08-07
4968,Customer_4968,Hamburg,Corporate,2025-07-31
4969,Customer_4969,Frankfurt,Corporate,2024-09-07
4970,Customer_4970,Bremen,Consumer,2023-06-07
4971,Customer_4971,Stuttgart,Consumer,2023-09-29
4972,Customer_4972,Düsseldorf,Consumer,2024-10-31
4973,Customer_4973,Bremen,Consumer,2024-09-12
4974,Customer_4974,Cologne,Corporate,2024-06-04
4975,Customer_4975,Dresden,Consumer,2023-02-28
4976,Customer_4976,Stuttgart,Consumer,2024-12-04
4977,Customer_4977,Munich,Consumer,2024-10-09
4978,Customer_4978,Bremen,Consumer,2025-06-09
4979,Customer_4979,Leipzig,Corporate,2024-03-11
4980,Customer_4980,Dresden,Consumer,2023-05-26
4981,Customer_4981,Dresden,Corporate,2025-05-08
4982,Customer_4982,Leipzig,Consumer,2025-09-04
4983,Customer_4983,Berlin,Consumer,2023-09-02
4984,Customer_4984,Berlin,Corporate,2023-10-28
4985,Customer_4985,Leipzig,Corporate,2024-03-13
4986,Customer_4986,Cologne,Consumer,2025-05-17
4987,Customer_4987,Frankfurt,Consumer,2023-04-10
4988,Customer_4988,Leipzig,Consumer,2024-12-25
4989,Customer_4989,Frankfurt,Corporate,2025-03-24
4990,Customer_4990,Bremen,Corporate,2024-04-24
4991,Customer_4991,Cologne,Corporate,2024-02-19
4992,Customer_4992,Stuttgart,Consumer,2023-06-14
4993,Customer_4993,Frankfurt,Consumer,2025-08-31
4994,Customer_4994,Dresden,Consumer,2023-03-29
4995,Customer_4995,Bremen,Corporate,2024-07-26
4996,Customer_4996,Dresden,Consumer,2025-03-24
4997,Customer_4997,Cologne,Consumer,2023-06-28
4998,Customer_4998,Frankfurt,Consumer,2023-06-12
4999,Customer_4999,Hamburg,Small Business,2024-08-15
5000,Customer_5000,Cologne,Corporate,2025-10-02
