order_id,customer_id,order_date,status,payment_method
1,4582,2025-10-16,Completed,Card
2,1461,2024-04-08,Completed,Bank Transfer
3,3888,2024-08-12,Completed,Bank Transfer
4,293,2024-03-15,Completed,PayPal
5,1644,2025-12-10,Completed,Card
6,2719,2024-07-02,Completed,Card
7,838,2024-10-19,Completed,Card
8,1038,2024-02-26,Cancelled,Card
9,272,2024-09-05,Cancelled,Bank Transfer
10,1959,2025-09-17,Completed,Card
11,2370,2025-04-13,Completed,Card
12,806,2024-05-19,Completed,Card
13,3175,2024-12-24,Completed,Card
14,883,2025-07-06,Completed,Card
15,832,2025-02-11,Completed,Card
16,3172,2025-04-18,Completed,PayPal
17,2192,2025-10-26,Completed,PayPal
18,2041,2025-03-21,Completed,Card
19,1595,2024-08-19,Completed,Card
20,1627,2025-09-08,Completed,Card
21,3585,2025-09-09,Completed,Card
22,274,2024-10-26,Returned,Card
23,590,2025-10-03,Completed,PayPal
24,2701,2025-03-01,Completed,PayPal
25,583,2024-06-09,Completed,Bank Transfer
26,3634,2025-02-04,Completed,Card
27,1991,2025-01-12,Completed,PayPal
28,1259,2024-09-13,Completed,Bank Transfer
29,2867,2025-05-08,Completed,Card
30,3739,2025-05-03,Completed,Card
31,572,2024-06-30,Returned,Card
32,545,2025-06-09,Completed,Card
33,4223,2024-04-09,Completed,PayPal
34,4829,2024-12-23,Completed,PayPal
35,4513,2024-08-18,Completed,Card
36,638,2025-07-18,Completed,PayPal
37,41,2024-01-06,Completed,PayPal
38,4883,2024-03-30,Completed,Card
39,4393,2024-03-04,Completed,Card
40,1621,2024-03-28,Completed,Card
41,3673,2024-02-02,Cancelled,PayPal
42,4138,2024-03-12,Completed,PayPal
43,4129,2025-07-09,Completed,Card
44,1300,2024-09-09,Completed,PayPal
45,4712,2024-04-16,Completed,PayPal
46,160,2025-05-28,Completed,PayPal
47,1953,2024-05-15,Completed,Card
48,1732,2025-09-20,Completed,Card
49,2447,2025-02-12,Completed,Bank Transfer
50,3163,2024-04-30,Completed,Card
51,1733,2025-04-22,Completed,PayPal
52,581,2024-04-03,Cancelled,PayPal
53,220,2025-05-19,Completed,Bank Transfer
54,4475,2024-01-07,Completed,Card
55,1750,2025-08-22,Completed,Bank Transfer
56,1471,2025-11-24,Completed,Card
57,4329,2024-07-09,Completed,Card
58,1395,2025-04-01,Completed,PayPal
59,922,2025-12-20,Completed,Card
60,2774,2025-01-20,Completed,Card
61,4463,2024-10-04,Completed,PayPal
62,4577,2025-03-23,Returned,Bank Transfer
63,3435,2024-02-21,Completed,PayPal
64,3583,2025-02-08,Completed,PayPal
65,1119,2025-01-30,Completed,Card
66,1866,2025-11-24,Completed,Card
67,4312,2024-07-29,Completed,Bank Transfer
68,725,2025-12-10,Completed,PayPal
69,712,2024-09-26,Completed,PayPal
70,1826,2025-06-28,Completed,Card
71,3927,2025-09-05,Completed,PayPal
72,391,2024-10-08,Completed,PayPal
73,1071,2025-02-01,Completed,PayPal
74,4488,2024-08-03,Completed,Card
75,2766,2025-03-07,Completed,PayPal
76,4481,2024-11-16,Cancelled,Card
77,2429,2025-09-30,Returned,PayPal
78,4495,2025-05-07,Returned,Card
79,2148,2025-08-28,Returned,Card
80,3573,2025-08-08,Completed,PayPal
81,4479,2024-05-07,Completed,Card
82,2755,2024-03-14,Completed,Card
83,3264,2025-04-20,Completed,PayPal
84,3826,2025-03-27,Completed,Bank Transfer
85,3417,2025-04-06,Completed,Card
86,2058,2025-03-13,Completed,PayPal
87,2312,2024-09-12,Completed,Card
88,2880,2025-03-23,Completed,Bank Transfer
89,3643,2024-04-11,Completed,PayPal
90,2610,2025-07-12,Completed,PayPal
91,1431,2025-11-07,Completed,PayPal
92,1914,2024-10-09,Completed,PayPal
93,758,2024-07-22,Completed,Card
94,2135,2024-03-26,Completed,Card
95,1913,2024-11-19,Completed,PayPal
96,1740,2024-06-12,Completed,Card
97,3218,2024-02-26,Completed,Card
98,4757,2024-07-24,Completed,PayPal
99,1135,2025-03-04,Completed,Card
100,3713,2024-05-27,Completed,Bank Transfer
101,765,2024-10-27,Completed,PayPal
102,2726,2024-10-16,Completed,PayPal
103,3369,2024-01-21,Completed,PayPal
104,3498,2024-05-16,Completed,Card
105,1673,2025-01-03,Completed,Card
106,3406,2025-06-05,Completed,PayPal
107,583,2025-07-10,Completed,Card
108,4767,2025-03-11,Completed,Card
109,4634,2024-01-30,Returned,Card
110,1822,2025-03-23,Completed,Bank Transfer
111,1186,2024-08-12,Completed,Card
112,4526,2025-01-20,Completed,Card
113,1638,2025-11-19,Completed,Bank Transfer
114,2181,2025-08-30,Completed,Card
115,189,2025-03-04,Completed,Card
116,1747,2025-06-12,Completed,Card
117,3827,2024-01-28,Completed,Card
118,2621,2024-05-05,Completed,Bank Transfer
119,3946,2025-05-13,Completed,PayPal
120,2327,2024-07-05,Completed,Card
121,1185,2025-10-15,Completed,Card
122,2794,2025-01-06,Completed,Card
123,2947,2024-05-17,Completed,PayPal
124,2501,2024-12-02,Completed,PayPal
125,4947,2024-08-01,Completed,Card
126,170,2024-10-17,Completed,Bank Transfer
127,4926,2025-07-23,Completed,Bank Transfer
128,2746,2025-01-05,Completed,Card
129,1081,2025-06-13,Completed,Card
130,1264,2025-11-22,Completed,PayPal
131,4865,2025-10-31,Completed,Card
132,4454,2025-07-02,Completed,Card
133,2249,2024-10-22,Completed,Bank Transfer
134,3909,2025-08-13,Completed,Bank Transfer
135,1326,2025-02-22,Completed,Bank Transfer
136,3178,2025-10-27,Completed,Card
137,3874,2024-12-26,Completed,PayPal
138,2149,2024-06-06,Completed,Card
139,1689,2024-03-15,Completed,Bank Transfer
140,2986,2025-01-06,Completed,Card
141,2077,2025-07-20,Completed,Card
142,1530,2025-12-18,Completed,Card
143,1462,2025-12-27,Completed,Card
144,1403,2025-06-04,Cancelled,Bank Transfer
145,73,2024-04-15,Returned,Card
146,4350,2025-01-01,Completed,Card
147,4035,2025-02-05,Completed,Card
148,4612,2024-04-12,Cancelled,PayPal
149,2797,2024-11-20,Completed,Card
150,4517,2025-01-07,Completed,Card
151,2494,2024-12-03,Completed,Card
152,4975,2024-02-02,Completed,Card
153,4232,2024-04-17,Completed,PayPal
154,3577,2025-02-25,Completed,Card
155,33,2024-09-25,Completed,Card
156,2695,2024-03-13,Completed,Card
157,4374,2024-06-29,Completed,Card
158,4846,2024-05-31,Completed,PayPal
159,3599,2025-05-26,Completed,PayPal
160,2393,2024-03-08,Completed,Card
161,4113,2025-01-06,Completed,Card
162,2872,2024-12-13,Completed,PayPal
163,2678,2025-12-09,Completed,Card
164,1402,2024-02-01,Completed,PayPal
165,818,2025-09-11,Completed,PayPal
166,1661,2024-03-19,Completed,Bank Transfer
167,4563,2024-09-15,Completed,PayPal
168,4724,2025-05-11,Completed,Card
169,2439,2024-06-23,Completed,Card
170,2984,2025-01-01,Completed,Card
171,1211,2024-01-15,Completed,PayPal
172,600,2024-02-20,Completed,Card
173,1847,2024-04-16,Completed,PayPal
174,1856,2025-12-22,Completed,Card
175,1888,2025-04-13,Completed,PayPal
176,680,2024-07-20,Completed,Card
177,3253,2024-08-05,Completed,Card
178,1836,2024-02-10,Completed,Card
179,4031,2025-01-19,Completed,PayPal
180,2178,2025-12-15,Completed,Bank Transfer
181,149,2024-12-01,Completed,Card
182,1496,2025-09-02,Completed,Bank Transfer
183,4914,2025-10-22,Completed,PayPal
184,1745,2024-04-14,Completed,Bank Transfer
185,1647,2024-07-21,Completed,Card
186,2996,2025-05-24,Completed,Card
187,1673,2024-04-04,Completed,Card
188,1940,2024-06-25,Completed,PayPal
189,658,2024-03-05,Completed,PayPal
190,3668,2025-07-06,Completed,Card
191,1054,2024-08-11,Completed,Card
192,4072,2025-08-01,Completed,Card
193,577,2025-01-14,Completed,PayPal
194,3096,2024-09-11,Completed,Card
195,3032,2024-10-24,Completed,Bank Transfer
196,4819,2025-08-03,Returned,Card
197,4780,2024-06-19,Completed,Card
198,4838,2025-09-04,Completed,PayPal
199,2973,2025-10-13,Completed,Card
200,3949,2025-12-18,Completed,PayPal
201,2046,2024-12-29,Completed,Bank Transfer
202,3937,2024-03-13,Completed,Card
203,2949,2024-02-29,Completed,Card
204,1628,2025-03-30,Completed,Bank Transfer
205,1489,2024-12-01,Completed,Card
206,4146,2025-10-29,Completed,Card
207,4199,2024-05-03,Completed,PayPal
208,4464,2025-03-30,Completed,Card
209,936,2024-01-14,Completed,Card
210,3564,2025-02-19,Completed,Card
211,3630,2024-01-27,Cancelled,PayPal
212,1715,2024-02-19,Completed,Card
213,1803,2024-07-05,Completed,Card
214,1421,2024-02-26,Completed,Card
215,3592,2025-10-28,Completed,PayPal
216,3521,2024-02-03,Cancelled,PayPal
217,3312,2025-06-21,Completed,Card
218,2306,2025-01-05,Completed,Card
219,1996,2024-03-26,Completed,Card
220,1968,2024-06-08,Completed,Card
221,3715,2025-02-28,Completed,PayPal
222,4036,2025-12-12,Completed,Card
223,4486,2024-04-15,Completed,PayPal
224,4869,2025-01-25,Completed,Card
225,3459,2025-05-26,Completed,Card
226,394,2024-10-01,Completed,Card
227,4779,2024-10-15,Completed,Card
228,3731,2024-09-14,Completed,Card
229,4366,2024-08-07,Cancelled,PayPal
230,4245,2025-06-10,Completed,PayPal
231,4907,2025-06-16,Completed,Bank Transfer
232,28,2024-02-28,Completed,Card
233,3492,2024-12-25,Completed,PayPal
234,4262,2025-08-16,Completed,Bank Transfer
235,1174,2025-09-21,Completed,PayPal
236,339,2024-04-22,Cancelled,Card
237,1069,2024-10-02,Completed,PayPal
238,842,2024-09-13,Completed,Card
239,4285,2024-11-24,Completed,Card
240,4747,2024-08-22,Completed,Card
241,294,2024-02-20,Completed,Card
242,1858,2025-11-08,Completed,PayPal
243,1323,2024-08-08,Completed,Card
244,1648,2025-08-18,Cancelled,Card
245,4899,2024-08-17,Completed,Card
246,3621,2024-08-09,Completed,Card
247,4527,2025-10-27,Completed,Card
248,3095,2024-02-23,Returned,PayPal
249,3492,2025-09-22,Completed,Bank Transfer
250,3496,2025-12-10,Completed,PayPal
251,4583,2024-09-29,Completed,Bank Transfer
252,3802,2024-07-16,Completed,PayPal
253,89,2024-05-07,Completed,Card
254,4367,2025-08-26,Completed,Card
255,1957,2024-01-09,Completed,Card
256,900,2024-08-14,Completed,Card
257,3478,2025-07-11,Cancelled,Card
258,1745,2024-05-13,Completed,Card
259,4374,2024-01-16,Completed,Card
260,2254,2024-08-02,Completed,Bank Transfer
261,3662,2024-04-21,Completed,Card
262,2961,2024-06-05,Completed,PayPal
263,1634,2025-02-28,Completed,PayPal
264,862,2025-03-27,Completed,Card
265,4702,2024-11-13,Completed,PayPal
266,1014,2024-12-25,Completed,PayPal
267,3300,2025-01-10,Completed,PayPal
268,1507,2024-10-22,Completed,Bank Transfer
269,3206,2024-07-16,Completed,Bank Transfer
270,4804,2025-07-23,Completed,Card
271,978,2025-02-01,Completed,Card
272,3462,2025-08-12,Completed,Card
273,1818,2024-08-29,Completed,Card
274,3685,2025-03-04,Completed,Card
275,4059,2025-09-02,Completed,Card
276,2635,2024-01-06,Completed,PayPal
277,4902,2024-11-13,Completed,Card
278,4816,2024-07-30,Completed,Bank Transfer
279,3667,2024-09-29,Completed,Card
280,949,2024-03-24,Completed,Card
281,474,2025-09-15,Completed,Card
282,568,2025-12-10,Completed,Card
283,3433,2024-12-25,Completed,PayPal
284,4024,2025-01-15,Completed,Bank Transfer
285,2259,2025-06-23,Cancelled,Card
286,3145,2024-05-20,Completed,Card
287,4311,2025-05-24,Cancelled,PayPal
288,4996,2024-06-21,Completed,Card
289,1983,2024-01-20,Completed,Card
290,1097,2025-09-20,Completed,Card
291,3571,2025-05-17,Completed,Card
292,3391,2025-07-19,Completed,PayPal
293,2673,2024-08-14,Completed,Bank Transfer
294,3647,2024-04-18,Completed,PayPal
295,2420,2024-11-15,Completed,PayPal
296,4280,2024-11-03,Cancelled,PayPal
297,3349,2024-03-27,Completed,Card
298,674,2024-08-15,Completed,PayPal
299,2803,2024-11-05,Completed,Card
300,2370,2025-01-13,Completed,Card
301,4531,2025-08-05,Cancelled,Card
302,1067,2025-01-19,Returned,Card
303,688,2024-04-22,Completed,Card
304,4984,2024-10-19,Completed,Card
305,69,2024-10-31,Completed,Card
306,2104,2024-10-17,Completed,Card
307,420,2024-04-14,Cancelled,Card
308,3999,2024-10-17,Completed,Card
309,2598,2025-04-21,Completed,Card
310,4339,2025-06-04,Completed,Bank Transfer
311,2125,2025-11-07,Completed,Card
312,3893,2024-02-29,Completed,Card
313,440,2024-11-07,Completed,PayPal
314,1287,2024-04-15,Completed,Bank Transfer
315,1209,2025-09-14,Completed,Card
316,1079,2024-03-29,Returned,Bank Transfer
317,2564,2024-09-24,Completed,PayPal
318,3624,2025-08-05,Completed,PayPal
319,1254,2024-04-28,Completed,Card
320,3358,2025-03-20,Completed,PayPal
321,3210,2025-03-04,Completed,PayPal
322,3550,2024-12-16,Completed,Bank Transfer
323,615,2024-11-01,Completed,Card
324,3079,2025-09-06,Completed,PayPal
325,2724,2024-07-20,Completed,PayPal
326,3491,2024-01-23,Completed,Bank Transfer
327,3544,2024-03-30,Completed,Card
328,4516,2025-04-15,Completed,Card
329,1901,2024-04-02,Completed,Card
330,4372,2024-10-11,Completed,PayPal
331,1713,2025-11-13,Completed,Card
332,2330,2024-11-04,Cancelled,Bank Transfer
333,3620,2025-06-19,Completed,Card
334,1195,2025-01-10,Completed,Card
335,4907,2025-12-14,Completed,PayPal
336,1379,2025-05-13,Completed,Card
337,1313,2025-09-27,Completed,Card
338,2916,2024-05-21,Completed,Card
339,750,2024-02-21,Completed,Card
340,301,2024-03-10,Completed,Card
341,4696,2024-09-16,Completed,Card
342,3983,2025-11-28,Completed,Bank Transfer
343,4625,2025-12-19,Returned,PayPal
344,3838,2024-10-19,Completed,PayPal
345,278,2025-01-12,Completed,Card
346,4759,2024-02-08,Completed,PayPal
347,2559,2024-12-13,Completed,Card
348,3918,2025-07-31,Cancelled,Card
349,2162,2025-06-08,Completed,Card
350,4676,2025-12-06,Completed,Card
351,1390,2025-05-20,Completed,Card
352,691,2025-01-16,Completed,PayPal
353,4733,2025-02-28,Completed,PayPal
354,3469,2025-03-11,Completed,PayPal
355,1849,2025-10-06,Completed,Card
356,4919,2025-12-07,Completed,PayPal
357,4971,2024-11-17,Completed,Card
358,3817,2025-08-12,Completed,PayPal
359,940,2024-09-06,Cancelled,PayPal
360,3183,2024-06-28,Completed,Card
361,3310,2025-11-19,Completed,Card
362,2051,2024-01-29,Cancelled,Card
363,1747,2025-05-10,Completed,PayPal
364,2452,2025-11-08,Completed,Card
365,25,2024-11-21,Completed,PayPal
366,2557,2025-10-09,Completed,PayPal
367,61,2024-07-05,Cancelled,Card
368,123,2024-02-24,Completed,Card
369,2103,2025-05-28,Completed,Bank Transfer
370,1187,2025-02-13,Completed,Card
371,1731,2024-01-17,Completed,PayPal
372,4642,2025-07-24,Completed,Card
373,4090,2024-03-28,Completed,Card
374,2473,2024-08-10,Completed,PayPal
375,2966,2024-02-27,Cancelled,Bank Transfer
376,2278,2025-12-04,Completed,PayPal
377,4088,2025-07-15,Completed,Card
378,2965,2025-12-25,Completed,Card
379,1311,2024-08-17,Completed,Card
380,155,2024-06-02,Completed,Card
381,2213,2024-09-29,Completed,PayPal
382,3254,2024-02-15,Returned,Card
383,1263,2025-03-27,Completed,Bank Transfer
384,1363,2024-11-01,Completed,PayPal
385,938,2025-03-02,Completed,PayPal
386,512,2024-04-27,Completed,PayPal
387,187,2025-11-18,Completed,PayPal
388,1846,2025-08-02,Completed,Card
389,1703,2024-09-07,Completed,PayPal
390,391,2025-02-06,Completed,Card
391,655,2024-07-18,Completed,PayPal
392,4272,2024-05-25,Completed,PayPal
393,2822,2024-02-20,Completed,Card
394,764,2025-01-02,Completed,PayPal
395,3401,2025-11-28,Completed,Card
396,4807,2024-11-15,Completed,Bank Transfer
397,3268,2024-07-17,Completed,PayPal
398,1086,2025-03-16,Completed,Card
399,1930,2024-05-24,Completed,Card
400,4377,2024-02-28,Completed,PayPal
401,1964,2025-12-07,Completed,PayPal
402,1786,2024-05-22,Cancelled,Bank Transfer
403,2275,2024-08-10,Completed,Card
404,2687,2024-04-09,Completed,Card
405,2969,2024-01-26,Completed,Card
406,4573,2025-03-07,Completed,Card
407,716,2025-06-09,Completed,Card
408,243,2024-05-01,Completed,Card
409,3916,2025-04-09,Completed,PayPal
410,1524,2024-09-21,Completed,PayPal
411,838,2024-01-07,Completed,Card
412,3324,2024-08-07,Completed,Card
413,2954,2025-11-25,Completed,Card
414,1346,2025-01-30,Completed,PayPal
415,2424,2025-04-01,Completed,PayPal
416,2029,2024-04-17,Completed,Card
417,1433,2025-05-06,Completed,Card
418,240,2025-09-27,Completed,Card
419,139,2025-11-12,Cancelled,Card
420,3194,2025-04-04,Completed,Card
421,420,2024-01-09,Completed,Bank Transfer
422,304,2025-01-01,Completed,Card
423,2163,2024-05-04,Completed,Card
424,2027,2024-06-10,Cancelled,Card
425,4103,2024-02-05,Completed,Card
426,2227,2024-01-04,Completed,Card
427,1169,2025-02-16,Completed,Card
428,416,2024-03-27,Completed,Card
429,2714,2025-04-27,Completed,Card
430,150,2025-08-25,Completed,Bank Transfer
431,2445,2024-02-27,Completed,PayPal
432,839,2024-05-19,Cancelled,Card
433,1697,2024-06-20,Completed,Card
434,4340,2024-09-16,Completed,Card
435,1911,2025-05-09,Completed,Bank Transfer
436,1422,2024-01-25,Cancelled,PayPal
437,4975,2024-07-16,Completed,Card
438,3002,2025-08-01,Completed,Card
439,1321,2025-02-26,Completed,Card
440,4036,2024-04-27,Completed,Bank Transfer
441,1524,2024-01-06,Completed,Bank Transfer
442,3879,2024-04-06,Completed,Bank Transfer
443,553,2024-03-12,Completed,Card
444,3757,2025-03-07,Completed,Card
445,3672,2025-01-14,Completed,Card
446,482,2025-07-03,Completed,Card
447,600,2024-02-25,Completed,Card
448,1165,2025-09-06,Completed,PayPal
449,4679,2024-04-12,Completed,PayPal
450,4233,2024-08-03,Completed,Card
451,1004,2024-01-21,Completed,Card
452,1983,2025-09-18,Completed,PayPal
453,1635,2024-07-28,Completed,Card
454,2998,2024-10-17,Completed,Bank Transfer
455,687,2025-12-15,Completed,Card
456,3415,2024-07-06,Cancelled,Card
457,1760,2024-05-30,Completed,PayPal
458,4938,2024-07-09,Completed,Card
459,2481,2025-02-10,Completed,PayPal
460,1338,2024-08-01,Completed,Card
461,115,2025-07-07,Completed,Card
462,3958,2025-04-22,Completed,Card
463,569,2024-07-12,Completed,Card
464,1554,2024-09-06,Completed,Card
465,2690,2025-08-15,Completed,Card
466,4591,2024-02-10,Completed,Card
467,3341,2025-01-04,Completed,Card
468,2989,2024-01-20,Cancelled,PayPal
469,3152,2024-01-09,Completed,Card
470,3528,2025-09-27,Completed,Card
471,3016,2024-07-21,Completed,PayPal
472,822,2025-08-12,Completed,Card
473,3575,2025-12-22,Completed,PayPal
474,3788,2024-01-18,Completed,PayPal
475,1609,2024-11-14,Completed,Card
476,560,2025-12-12,Completed,PayPal
477,4064,2024-10-08,Completed,PayPal
478,4436,2025-04-20,Cancelled,Card
479,612,2024-09-08,Completed,Card
480,2164,2024-12-05,Completed,Card
481,1882,2025-04-06,Completed,Card
482,4170,2025-09-22,Completed,Bank Transfer
483,3864,2025-02-04,Completed,PayPal
484,3709,2025-01-05,Completed,PayPal
485,1710,2024-10-08,Completed,Card
486,1762,2025-01-24,Completed,PayPal
487,1693,2024-12-02,Completed,PayPal
488,1246,2024-12-10,Completed,Card
489,126,2025-06-02,Completed,PayPal
490,4753,2024-09-29,Completed,Card
491,1200,2024-09-09,Returned,Card
492,2712,2025-10-01,Completed,Card
493,3447,2025-01-08,Completed,Card
494,991,2025-08-26,Completed,Card
495,3066,2024-01-06,Completed,Card
496,4955,2025-02-17,Completed,PayPal
497,1522,2025-08-08,Completed,Card
498,4729,2025-05-12,Completed,Card
499,2499,2024-02-25,Completed,Card
500,2566,2025-02-01,Completed,PayPal
501,4791,2024-08-25,Cancelled,Card
502,2598,2025-05-04,Cancelled,Bank Transfer
503,116,2024-01-22,Completed,Card
504,1032,2025-03-16,Cancelled,PayPal
505,1242,2024-02-10,Completed,Card
506,1743,2024-09-14,Completed,Card
507,3639,2025-03-26,Completed,Card
508,4400,2024-02-17,Completed,PayPal
509,4091,2025-05-17,Completed,Card
510,1976,2024-05-18,Completed,PayPal
511,4184,2024-07-20,Completed,PayPal
512,4404,2025-10-13,Completed,Card
513,4898,2025-05-23,Completed,Bank Transfer
514,164,2025-10-15,Completed,PayPal
515,3311,2024-10-12,Completed,Card
516,3389,2024-08-20,Completed,Card
517,996,2024-11-11,Completed,PayPal
518,1878,2025-04-05,Completed,Card
519,1824,2025-10-31,Returned,Bank Transfer
520,4907,2025-07-03,Completed,Bank Transfer
521,2296,2025-08-09,Completed,Card
522,3265,2024-11-16,Completed,Card
523,1349,2024-06-23,Completed,PayPal
524,1804,2024-02-08,Completed,Bank Transfer
525,2252,2025-03-08,Completed,Card
526,2901,2025-04-29,Completed,Bank Transfer
527,1594,2025-08-07,Completed,Card
528,433,2024-02-27,Completed,Card
529,3818,2025-05-10,Completed,Card
530,4918,2025-08-23,Completed,PayPal
531,1071,2024-05-13,Completed,Card
532,4601,2025-10-16,Completed,Card
533,115,2025-05-23,Completed,Card
534,1440,2025-08-29,Completed,Bank Transfer
535,1791,2024-06-04,Completed,Card
536,995,2024-07-19,Completed,PayPal
537,4319,2025-05-13,Completed,Card
538,4732,2025-02-05,Completed,Card
539,4768,2025-05-10,Completed,PayPal
540,958,2025-05-02,Completed,Bank Transfer
541,96,2024-06-08,Completed,Card
542,2155,2024-07-29,Completed,Card
543,632,2025-03-28,Completed,Bank Transfer
544,3685,2025-11-14,Completed,Card
545,1702,2024-03-10,Completed,Card
546,698,2024-11-09,Completed,Bank Transfer
547,32,2025-03-06,Completed,Card
548,4875,2025-01-16,Completed,Card
549,549,2025-10-18,Completed,PayPal
550,2249,2024-06-15,Completed,Card
551,1894,2025-01-25,Completed,Card
552,2835,2024-11-14,Completed,Card
553,1704,2024-04-26,Completed,PayPal
554,1157,2025-11-27,Completed,PayPal
555,344,2025-05-26,Completed,Card
556,4073,2024-07-21,Completed,Card
557,3463,2024-06-10,Completed,Card
558,2249,2025-04-06,Completed,Card
559,945,2025-11-30,Completed,PayPal
560,3881,2025-07-08,Completed,Card
561,2051,2024-07-19,Completed,Card
562,3286,2024-08-18,Completed,Card
563,2856,2025-05-30,Completed,PayPal
564,1331,2024-07-24,Completed,PayPal
565,2004,2024-11-26,Completed,Card
566,3616,2025-08-28,Completed,Card
567,1788,2024-12-12,Completed,Card
568,2247,2024-12-14,Returned,PayPal
569,3673,2024-06-08,Completed,Card
570,2156,2025-09-16,Completed,Bank Transfer
571,3480,2024-09-08,Cancelled,PayPal
572,3021,2024-08-09,Completed,Card
573,52,2025-08-28,Completed,Card
574,2160,2025-01-28,Completed,PayPal
575,4391,2025-01-30,Completed,Card
576,3652,2024-06-15,Completed,PayPal
577,3916,2025-03-27,Completed,PayPal
578,2113,2024-05-17,Completed,Card
579,2622,2024-07-28,Completed,Card
580,4561,2025-08-07,Completed,Card
581,4730,2024-08-01,Cancelled,Card
582,1355,2024-12-25,Completed,PayPal
583,3755,2025-10-24,Completed,PayPal
584,210,2024-08-22,Completed,PayPal
585,238,2025-12-28,Returned,Card
586,336,2025-01-31,Completed,Bank Transfer
587,3839,2024-10-30,Completed,Card
588,1577,2024-04-18,Completed,Card
589,500,2025-01-24,Completed,Card
590,1565,2024-04-29,Completed,PayPal
591,791,2025-09-01,Completed,Card
592,3541,2024-07-28,Completed,PayPal
593,3123,2025-03-02,Completed,Card
594,1136,2025-06-27,Cancelled,Card
595,3945,2024-11-25,Completed,Card
596,2349,2024-08-13,Completed,Card
597,4325,2025-12-27,Completed,Card
598,150,2025-09-26,Completed,Card
599,3207,2024-05-26,Completed,Bank Transfer
600,3529,2024-12-05,Completed,PayPal
601,1625,2025-07-17,Completed,Card
602,2575,2024-06-28,Completed,PayPal
603,4429,2024-10-16,Completed,PayPal
604,4270,2024-07-05,Completed,Card
605,3285,2025-04-30,Completed,Card
606,2109,2024-12-02,Completed,Card
607,3948,2024-04-17,Completed,Card
608,4915,2024-05-05,Completed,PayPal
609,2264,2025-12-06,Completed,Card
610,1613,2024-02-03,Completed,Card
611,3816,2025-03-13,Completed,Card
612,4720,2024-10-02,Completed,Card
613,578,2025-05-08,Completed,Card
614,423,2024-06-30,Completed,Card
615,2764,2024-08-26,Completed,Card
616,1230,2024-12-13,Completed,Card
617,3177,2024-05-25,Completed,Card
618,754,2024-02-13,Completed,Card
619,4843,2025-05-13,Completed,Card
620,688,2024-10-21,Completed,Card
621,723,2025-06-14,Completed,Card
622,747,2025-12-27,Completed,Card
623,4338,2024-07-29,Cancelled,Card
624,2713,2025-02-05,Completed,Card
625,708,2024-08-18,Completed,PayPal
626,435,2024-12-04,Completed,Card
627,4877,2024-01-05,Completed,PayPal
628,484,2024-11-06,Completed,Card
629,3519,2024-06-10,Completed,PayPal
630,1534,2024-08-03,Completed,Card
631,170,2025-09-03,Completed,Card
632,1021,2024-06-19,Completed,PayPal
633,4965,2024-09-08,Completed,Card
634,848,2025-11-11,Completed,Card
635,696,2024-02-07,Completed,PayPal
636,3347,2024-08-15,Cancelled,Bank Transfer
637,4014,2025-09-28,Completed,Card
638,32,2024-10-04,Completed,PayPal
639,177,2024-10-11,Completed,PayPal
640,2965,2025-05-24,Completed,PayPal
641,2113,2025-10-10,Completed,Bank Transfer
642,3887,2024-12-31,Completed,Card
643,1503,2025-09-11,Completed,PayPal
644,2316,2024-03-08,Completed,Card
645,2645,2024-04-13,Completed,Card
646,66,2025-02-04,Completed,Card
647,4229,2024-09-02,Completed,PayPal
648,1929,2025-11-07,Completed,Card
649,585,2024-07-10,Completed,PayPal
650,1749,2025-12-07,Completed,Bank Transfer
651,2205,2025-10-05,Completed,Card
652,3631,2024-10-22,Completed,PayPal
653,1893,2024-05-23,Completed,Card
654,2430,2024-01-26,Completed,Bank Transfer
655,3094,2024-09-07,Completed,PayPal
656,974,2025-08-29,Completed,PayPal
657,4025,2025-12-12,Completed,Card
658,2643,2025-09-06,Completed,Bank Transfer
659,1443,2024-07-11,Completed,Card
660,4330,2025-01-15,Completed,Card
661,1478,2024-01-02,Completed,PayPal
662,771,2025-08-25,Completed,Card
663,306,2024-02-14,Completed,PayPal
664,2,2024-01-03,Completed,Card
665,271,2025-03-24,Completed,Card
666,4517,2025-07-29,Completed,Card
667,3215,2024-05-14,Completed,Bank Transfer
668,864,2024-10-17,Completed,Card
669,2740,2024-10-04,Completed,PayPal
670,2915,2024-06-24,Completed,PayPal
671,107,2024-10-08,Completed,Card
672,3169,2024-04-29,Completed,Bank Transfer
673,4645,2024-06-22,Completed,Card
674,2600,2025-03-14,Completed,PayPal
675,2236,2025-04-03,Cancelled,PayPal
676,2800,2025-09-21,Completed,Card
677,1512,2024-12-06,Completed,PayPal
678,19,2025-11-27,Completed,PayPal
679,859,2025-12-26,Completed,Bank Transfer
680,1417,2024-04-30,Completed,Card
681,3033,2025-07-28,Completed,PayPal
682,4506,2025-10-22,Cancelled,Bank Transfer
683,1427,2025-05-07,Returned,PayPal
684,2532,2024-10-02,Completed,PayPal
685,4720,2024-01-29,Completed,Card
686,4752,2025-11-15,Completed,Card
687,4864,2024-08-31,Completed,Bank Transfer
688,4039,2024-11-16,Returned,PayPal
689,4114,2025-10-04,Returned,Card
690,2232,2024-12-17,Completed,Bank Transfer
691,2453,2025-06-15,Completed,PayPal
692,2847,2024-03-21,Completed,Card
693,3203,2024-10-19,Completed,Card
694,1817,2024-10-20,Cancelled,PayPal
695,1781,2025-05-11,Completed,Bank Transfer
696,4104,2025-04-02,Completed,Card
697,705,2025-11-12,Completed,Card
698,1342,2025-07-11,Returned,Card
699,3463,2024-02-29,Completed,PayPal
700,3591,2025-08-30,Completed,Card
701,1160,2025-06-26,Completed,Card
702,4627,2025-01-14,Completed,PayPal
703,3723,2024-11-19,Completed,Card
704,3439,2025-09-19,Completed,Card
705,3561,2024-03-02,Completed,Card
706,3083,2024-05-25,Completed,Card
707,1716,2024-12-27,Completed,Card
708,2244,2024-02-22,Completed,Bank Transfer
709,1761,2025-02-05,Completed,Card
710,4008,2025-07-16,Completed,PayPal
711,1797,2025-11-11,Completed,Card
712,2676,2025-12-07,Completed,Card
713,3237,2025-03-24,Completed,PayPal
714,44,2024-03-23,Completed,PayPal
715,489,2025-01-13,Completed,PayPal
716,4277,2025-10-07,Completed,Card
717,3149,2025-04-02,Completed,Card
718,4724,2024-03-21,Cancelled,Card
719,957,2025-05-28,Completed,PayPal
720,2115,2024-11-04,Completed,Card
721,1116,2025-05-08,Cancelled,Card
722,1782,2024-08-23,Completed,PayPal
723,2827,2025-10-29,Completed,Card
724,651,2024-02-06,Completed,PayPal
725,1877,2025-10-18,Completed,Card
726,341,2024-11-20,Completed,Bank Transfer
727,2951,2024-02-25,Cancelled,Card
728,3376,2024-04-30,Cancelled,Card
729,2446,2024-11-09,Completed,Card
730,2751,2024-07-29,Completed,PayPal
731,2145,2024-04-12,Completed,Card
732,1355,2025-03-14,Completed,Bank Transfer
733,3277,2024-02-07,Completed,Card
734,449,2025-09-11,Completed,Card
735,4173,2025-02-17,Completed,Card
736,4992,2024-08-11,Completed,Card
737,4645,2024-10-19,Completed,Card
738,798,2025-11-26,Completed,Card
739,3497,2024-06-03,Completed,Card
740,4911,2024-02-01,Cancelled,Card
741,2183,2024-08-21,Completed,Card
742,3327,2025-05-03,Completed,Card
743,646,2025-07-23,Completed,PayPal
744,720,2024-11-28,Completed,Card
745,1523,2025-11-05,Completed,Bank Transfer
746,1070,2024-01-17,Completed,Card
747,4744,2025-02-17,Completed,Card
748,4888,2025-10-19,Returned,Card
749,4675,2024-08-27,Completed,Bank Transfer
750,3076,2024-10-12,Completed,Bank Transfer
751,3808,2024-12-11,Completed,Card
752,3362,2025-01-09,Completed,Card
753,2157,2024-01-16,Completed,PayPal
754,4556,2025-08-09,Completed,Bank Transfer
755,2314,2024-09-16,Completed,PayPal
756,3506,2024-12-26,Completed,Bank Transfer
757,4140,2025-02-02,Completed,Bank Transfer
758,633,2025-04-04,Completed,PayPal
759,2200,2025-05-30,Completed,Card
760,3064,2024-03-25,Completed,Card
761,2911,2024-03-03,Completed,Card
762,623,2024-04-09,Completed,Card
763,361,2024-10-21,Completed,Card
764,2368,2024-06-10,Completed,Card
765,210,2024-06-26,Completed,Card
766,3468,2025-03-19,Completed,PayPal
767,931,2024-11-23,Completed,Card
768,4585,2024-11-23,Completed,PayPal
769,3944,2024-02-11,Completed,Card
770,4697,2024-08-29,Completed,Bank Transfer
771,4870,2024-12-07,Completed,Card
772,878,2024-03-31,Completed,Card
773,4796,2024-01-28,Cancelled,PayPal
774,2500,2025-04-03,Completed,Card
775,2524,2025-10-28,Completed,Card
776,4352,2025-09-22,Cancelled,Card
777,392,2025-01-19,Completed,Card
778,3903,2025-05-01,Completed,PayPal
779,2322,2024-08-07,Completed,PayPal
780,4941,2024-09-20,Cancelled,PayPal
781,3982,2024-04-30,Completed,Card
782,139,2024-02-15,Completed,Card
783,103,2024-10-06,Completed,Card
784,484,2024-04-24,Completed,Card
785,4320,2024-06-16,Completed,PayPal
786,4074,2025-03-10,Completed,Bank Transfer
787,1849,2024-09-02,Completed,Bank Transfer
788,1885,2025-04-28,Completed,Bank Transfer
789,3206,2025-01-09,Completed,Card
790,2162,2024-10-06,Completed,Card
791,1465,2024-01-22,Cancelled,PayPal
792,644,2025-12-14,Completed,PayPal
793,3437,2024-03-08,Completed,Card
794,4554,2025-10-09,Completed,PayPal
795,611,2024-02-27,Completed,Card
796,4303,2025-06-10,Completed,PayPal
797,1544,2024-09-20,Completed,Bank Transfer
798,3540,2025-11-12,Completed,Bank Transfer
799,1467,2025-02-26,Completed,PayPal
800,917,2025-05-13,Cancelled,Card
801,1182,2024-10-17,Completed,Card
802,2147,2024-06-17,Completed,Card
803,2273,2025-07-13,Completed,PayPal
804,852,2025-04-06,Completed,Card
805,4537,2025-08-30,Completed,Card
806,720,2025-07-09,Completed,Card
807,4681,2024-12-18,Completed,Card
808,2015,2024-08-27,Completed,Bank Transfer
809,3473,2024-10-09,Completed,Card
810,3643,2025-03-24,Completed,Bank Transfer
811,3871,2025-08-04,Completed,Card
812,64,2024-03-06,Completed,PayPal
813,4864,2024-11-22,Completed,PayPal
814,560,2025-03-31,Completed,PayPal
815,1734,2025-04-21,Completed,Card
816,670,2024-10-11,Completed,PayPal
817,3895,2024-01-31,Cancelled,Card
818,1543,2025-03-23,Completed,Card
819,1272,2024-08-01,Completed,Card
820,2416,2025-11-23,Completed,Card
821,2792,2025-12-14,Completed,Card
822,4714,2025-08-02,Completed,PayPal
823,3055,2024-01-25,Completed,Card
824,2459,2025-01-07,Completed,Card
825,3066,2025-01-31,Completed,PayPal
826,1164,2024-12-02,Completed,Card
827,4560,2025-11-02,Completed,Bank Transfer
828,2750,2024-10-06,Returned,PayPal
829,1949,2025-09-14,Completed,PayPal
830,60,2025-07-12,Completed,Card
831,3103,2025-11-21,Completed,PayPal
832,333,2025-07-01,Completed,Card
833,4172,2024-07-16,Completed,Card
834,190,2025-07-07,Completed,Card
835,3561,2025-04-23,Completed,Card
836,296,2025-08-24,Completed,PayPal
837,2549,2025-08-02,Completed,Card
838,177,2024-03-10,Completed,Card
839,800,2025-05-19,Completed,Card
840,806,2024-04-19,Completed,Card
841,1743,2025-01-16,Completed,PayPal
842,215,2025-01-31,Completed,Bank Transfer
843,1880,2025-02-12,Completed,PayPal
844,2701,2024-12-16,Returned,Bank Transfer
845,597,2025-06-17,Completed,Card
846,1718,2025-05-15,Completed,Card
847,1356,2025-12-07,Completed,PayPal
848,4224,2025-02-24,Completed,Card
849,1293,2025-07-10,Completed,PayPal
850,2599,2024-04-20,Completed,Bank Transfer
851,3438,2024-07-27,Completed,PayPal
852,4715,2025-03-14,Completed,Card
853,142,2024-06-26,Completed,Card
854,3217,2025-02-28,Completed,Card
855,2840,2024-11-23,Completed,PayPal
856,4341,2024-01-11,Completed,Bank Transfer
857,3514,2024-09-08,Returned,PayPal
858,2751,2024-08-22,Completed,Card
859,1715,2025-10-09,Completed,Card
860,1136,2024-09-10,Completed,PayPal
861,3722,2025-07-19,Completed,Card
862,1910,2025-04-22,Completed,Card
863,2248,2024-05-08,Completed,PayPal
864,4517,2025-06-15,Cancelled,PayPal
865,4103,2024-04-09,Completed,Card
866,1549,2024-10-16,Completed,PayPal
867,2640,2025-07-22,Completed,PayPal
868,4767,2024-08-13,Completed,PayPal
869,4512,2025-10-14,Completed,Bank Transfer
870,2832,2024-05-04,Completed,Card
871,1007,2025-03-13,Completed,PayPal
872,3222,2025-07-17,Completed,PayPal
873,3063,2025-10-07,Completed,PayPal
874,4524,2025-10-26,Completed,Card
875,3053,2024-12-12,Completed,PayPal
876,4430,2025-11-28,Completed,Card
877,2320,2024-07-01,Completed,Card
878,3540,2024-12-16,Completed,Bank Transfer
879,2367,2025-05-29,Completed,Card
880,527,2025-01-12,Completed,PayPal
881,2808,2025-12-08,Completed,PayPal
882,1196,2025-04-09,Completed,Card
883,1754,2025-11-08,Completed,PayPal
884,1673,2024-12-05,Completed,Card
885,2029,2024-05-20,Returned,Card
886,1655,2024-04-20,Completed,Bank Transfer
887,4550,2024-09-17,Cancelled,Card
888,4842,2024-07-06,Completed,Card
889,4042,2025-01-05,Completed,Card
890,848,2024-12-23,Completed,Card
891,868,2024-09-29,Completed,Card
892,774,2025-11-27,Completed,Card
893,543,2025-08-26,Cancelled,Card
894,4418,2025-03-24,Completed,Card
895,786,2025-12-06,Completed,Card
896,3306,2025-02-20,Completed,Card
897,4636,2025-01-22,Completed,Card
898,2884,2024-12-03,Completed,Card
899,449,2024-11-06,Completed,PayPal
900,3311,2024-11-24,Completed,Card
901,4586,2024-02-16,Cancelled,Bank Transfer
902,1906,2025-10-17,Completed,PayPal
903,4560,2024-05-28,Completed,PayPal
904,4410,2024-12-15,Completed,Card
905,3252,2024-11-18,Completed,Card
906,385,2024-04-29,Completed,Card
907,295,2025-02-01,Completed,Bank Transfer
908,1239,2025-10-07,Completed,PayPal
909,4858,2024-07-15,Completed,Card
910,2817,2025-02-16,Completed,Card
911,1099,2025-03-14,Completed,Card
912,1738,2024-02-06,Returned,Card
913,2190,2024-07-05,Completed,PayPal
914,2766,2025-02-23,Completed,Card
915,1223,2025-12-25,Completed,Card
916,3243,2025-04-04,Completed,Card
917,3900,2024-04-19,Completed,Card
918,4324,2024-07-05,Completed,Card
919,411,2025-04-15,Completed,Card
920,3000,2024-03-18,Completed,Card
921,2946,2025-01-08,Completed,PayPal
922,4787,2024-11-25,Completed,Card
923,878,2024-05-04,Completed,PayPal
924,787,2024-11-11,Completed,Card
925,2110,2024-11-15,Completed,Card
926,1987,2025-04-19,Completed,Card
927,879,2025-05-03,Cancelled,Card
928,1608,2025-05-28,Completed,PayPal
929,2404,2024-11-29,Completed,Card
930,71,2024-03-11,Completed,PayPal
931,2311,2025-04-09,Completed,PayPal
932,4402,2025-01-10,Completed,Card
933,3296,2025-12-24,Completed,PayPal
934,762,2024-01-08,Cancelled,Card
935,4684,2025-11-26,Completed,Bank Transfer
936,2122,2024-06-12,Completed,PayPal
937,3583,2024-10-21,Completed,Card
938,4198,2024-12-23,Completed,PayPal
939,1630,2024-03-21,Completed,Card
940,4289,2024-10-01,Completed,Card
941,1086,2025-09-08,Completed,Card
942,2458,2025-06-23,Completed,PayPal
943,4396,2024-02-16,Completed,Card
944,3267,2025-01-26,Completed,Card
945,454,2025-07-20,Completed,PayPal
946,2622,2024-03-19,Completed,PayPal
947,619,2025-05-27,Cancelled,Card
948,637,2025-11-10,Completed,PayPal
949,2349,2024-01-23,Completed,Card
950,4875,2024-08-15,Completed,PayPal
951,3037,2025-03-13,Completed,Card
952,2250,2024-10-24,Completed,PayPal
953,2722,2024-09-16,Completed,Bank Transfer
954,2350,2025-11-06,Completed,PayPal
955,4433,2024-01-10,Completed,Card
956,1995,2025-09-19,Completed,PayPal
957,2821,2024-06-06,Completed,Bank Transfer
958,1072,2024-06-06,Returned,Card
959,2032,2024-11-15,Completed,PayPal
960,1250,2024-07-20,Completed,Card
961,1296,2024-04-30,Completed,Card
962,3557,2024-05-18,Completed,PayPal
963,328,2025-11-04,Cancelled,Card
964,797,2025-12-20,Completed,Card
965,2862,2025-07-20,Completed,Card
966,4761,2024-12-04,Returned,PayPal
967,2794,2024-09-16,Completed,Card
968,3095,2025-03-08,Completed,PayPal
969,2978,2024-02-13,Completed,PayPal
970,963,2024-06-07,Completed,Card
971,1269,2024-12-20,Completed,Card
972,373,2024-04-07,Completed,Card
973,4381,2025-06-21,Completed,Card
974,2569,2025-12-10,Completed,Card
975,4903,2025-08-31,Completed,PayPal
976,4743,2024-08-26,Completed,PayPal
977,3694,2025-04-19,Completed,PayPal
978,1605,2025-06-07,Completed,PayPal
979,96,2025-07-10,Completed,Card
980,4370,2025-01-26,Cancelled,Card
981,3942,2024-01-09,Returned,Bank Transfer
982,1201,2025-05-27,Completed,Card
983,3945,2025-01-23,Completed,PayPal
984,4880,2024-07-28,Completed,Card
985,132,2024-02-23,Completed,PayPal
986,3116,2025-09-07,Completed,PayPal
987,1391,2024-05-31,Completed,Card
988,1150,2025-02-13,Cancelled,Bank Transfer
989,3511,2024-01-10,Completed,Card
990,3648,2025-07-05,Completed,Card
991,808,2025-07-09,Completed,Card
992,4840,2024-09-24,Completed,PayPal
993,51,2025-10-28,Completed,Card
994,3209,2025-03-26,Completed,Card
995,56,2025-08-16,Completed,Card
996,3665,2024-07-15,Completed,Bank Transfer
997,744,2025-02-01,Completed,Card
998,4539,2024-02-21,Completed,Card
999,2877,2025-04-13,Completed,PayPal
1000,80,2025-01-02,Completed,PayPal
1001,4473,2025-01-08,Completed,Card
1002,3941,2024-02-28,Completed,Card
1003,2967,2024-10-20,Completed,Card
1004,3729,2024-04-19,Completed,Card
1005,4537,2025-06-25,Completed,PayPal
1006,126,2024-04-16,Completed,Card
1007,219,2024-10-23,Completed,Card
1008,948,2024-04-04,Completed,Card
1009,4374,2025-12-19,Completed,Card
1010,595,2025-11-14,Completed,Card
1011,141,2025-04-16,Completed,Card
1012,2894,2024-03-19,Completed,PayPal
1013,3056,2024-09-06,Completed,Card
1014,1631,2025-12-30,Completed,PayPal
1015,877,2024-12-04,Completed,Card
1016,4206,2024-02-26,Completed,Card
1017,2661,2024-05-26,Completed,Card
1018,3391,2024-01-17,Completed,PayPal
1019,4892,2025-01-02,Completed,PayPal
1020,2030,2025-12-09,Completed,Card
1021,4825,2024-07-07,Completed,Card
1022,2553,2025-10-05,Completed,Card
1023,3612,2024-09-04,Completed,Card
1024,1041,2024-05-29,Completed,PayPal
1025,315,2025-12-14,Completed,Card
1026,3460,2024-07-31,Completed,Card
1027,4173,2024-08-04,Completed,PayPal
1028,3026,2024-01-06,Completed,Card
1029,2947,2025-10-31,Completed,PayPal
1030,3237,2025-08-09,Completed,Card
1031,3681,2025-01-29,Completed,Card
1032,4808,2024-10-30,Completed,PayPal
1033,3107,2025-07-11,Completed,Card
1034,1538,2025-02-14,Completed,PayPal
1035,3873,2025-02-06,Returned,PayPal
1036,1868,2025-01-14,Completed,PayPal
1037,4950,2025-03-27,Completed,Card
1038,1162,2024-08-16,Completed,PayPal
1039,3921,2025-11-24,Completed,Card
1040,3883,2025-05-19,Completed,PayPal
1041,2757,2025-08-17,Completed,PayPal
1042,1913,2024-05-24,Completed,Card
1043,265,2024-02-19,Completed,PayPal
1044,4429,2025-02-27,Completed,Bank Transfer
1045,4916,2024-04-09,Completed,Card
1046,1303,2024-12-08,Completed,Card
1047,1195,2025-10-12,Completed,Card
1048,1527,2025-06-09,Completed,Bank Transfer
1049,3605,2024-01-13,Completed,Card
1050,4395,2024-06-20,Completed,Card
1051,2249,2025-05-03,Completed,PayPal
1052,1159,2024-12-24,Completed,Card
1053,4368,2024-04-15,Completed,Bank Transfer
1054,4631,2024-07-07,Completed,PayPal
1055,3514,2025-06-12,Completed,Bank Transfer
1056,2079,2024-02-19,Completed,Card
1057,1145,2024-09-05,Completed,Card
1058,69,2025-02-13,Completed,Card
1059,3718,2025-01-25,Completed,Card
1060,3009,2025-01-13,Completed,Card
1061,827,2024-08-14,Completed,Bank Transfer
1062,1170,2025-08-13,Cancelled,Card
1063,984,2024-07-31,Returned,PayPal
1064,4577,2025-06-12,Completed,PayPal
1065,3978,2024-12-11,Cancelled,Card
1066,3335,2025-02-22,Completed,Card
1067,2341,2024-03-24,Completed,Card
1068,2016,2024-07-15,Completed,PayPal
1069,1453,2025-06-13,Completed,PayPal
1070,2134,2024-08-08,Completed,Card
1071,1040,2024-06-24,Completed,Bank Transfer
1072,4724,2025-08-06,Completed,Card
1073,4214,2025-08-25,Completed,PayPal
1074,3467,2024-11-17,Completed,PayPal
1075,3027,2025-06-18,Completed,Card
1076,4258,2025-12-25,Completed,PayPal
1077,2748,2025-01-28,Completed,Card
1078,4263,2025-10-01,Returned,Bank Transfer
1079,4396,2025-07-24,Completed,Card
1080,3496,2024-11-19,Completed,Card
1081,3856,2024-03-25,Completed,PayPal
1082,562,2025-03-02,Completed,PayPal
1083,2204,2024-09-24,Completed,Card
1084,3420,2024-04-21,Completed,Card
1085,1145,2025-09-19,Completed,Card
1086,2700,2025-02-01,Completed,Card
1087,1552,2024-02-21,Completed,Card
1088,4022,2024-03-24,Completed,PayPal
1089,561,2025-09-14,Completed,Card
1090,1188,2025-12-12,Completed,Bank Transfer
1091,3134,2025-02-28,Completed,Card
1092,3412,2024-01-21,Completed,Card
1093,1690,2025-11-18,Completed,Card
1094,4408,2024-02-25,Completed,Card
1095,2424,2024-10-17,Completed,Card
1096,1370,2025-10-16,Completed,PayPal
1097,581,2025-01-07,Completed,Card
1098,977,2024-01-08,Completed,Card
1099,4273,2024-05-03,Completed,PayPal
1100,4610,2024-04-10,Completed,Bank Transfer
1101,2357,2024-04-02,Returned,Bank Transfer
1102,119,2025-01-19,Completed,PayPal
1103,1543,2024-03-20,Completed,Card
1104,4863,2024-10-24,Completed,Card
1105,3044,2024-01-31,Completed,PayPal
1106,973,2025-01-12,Completed,Bank Transfer
1107,916,2024-11-25,Returned,PayPal
1108,1438,2024-10-25,Completed,Bank Transfer
1109,587,2024-10-08,Completed,PayPal
1110,351,2024-01-12,Completed,Card
1111,4592,2025-09-30,Completed,Card
1112,2563,2025-11-29,Completed,Card
1113,1871,2024-03-09,Completed,Card
1114,273,2025-06-06,Completed,Card
1115,2928,2024-01-23,Completed,Card
1116,4359,2024-12-02,Completed,Card
1117,3440,2025-03-02,Completed,PayPal
1118,3042,2024-07-27,Completed,Card
1119,3949,2024-08-02,Completed,Card
1120,1765,2025-09-26,Completed,Card
1121,4291,2025-02-26,Completed,Card
1122,1771,2024-03-13,Cancelled,Card
1123,1523,2025-12-22,Completed,PayPal
1124,832,2025-08-28,Completed,PayPal
1125,562,2025-10-27,Completed,Card
1126,3541,2024-09-30,Completed,Card
1127,4137,2025-12-25,Completed,Card
1128,1480,2025-10-01,Completed,Card
1129,4467,2024-08-20,Completed,PayPal
1130,1206,2024-02-10,Completed,Card
1131,657,2024-10-15,Completed,Card
1132,3941,2025-07-08,Completed,Bank Transfer
1133,590,2024-09-26,Completed,Card
1134,4327,2025-03-14,Cancelled,Card
1135,4905,2024-11-09,Completed,Card
1136,1372,2025-05-24,Completed,Card
1137,4575,2025-01-28,Completed,PayPal
1138,3752,2024-01-28,Completed,PayPal
1139,3760,2024-09-26,Completed,Card
1140,2101,2025-04-11,Completed,Card
1141,1885,2024-03-14,Completed,Card
1142,748,2025-10-18,Completed,Card
1143,464,2025-11-04,Completed,PayPal
1144,754,2024-09-02,Completed,PayPal
1145,583,2025-02-13,Completed,Card
1146,2206,2025-05-12,Completed,Bank Transfer
1147,4115,2025-02-21,Completed,Card
1148,4151,2024-07-29,Completed,PayPal
1149,4028,2024-08-10,Completed,Card
1150,4817,2024-12-25,Completed,Bank Transfer
1151,3354,2025-08-04,Cancelled,PayPal
1152,2809,2024-01-20,Completed,Card
1153,3604,2025-02-26,Returned,Card
1154,3914,2024-04-30,Completed,PayPal
1155,1420,2024-06-21,Completed,PayPal
1156,2168,2024-02-03,Completed,PayPal
1157,2145,2024-03-11,Completed,Card
1158,2168,2025-06-28,Completed,Card
1159,1561,2025-09-12,Completed,Card
1160,1177,2025-06-18,Cancelled,Card
1161,1269,2025-10-19,Completed,PayPal
1162,3588,2024-01-14,Completed,Card
1163,1167,2024-11-01,Completed,PayPal
1164,3576,2025-07-01,Completed,PayPal
1165,2842,2024-09-27,Cancelled,Card
1166,1871,2024-02-22,Completed,Card
1167,3930,2025-05-08,Completed,Card
1168,2268,2025-07-13,Completed,Card
1169,2887,2025-04-07,Completed,Card
1170,160,2025-06-06,Completed,Bank Transfer
1171,2659,2025-12-22,Completed,Bank Transfer
1172,3764,2024-11-19,Completed,Card
1173,4735,2025-06-07,Completed,Card
1174,1056,2025-03-18,Completed,Card
1175,334,2024-09-07,Completed,Bank Transfer
1176,3597,2024-06-08,Completed,Card
1177,892,2024-02-05,Returned,Bank Transfer
1178,2988,2025-10-22,Completed,Card
1179,4448,2024-07-16,Completed,PayPal
1180,1363,2025-03-25,Completed,PayPal
1181,926,2025-01-12,Completed,PayPal
1182,2444,2024-09-02,Completed,Card
1183,2578,2025-01-27,Completed,Bank Transfer
1184,3981,2024-07-22,Completed,Card
1185,2406,2024-02-13,Completed,PayPal
1186,1420,2024-11-10,Completed,PayPal
1187,2876,2025-02-11,Completed,PayPal
1188,60,2024-07-24,Completed,PayPal
1189,2525,2024-08-28,Completed,Bank Transfer
1190,3798,2024-02-10,Completed,Card
1191,2660,2025-08-10,Completed,Card
1192,4097,2025-12-14,Completed,Bank Transfer
1193,1579,2024-12-28,Completed,PayPal
1194,4407,2024-04-04,Completed,Bank Transfer
1195,3106,2025-06-23,Completed,Card
1196,708,2024-05-23,Completed,PayPal
1197,1781,2024-02-28,Completed,Card
1198,2414,2025-10-02,Completed,Card
1199,4954,2025-05-23,Completed,Card
1200,3407,2025-05-27,Completed,PayPal
1201,2162,2024-01-22,Completed,Bank Transfer
1202,3540,2024-07-22,Completed,Card
1203,609,2025-11-29,Completed,Card
1204,309,2025-04-15,Completed,PayPal
1205,4308,2024-10-10,Completed,PayPal
1206,2365,2025-01-06,Completed,Card
1207,185,2025-05-12,Completed,Card
1208,246,2024-11-27,Completed,PayPal
1209,239,2024-01-27,Completed,Card
1210,520,2024-05-08,Completed,Card
1211,3908,2025-01-14,Completed,Bank Transfer
1212,277,2025-05-21,Completed,Card
1213,4029,2024-04-04,Completed,PayPal
1214,4310,2025-07-31,Completed,PayPal
1215,606,2024-06-25,Completed,Bank Transfer
1216,4574,2025-04-17,Completed,Card
1217,4604,2025-04-30,Completed,Card
1218,4054,2024-10-01,Completed,Card
1219,2713,2025-10-29,Completed,PayPal
1220,142,2025-02-26,Completed,Card
1221,3662,2025-06-14,Completed,Card
1222,2370,2024-11-15,Completed,PayPal
1223,1718,2024-02-27,Completed,Card
1224,4557,2024-09-29,Completed,Card
1225,4766,2024-07-16,Completed,PayPal
1226,3428,2024-03-19,Completed,Card
1227,2325,2024-02-10,Completed,PayPal
1228,1845,2024-09-01,Completed,PayPal
1229,400,2024-01-23,Completed,Card
1230,4764,2025-12-09,Completed,Card
1231,2564,2024-08-23,Completed,Card
1232,1523,2024-05-05,Completed,Card
1233,1335,2024-05-19,Completed,Card
1234,2624,2025-01-28,Completed,Card
1235,239,2024-05-06,Completed,
1236,3216,2024-04-23,Completed,Card
1237,3648,2025-06-08,Completed,Bank Transfer
1238,1617,2024-08-15,Completed,Card
1239,2430,2025-06-04,Completed,Bank Transfer
1240,3653,2024-05-25,Cancelled,PayPal
1241,1722,2024-06-11,Completed,Card
1242,1273,2025-12-28,Completed,PayPal
1243,3140,2024-06-17,Completed,Card
1244,2879,2025-06-21,Completed,Card
1245,1536,2024-05-04,Completed,Card
1246,536,2024-10-26,Completed,Card
1247,949,2024-09-06,Completed,PayPal
1248,4959,2025-06-05,Completed,Bank Transfer
1249,2643,2024-04-14,Completed,Bank Transfer
1250,3942,2025-09-09,Completed,Card
1251,1022,2025-05-27,Completed,PayPal
1252,434,2025-11-24,Completed,Card
1253,1404,2025-05-20,Cancelled,Card
1254,3512,2024-10-28,Completed,Bank Transfer
1255,2936,2025-10-14,Completed,Card
1256,4879,2024-08-17,Completed,PayPal
1257,4265,2024-03-04,Completed,Card
1258,4805,2025-08-12,Cancelled,Card
1259,3334,2024-08-19,Completed,Card
1260,1603,2025-08-21,Completed,PayPal
1261,229,2024-07-01,Completed,PayPal
1262,4523,2024-11-14,Cancelled,Card
1263,4218,2025-10-19,Completed,Card
1264,2197,2024-04-01,Completed,Bank Transfer
1265,2900,2025-09-26,Completed,Card
1266,111,2024-03-04,Completed,Card
1267,1245,2024-08-06,Completed,Card
1268,4160,2025-12-04,Completed,Card
1269,2686,2025-09-10,Completed,PayPal
1270,3802,2024-09-03,Completed,PayPal
1271,3868,2025-04-17,Completed,PayPal
1272,1378,2024-02-26,Cancelled,Card
1273,1772,2024-02-14,Completed,Card
1274,13,2024-03-26,Completed,Bank Transfer
1275,4335,2024-02-07,Completed,PayPal
1276,3262,2024-06-30,Completed,Bank Transfer
1277,663,2024-06-12,Completed,Card
1278,3093,2024-05-05,Completed,Bank Transfer
1279,694,2024-07-25,Completed,Card
1280,3391,2024-09-23,Completed,Card
1281,1182,2024-12-19,Completed,Card
1282,3019,2025-02-14,Completed,Card
1283,1505,2025-08-21,Completed,Card
1284,1903,2025-10-18,Completed,Card
1285,4172,2024-05-01,Completed,Card
1286,329,2025-05-22,Completed,PayPal
1287,1440,2025-09-01,Completed,Card
1288,3847,2025-04-13,Completed,Card
1289,4168,2024-05-12,Completed,Card
1290,225,2025-01-13,Completed,Card
1291,2521,2024-11-13,Completed,Bank Transfer
1292,3715,2025-07-30,Completed,Card
1293,2408,2025-12-11,Completed,Card
1294,811,2024-05-04,Completed,Card
1295,3118,2025-03-26,Completed,Card
1296,4774,2025-12-20,Completed,PayPal
1297,3291,2024-07-26,Completed,Bank Transfer
1298,4387,2024-10-26,Completed,Card
1299,2252,2025-05-03,Completed,Card
1300,4662,2025-09-24,Completed,Card
1301,2530,2024-05-21,Cancelled,PayPal
1302,4607,2025-04-18,Completed,PayPal
1303,924,2025-07-22,Completed,Card
1304,3053,2024-10-30,Completed,Bank Transfer
1305,16,2025-10-18,Completed,Card
1306,3597,2025-07-09,Cancelled,Card
1307,2404,2025-10-05,Completed,Bank Transfer
1308,4452,2025-08-15,Completed,PayPal
1309,4926,2024-01-30,Completed,Card
1310,4011,2025-01-11,Completed,Card
1311,2647,2024-12-06,Completed,Bank Transfer
1312,1102,2024-07-27,Completed,Card
1313,2976,2024-08-30,Completed,Card
1314,1091,2025-11-25,Returned,Card
1315,2907,2024-06-06,Completed,Card
1316,1747,2024-05-25,Completed,Card
1317,4310,2024-12-05,Completed,Card
1318,1721,2024-04-01,Completed,Card
1319,449,2024-11-24,Completed,Card
1320,3013,2024-06-20,Completed,PayPal
1321,3505,2025-12-02,Cancelled,Card
1322,1569,2024-01-31,Completed,Card
1323,3187,2025-09-12,Completed,Card
1324,3492,2024-09-28,Cancelled,Card
1325,2547,2024-04-04,Completed,Card
1326,4806,2024-03-17,Completed,PayPal
1327,4476,2024-05-30,Completed,Card
1328,1048,2024-05-21,Completed,Card
1329,4635,2024-08-18,Completed,Card
1330,4849,2024-05-07,Completed,Card
1331,4631,2025-11-26,Completed,PayPal
1332,4769,2025-05-11,Completed,Card
1333,1065,2024-10-06,Completed,PayPal
1334,3822,2025-06-24,Completed,PayPal
1335,568,2025-06-13,Completed,PayPal
1336,1437,2024-05-10,Cancelled,PayPal
1337,4511,2025-04-05,Completed,Bank Transfer
1338,4545,2024-09-25,Completed,Card
1339,4706,2025-09-09,Cancelled,Card
1340,2706,2025-10-30,Completed,Card
1341,2484,2025-07-24,Completed,Bank Transfer
1342,4801,2025-08-26,Completed,Card
1343,4830,2024-09-16,Cancelled,PayPal
1344,3780,2024-02-20,Completed,Card
1345,4896,2024-05-12,Completed,Card
1346,2795,2025-11-09,Completed,Card
1347,1861,2024-01-05,Completed,PayPal
1348,3337,2025-10-09,Completed,PayPal
1349,1891,2025-05-16,Completed,PayPal
1350,4827,2024-07-02,Returned,Card
1351,4292,2025-02-12,Completed,Card
1352,1098,2024-03-31,Completed,Card
1353,1639,2025-03-11,Completed,Card
1354,1659,2024-07-07,Completed,Card
1355,1126,2025-04-24,Completed,Card
1356,264,2025-01-17,Completed,Card
1357,2993,2024-11-17,Completed,Card
1358,161,2025-03-18,Completed,Card
1359,1257,2025-05-04,Completed,Bank Transfer
1360,4866,2024-05-12,Completed,Card
1361,311,2025-11-14,Completed,Bank Transfer
1362,227,2025-03-01,Returned,PayPal
1363,273,2024-09-06,Completed,PayPal
1364,4413,2024-03-01,Completed,PayPal
1365,1923,2025-07-15,Completed,PayPal
1366,3158,2025-02-25,Completed,Card
1367,2339,2025-04-20,Completed,Card
1368,1602,2024-08-10,Completed,Bank Transfer
1369,3719,2025-03-13,Returned,Card
1370,2423,2025-11-14,Completed,Card
1371,1926,2025-01-18,Completed,PayPal
1372,567,2024-11-14,Completed,Card
1373,2916,2024-08-12,Completed,Card
1374,252,2025-02-26,Completed,PayPal
1375,2355,2024-07-09,Completed,Card
1376,3502,2024-03-19,Cancelled,Card
1377,4771,2024-12-30,Completed,Card
1378,2312,2024-01-22,Cancelled,Card
1379,2116,2025-07-01,Completed,PayPal
1380,1603,2024-11-25,Completed,Card
1381,3271,2024-06-04,Completed,Bank Transfer
1382,514,2024-02-25,Completed,PayPal
1383,442,2024-09-04,Completed,Card
1384,1,2024-09-17,Completed,PayPal
1385,903,2025-03-10,Completed,Bank Transfer
1386,1221,2025-06-10,Completed,Card
1387,2322,2025-04-22,Completed,Card
1388,856,2025-11-30,Completed,Card
1389,1018,2025-06-21,Completed,Card
1390,2221,2025-06-18,Completed,Card
1391,4681,2025-01-15,Completed,Card
1392,3505,2024-04-12,Completed,PayPal
1393,4551,2024-01-29,Cancelled,Card
1394,196,2025-04-27,Completed,Card
1395,4695,2024-02-26,Completed,PayPal
1396,1333,2024-03-02,Completed,PayPal
1397,4652,2024-02-17,Completed,Card
1398,1518,2025-01-01,Completed,Card
1399,4535,2025-06-30,Completed,Card
1400,2698,2025-07-11,Completed,Card
1401,4455,2025-06-28,Completed,PayPal
1402,3108,2024-11-22,Completed,Card
1403,1058,2024-09-22,Completed,PayPal
1404,2706,2025-12-28,Completed,PayPal
1405,2064,2025-12-29,Completed,PayPal
1406,2793,2024-06-24,Completed,Card
1407,421,2024-02-13,Completed,PayPal
1408,4649,2024-08-06,Completed,Card
1409,2815,2024-05-05,Completed,Card
1410,2841,2025-01-13,Completed,PayPal
1411,1032,2024-11-14,Completed,Card
1412,1492,2024-10-31,Completed,Card
1413,4976,2024-07-18,Completed,Card
1414,1886,2024-03-25,Completed,PayPal
1415,4948,2024-02-10,Completed,Card
1416,510,2025-12-23,Cancelled,Card
1417,1860,2025-07-04,Completed,Card
1418,1859,2024-12-28,Completed,Bank Transfer
1419,914,2024-09-25,Completed,PayPal
1420,2066,2024-12-27,Completed,Card
1421,2967,2025-01-01,Completed,PayPal
1422,4890,2024-06-29,Completed,Card
1423,3838,2024-08-18,Completed,Card
1424,1597,2024-03-10,Completed,Card
1425,4443,2025-08-10,Completed,PayPal
1426,1056,2025-05-03,Completed,PayPal
1427,1024,2024-08-21,Completed,Card
1428,3205,2025-03-04,Completed,Card
1429,576,2025-10-09,Completed,PayPal
1430,199,2025-10-27,Completed,PayPal
1431,1366,2024-10-20,Completed,Card
1432,1999,2024-12-13,Completed,Card
1433,1017,2024-04-08,Cancelled,Card
1434,3619,2024-12-26,Completed,Card
1435,26,2024-12-23,Completed,PayPal
1436,1559,2024-05-09,Cancelled,Card
1437,3725,2025-06-02,Cancelled,PayPal
1438,3459,2025-01-17,Completed,PayPal
1439,3357,2025-09-08,Completed,Bank Transfer
1440,2368,2025-07-15,Completed,PayPal
1441,471,2024-03-04,Cancelled,PayPal
1442,2468,2025-01-30,Completed,Card
1443,4747,2024-06-29,Completed,Card
1444,886,2025-08-09,Completed,Card
1445,876,2024-07-07,Completed,Card
1446,942,2024-07-01,Completed,Card
1447,3042,2025-05-06,Completed,PayPal
1448,572,2025-08-02,Completed,Card
1449,4150,2024-06-18,Completed,Card
1450,605,2024-11-17,Completed,Card
1451,4421,2024-06-20,Cancelled,PayPal
1452,3530,2024-10-10,Completed,PayPal
1453,4981,2025-09-10,Completed,Card
1454,4361,2024-12-31,Completed,Card
1455,382,2024-04-20,Completed,Card
1456,1237,2024-03-18,Completed,Card
1457,2381,2025-11-28,Completed,PayPal
1458,3780,2024-09-09,Completed,Card
1459,2106,2024-08-23,Completed,Card
1460,1518,2024-04-02,Completed,Card
1461,1534,2025-10-03,Completed,Bank Transfer
1462,3295,2025-11-25,Completed,Card
1463,3441,2024-02-03,Cancelled,Card
1464,3490,2025-04-25,Completed,Card
1465,3946,2025-02-07,Completed,Card
1466,4643,2024-08-09,Completed,PayPal
1467,871,2025-05-04,Completed,Card
1468,2151,2024-12-05,Completed,Card
1469,3233,2025-05-27,Completed,PayPal
1470,3232,2025-08-31,Completed,PayPal
1471,3767,2025-08-21,Completed,Card
1472,4961,2024-09-08,Completed,Card
1473,3208,2024-12-29,Cancelled,PayPal
1474,4494,2025-06-10,Completed,Card
1475,4488,2024-05-21,Completed,PayPal
1476,3827,2024-11-06,Completed,Card
1477,1613,2025-01-19,Cancelled,Card
1478,1078,2025-08-04,Completed,Bank Transfer
1479,1301,2024-11-07,Cancelled,Card
1480,2159,2024-10-05,Completed,Card
1481,2272,2025-07-19,Completed,PayPal
1482,2530,2024-12-11,Cancelled,Card
1483,3261,2025-01-21,Completed,Bank Transfer
1484,364,2024-10-28,Completed,Card
1485,846,2025-05-21,Completed,Card
1486,3033,2024-09-03,Completed,Card
1487,1328,2025-10-07,Completed,Card
1488,3163,2025-05-02,Completed,PayPal
1489,392,2024-08-26,Completed,PayPal
1490,3256,2025-06-12,Completed,Card
1491,2060,2024-12-14,Completed,Card
1492,3238,2024-12-17,Completed,PayPal
1493,2047,2024-06-02,Completed,Card
1494,4242,2025-05-24,Cancelled,PayPal
1495,1306,2024-07-04,Completed,PayPal
1496,2895,2025-08-17,Completed,Card
1497,2033,2025-07-20,Completed,Card
1498,765,2025-02-28,Completed,PayPal
1499,499,2024-03-02,Completed,PayPal
1500,3369,2025-02-04,Completed,Card
1501,2945,2024-02-28,Completed,Card
1502,3805,2024-05-21,Cancelled,Bank Transfer
1503,4214,2025-04-10,Completed,Card
1504,4461,2024-05-28,Cancelled,Card
1505,136,2025-03-22,Completed,Card
1506,1101,2024-06-22,Completed,Card
1507,1872,2024-11-06,Completed,Card
1508,4034,2024-03-02,Completed,Card
1509,4114,2024-06-15,Completed,Bank Transfer
1510,4013,2025-11-12,Completed,Card
1511,205,2024-04-12,Returned,PayPal
1512,4595,2024-01-28,Completed,Bank Transfer
1513,2372,2025-08-18,Completed,Card
1514,4691,2025-05-22,Completed,Card
1515,562,2024-05-13,Completed,Card
1516,3315,2024-02-28,Completed,Card
1517,3961,2024-03-30,Completed,Bank Transfer
1518,2527,2024-03-10,Completed,Card
1519,2212,2024-07-03,Completed,Card
1520,2372,2025-03-13,Completed,Card
1521,4736,2025-07-25,Completed,Card
1522,2682,2025-04-18,Completed,Card
1523,2807,2025-10-18,Completed,Card
1524,3770,2024-06-16,Completed,Card
1525,2256,2025-07-31,Completed,Card
1526,4411,2024-05-03,Completed,Card
1527,901,2024-07-31,Completed,Bank Transfer
1528,1751,2024-06-30,Completed,Card
1529,4900,2024-03-11,Cancelled,PayPal
1530,3296,2025-07-09,Cancelled,Card
1531,3160,2024-07-13,Completed,PayPal
1532,1453,2025-07-22,Completed,Card
1533,1244,2024-10-18,Completed,Bank Transfer
1534,2323,2024-02-26,Completed,PayPal
1535,1671,2025-11-13,Completed,Bank Transfer
1536,2028,2024-10-26,Completed,PayPal
1537,1769,2024-11-13,Completed,PayPal
1538,3664,2025-01-05,Completed,PayPal
1539,2303,2024-03-23,Completed,PayPal
1540,1170,2024-04-03,Completed,PayPal
1541,4711,2024-09-23,Completed,Card
1542,2433,2025-01-10,Completed,Card
1543,387,2024-06-09,Completed,PayPal
1544,2431,2025-09-05,Completed,Card
1545,3349,2025-05-16,Completed,Card
1546,1406,2025-01-11,Cancelled,Card
1547,124,2024-04-21,Completed,PayPal
1548,3998,2025-07-31,Completed,Card
1549,3453,2025-09-13,Cancelled,PayPal
1550,3897,2025-09-23,Completed,Card
1551,1625,2024-10-05,Completed,Card
1552,1182,2025-03-08,Completed,Card
1553,728,2025-10-21,Completed,Card
1554,3885,2024-08-29,Completed,Card
1555,3671,2024-08-09,Completed,Card
1556,1142,2024-10-12,Completed,Bank Transfer
1557,2376,2024-01-04,Completed,Card
1558,4032,2024-11-15,Completed,Card
1559,359,2024-11-16,Completed,PayPal
1560,3743,2024-01-08,Completed,Card
1561,2845,2024-02-21,Completed,Card
1562,4539,2024-05-21,Completed,Card
1563,2212,2024-10-06,Completed,Card
1564,973,2024-03-28,Completed,Card
1565,361,2024-06-08,Completed,Card
1566,2633,2024-01-28,Completed,Card
1567,3191,2025-06-11,Completed,Card
1568,4949,2024-09-28,Completed,Card
1569,1625,2024-04-09,Completed,PayPal
1570,3929,2024-07-22,Completed,Bank Transfer
1571,1757,2024-07-08,Completed,Card
1572,241,2025-06-29,Completed,Card
1573,4762,2024-10-20,Completed,Card
1574,976,2024-12-09,Returned,Card
1575,4319,2024-02-22,Completed,Card
1576,2314,2025-12-04,Completed,Card
1577,1306,2025-11-14,Completed,PayPal
1578,788,2024-02-16,Completed,PayPal
1579,2429,2025-02-25,Completed,PayPal
1580,556,2025-12-03,Completed,Bank Transfer
1581,2110,2025-04-09,Completed,PayPal
1582,4943,2025-07-06,Completed,PayPal
1583,2650,2025-03-04,Cancelled,Card
1584,1560,2025-01-31,Completed,Card
1585,4236,2024-07-12,Completed,PayPal
1586,1364,2024-03-06,Completed,Bank Transfer
1587,3960,2025-07-08,Completed,Bank Transfer
1588,590,2025-12-02,Completed,Card
1589,1750,2025-08-23,Completed,Card
1590,541,2025-04-20,Completed,Card
1591,2423,2025-11-18,Completed,PayPal
1592,291,2024-01-26,Completed,PayPal
1593,2091,2024-04-08,Completed,Card
1594,3936,2025-04-20,Returned,PayPal
1595,3959,2025-07-26,Completed,Card
1596,3860,2024-03-22,Completed,Card
1597,1256,2025-02-01,Completed,Card
1598,8,2025-11-24,Returned,Card
1599,1658,2025-11-30,Completed,Bank Transfer
1600,4579,2025-01-27,Completed,Bank Transfer
1601,4429,2024-02-13,Completed,PayPal
1602,1257,2025-04-22,Completed,Card
1603,3951,2025-09-01,Completed,Card
1604,1040,2024-03-31,Completed,Card
1605,2117,2024-11-24,Completed,Card
1606,685,2025-10-14,Completed,Card
1607,4019,2025-02-17,Completed,PayPal
1608,1798,2025-12-20,Completed,PayPal
1609,1825,2025-11-21,Completed,PayPal
1610,3535,2025-11-29,Completed,Card
1611,63,2024-04-19,Completed,PayPal
1612,261,2024-08-06,Completed,PayPal
1613,3572,2025-04-07,Completed,Card
1614,3193,2025-05-29,Completed,Card
1615,4954,2025-07-06,Completed,Card
1616,1489,2025-09-28,Completed,PayPal
1617,1131,2024-09-13,Completed,PayPal
1618,4276,2024-07-11,Completed,Card
1619,355,2025-09-18,Completed,Card
1620,2775,2024-03-10,Completed,Card
1621,589,2025-04-03,Returned,PayPal
1622,605,2025-01-16,Cancelled,Card
1623,2229,2025-05-08,Completed,Bank Transfer
1624,174,2024-04-06,Completed,Bank Transfer
1625,354,2025-12-28,Completed,PayPal
1626,3291,2024-08-11,Completed,Card
1627,434,2024-10-07,Cancelled,Card
1628,2953,2024-11-28,Completed,Card
1629,259,2025-10-02,Completed,Card
1630,868,2025-09-02,Completed,Bank Transfer
1631,2607,2025-02-08,Cancelled,PayPal
1632,3646,2025-05-10,Completed,Card
1633,596,2024-07-04,Completed,Bank Transfer
1634,394,2024-02-07,Completed,Card
1635,4432,2025-10-06,Completed,Card
1636,2111,2025-05-02,Cancelled,Card
1637,3865,2025-07-09,Completed,Card
1638,4140,2025-12-05,Completed,Card
1639,2201,2025-05-20,Completed,Card
1640,3998,2025-05-03,Completed,Card
1641,3854,2024-02-26,Cancelled,Card
1642,4950,2025-05-26,Completed,PayPal
1643,3755,2024-09-04,Completed,Card
1644,4371,2024-04-13,Completed,PayPal
1645,3430,2025-07-10,Completed,Bank Transfer
1646,4522,2024-02-29,Completed,PayPal
1647,4579,2025-07-31,Completed,Card
1648,214,2025-07-12,Completed,Card
1649,2127,2024-08-25,Completed,PayPal
1650,139,2025-01-05,Completed,Card
1651,4194,2024-01-26,Returned,PayPal
1652,3961,2025-01-27,Completed,PayPal
1653,664,2025-08-28,Completed,Card
1654,2833,2024-04-19,Completed,Card
1655,1074,2025-01-26,Completed,PayPal
1656,4575,2024-09-10,Completed,Card
1657,4023,2025-07-05,Completed,Card
1658,162,2024-04-06,Completed,Card
1659,1501,2025-06-21,Completed,Card
1660,3179,2024-04-13,Returned,Card
1661,4491,2025-09-06,Completed,Card
1662,4897,2025-08-09,Completed,Bank Transfer
1663,186,2025-08-19,Completed,Card
1664,4654,2025-05-10,Completed,PayPal
1665,1981,2024-08-01,Completed,PayPal
1666,4542,2024-04-22,Completed,PayPal
1667,3989,2024-11-07,Completed,PayPal
1668,830,2025-07-22,Completed,Card
1669,3520,2024-04-10,Completed,Card
1670,3512,2025-10-08,Completed,Bank Transfer
1671,3329,2025-10-14,Completed,PayPal
1672,3349,2024-03-24,Completed,Card
1673,2486,2025-12-19,Cancelled,Card
1674,4612,2024-10-28,Completed,PayPal
1675,1226,2025-07-26,Completed,Card
1676,4852,2024-08-04,Completed,Card
1677,2845,2025-07-21,Completed,Card
1678,2734,2025-06-24,Completed,Card
1679,4421,2025-09-14,Completed,Card
1680,3997,2024-04-01,Completed,Card
1681,2671,2025-10-15,Completed,Card
1682,4783,2025-03-27,Completed,Card
1683,1499,2025-09-05,Completed,Card
1684,1689,2024-03-11,Completed,Card
1685,2448,2025-06-08,Cancelled,Card
1686,868,2025-02-04,Cancelled,Card
1687,4313,2025-10-30,Completed,Card
1688,3009,2024-03-21,Completed,Card
1689,3525,2024-04-09,Completed,Card
1690,2013,2025-08-17,Cancelled,Card
1691,240,2024-08-05,Completed,Card
1692,48,2024-05-04,Completed,PayPal
1693,4050,2024-07-19,Completed,PayPal
1694,3458,2024-01-02,Completed,Card
1695,3280,2025-07-27,Completed,Bank Transfer
1696,3229,2024-01-20,Completed,PayPal
1697,1249,2025-12-22,Completed,Card
1698,1168,2024-06-28,Completed,Card
1699,3491,2025-02-12,Completed,Card
1700,4971,2024-03-02,Completed,Card
1701,1898,2024-09-29,Returned,Card
1702,3537,2024-01-10,Completed,Card
1703,2180,2025-11-29,Completed,Bank Transfer
1704,4721,2025-09-13,Completed,Card
1705,1971,2025-06-23,Completed,Bank Transfer
1706,4697,2025-04-04,Cancelled,Card
1707,2721,2024-03-01,Completed,Card
1708,2382,2024-02-27,Completed,Card
1709,1944,2024-10-26,Completed,Card
1710,3147,2025-05-11,Completed,PayPal
1711,3484,2024-12-04,Completed,PayPal
1712,3697,2024-09-08,Completed,Card
1713,2826,2025-02-10,Completed,Card
1714,1828,2024-09-12,Completed,PayPal
1715,223,2025-01-15,Cancelled,Card
1716,1747,2024-05-24,Completed,Card
1717,530,2025-08-13,Completed,PayPal
1718,134,2024-12-06,Completed,Bank Transfer
1719,3804,2025-02-06,Completed,Card
1720,4487,2024-10-14,Cancelled,PayPal
1721,102,2024-08-01,Completed,PayPal
1722,3724,2025-06-15,Completed,Card
1723,2729,2025-07-29,Completed,PayPal
1724,2546,2025-07-01,Completed,Card
1725,2559,2024-07-29,Completed,PayPal
1726,3042,2024-06-19,Completed,PayPal
1727,2001,2025-06-21,Completed,Card
1728,949,2024-09-19,Completed,Card
1729,1569,2025-11-06,Cancelled,Card
1730,4937,2025-01-24,Completed,PayPal
1731,2054,2025-02-24,Completed,Card
1732,3006,2024-03-02,Cancelled,PayPal
1733,194,2024-03-26,Returned,Card
1734,742,2025-08-07,Completed,Card
1735,3907,2025-05-05,Completed,PayPal
1736,2960,2024-02-29,Completed,Card
1737,4569,2025-04-21,Completed,Card
1738,2264,2024-11-15,Completed,PayPal
1739,3421,2025-11-20,Completed,Card
1740,2924,2024-02-21,Cancelled,Bank Transfer
1741,3255,2025-10-18,Completed,Bank Transfer
1742,3240,2024-03-17,Completed,Card
1743,3866,2024-04-28,Completed,Card
1744,38,2025-12-21,Completed,Card
1745,1699,2024-06-30,Completed,Card
1746,4567,2025-05-20,Completed,Card
1747,4027,2025-10-11,Completed,Card
1748,3214,2025-09-28,Completed,Card
1749,1784,2024-06-01,Completed,Card
1750,1967,2024-01-18,Completed,PayPal
1751,103,2024-03-04,Completed,Bank Transfer
1752,42,2025-05-11,Completed,Card
1753,2995,2024-03-19,Cancelled,PayPal
1754,3219,2024-02-28,Completed,Card
1755,2991,2025-02-14,Completed,Card
1756,4289,2024-03-01,Completed,Card
1757,3370,2025-04-11,Completed,Card
1758,1062,2025-09-21,Completed,Card
1759,2550,2024-03-19,Completed,Bank Transfer
1760,1677,2025-11-13,Completed,Card
1761,3690,2025-05-02,Completed,PayPal
1762,3998,2024-08-31,Completed,PayPal
1763,326,2024-07-26,Completed,PayPal
1764,1121,2024-03-27,Completed,PayPal
1765,108,2025-10-12,Completed,Card
1766,2679,2025-08-22,Completed,Bank Transfer
1767,335,2025-10-06,Completed,PayPal
1768,2040,2024-02-08,Completed,Bank Transfer
1769,804,2024-06-24,Completed,Bank Transfer
1770,1849,2025-04-22,Completed,Card
1771,767,2025-08-14,Completed,Card
1772,3528,2024-01-20,Completed,PayPal
1773,2307,2024-08-08,Completed,PayPal
1774,2830,2024-10-01,Completed,Bank Transfer
1775,1489,2025-11-30,Completed,Bank Transfer
1776,4130,2024-06-02,Completed,Card
1777,3567,2025-04-07,Completed,PayPal
1778,2374,2025-02-12,Completed,Card
1779,837,2025-10-16,Completed,PayPal
1780,3310,2024-09-07,Completed,Card
1781,3613,2024-07-30,Completed,PayPal
1782,4835,2025-04-22,Completed,Bank Transfer
1783,2792,2025-10-22,Cancelled,Card
1784,4213,2025-11-17,Completed,Card
1785,3984,2025-02-22,Cancelled,Card
1786,3769,2024-06-20,Completed,Card
1787,1505,2025-05-21,Completed,Card
1788,2451,2025-10-07,Completed,Card
1789,3045,2025-09-19,Completed,Card
1790,2034,2024-07-21,Completed,Card
1791,1700,2025-05-06,Completed,Card
1792,2281,2024-10-21,Completed,PayPal
1793,1308,2025-04-01,Completed,Card
1794,2528,2024-05-25,Completed,Card
1795,3839,2024-08-25,Completed,Card
1796,976,2025-02-27,Completed,Card
1797,2057,2024-10-18,Completed,PayPal
1798,4811,2024-06-04,Completed,Card
1799,2427,2024-12-15,Completed,Bank Transfer
1800,3675,2025-03-17,Completed,PayPal
1801,2429,2024-08-30,Completed,Card
1802,4940,2024-07-25,Completed,Card
1803,3734,2025-03-03,Cancelled,PayPal
1804,360,2024-09-14,Completed,PayPal
1805,2224,2025-08-07,Completed,Card
1806,485,2024-02-04,Completed,Card
1807,1429,2024-05-08,Completed,PayPal
1808,2081,2025-03-05,Completed,Bank Transfer
1809,696,2025-11-30,Completed,Card
1810,4661,2024-11-14,Completed,PayPal
1811,202,2024-04-04,Returned,PayPal
1812,3858,2024-08-07,Completed,Card
1813,1199,2024-10-27,Completed,PayPal
1814,1268,2025-09-28,Completed,Card
1815,2971,2024-07-03,Completed,PayPal
1816,74,2024-02-06,Completed,Card
1817,96,2025-09-13,Completed,Card
1818,4269,2025-02-03,Completed,PayPal
1819,3478,2025-11-20,Completed,Card
1820,2203,2024-05-21,Completed,Card
1821,258,2024-05-13,Completed,Card
1822,3659,2025-03-20,Completed,PayPal
1823,4426,2025-10-22,Completed,PayPal
1824,2807,2024-10-14,Completed,Bank Transfer
1825,4257,2024-09-14,Completed,Card
1826,186,2024-02-08,Completed,Card
1827,143,2024-10-31,Completed,Card
1828,3354,2024-10-09,Completed,Card
1829,640,2025-06-09,Completed,PayPal
1830,3750,2025-02-10,Completed,Card
1831,2075,2024-12-24,Completed,Card
1832,3969,2025-01-12,Cancelled,Card
1833,202,2025-04-13,Cancelled,PayPal
1834,3093,2024-10-07,Completed,Bank Transfer
1835,3166,2025-07-18,Completed,PayPal
1836,3080,2024-01-11,Completed,PayPal
1837,4568,2025-11-05,Completed,Card
1838,2103,2025-11-25,Completed,PayPal
1839,911,2024-07-04,Completed,Card
1840,1572,2025-07-02,Completed,Card
1841,3449,2024-01-09,Completed,PayPal
1842,2160,2024-01-28,Cancelled,Card
1843,4326,2025-11-16,Completed,PayPal
1844,2545,2025-04-08,Completed,PayPal
1845,1330,2025-09-30,Completed,PayPal
1846,3614,2025-05-25,Completed,Card
1847,461,2025-05-16,Completed,Card
1848,807,2025-08-04,Completed,PayPal
1849,3700,2025-10-24,Completed,PayPal
1850,2274,2025-10-22,Completed,Card
1851,59,2024-08-05,Completed,Bank Transfer
1852,2476,2025-03-04,Cancelled,Card
1853,4824,2025-09-29,Completed,Card
1854,1156,2024-01-03,Completed,Card
1855,498,2024-07-05,Completed,PayPal
1856,4326,2024-02-12,Completed,Card
1857,4429,2025-09-02,Cancelled,Card
1858,3977,2025-02-14,Completed,PayPal
1859,1608,2024-07-08,Returned,Card
1860,721,2024-02-11,Completed,PayPal
1861,1275,2024-04-06,Returned,Card
1862,3868,2025-12-30,Completed,PayPal
1863,691,2025-10-09,Completed,Bank Transfer
1864,4024,2025-10-18,Completed,PayPal
1865,4153,2025-05-31,Completed,Card
1866,3438,2024-05-15,Completed,PayPal
1867,2356,2025-05-24,Completed,PayPal
1868,750,2025-06-02,Completed,Card
1869,3052,2024-02-06,Cancelled,PayPal
1870,4774,2025-08-01,Completed,Card
1871,3565,2025-05-31,Cancelled,PayPal
1872,4656,2024-02-27,Completed,PayPal
1873,1705,2024-06-03,Completed,Card
1874,3446,2024-04-22,Completed,Card
1875,4445,2025-04-04,Completed,Card
1876,2378,2025-08-26,Completed,Card
1877,3232,2025-08-23,Completed,PayPal
1878,2216,2025-03-17,Completed,PayPal
1879,886,2025-11-20,Completed,Card
1880,865,2024-08-15,Completed,Card
1881,3495,2025-08-01,Completed,PayPal
1882,3055,2024-05-01,Completed,Card
1883,786,2025-11-01,Completed,Card
1884,457,2024-12-22,Completed,PayPal
1885,345,2024-09-24,Completed,PayPal
1886,554,2025-11-25,Completed,PayPal
1887,788,2025-04-29,Cancelled,Card
1888,1820,2024-01-04,Completed,Card
1889,705,2025-04-22,Completed,Card
1890,4908,2024-04-30,Completed,Bank Transfer
1891,953,2025-04-30,Completed,Bank Transfer
1892,815,2024-08-06,Completed,Card
1893,1549,2025-11-24,Completed,Bank Transfer
1894,144,2024-10-04,Completed,PayPal
1895,2778,2024-09-13,Completed,Card
1896,3767,2024-10-30,Cancelled,PayPal
1897,4959,2024-02-12,Completed,Card
1898,3826,2025-06-13,Completed,Bank Transfer
1899,1217,2025-12-10,Completed,Card
1900,1808,2025-11-19,Completed,PayPal
1901,4471,2025-08-10,Completed,Card
1902,4773,2025-11-23,Completed,PayPal
1903,2740,2024-05-29,Completed,PayPal
1904,1290,2025-08-16,Completed,PayPal
1905,556,2024-01-10,Completed,Card
1906,863,2024-07-30,Completed,Card
1907,2486,2025-10-13,Completed,Card
1908,4977,2024-09-16,Completed,Card
1909,2356,2025-01-16,Completed,Card
1910,966,2025-01-23,Completed,Card
1911,2396,2024-12-01,Completed,Card
1912,476,2024-01-05,Completed,Bank Transfer
1913,1339,2024-03-23,Completed,Card
1914,525,2024-01-06,Completed,Bank Transfer
1915,2572,2024-05-31,Completed,PayPal
1916,562,2024-06-29,Cancelled,Card
1917,3703,2024-06-15,Completed,Card
1918,4665,2025-04-14,Completed,Card
1919,1206,2024-03-18,Completed,Card
1920,4034,2025-02-15,Returned,Card
1921,3848,2025-07-07,Completed,Card
1922,4202,2025-07-27,Completed,Card
1923,2239,2025-01-15,Completed,PayPal
1924,1161,2024-11-08,Completed,PayPal
1925,4796,2025-01-29,Cancelled,Card
1926,3826,2025-06-26,Completed,Bank Transfer
1927,72,2024-01-04,Completed,Card
1928,755,2024-04-18,Completed,PayPal
1929,3853,2024-04-02,Completed,Card
1930,905,2024-04-08,Completed,PayPal
1931,52,2024-07-10,Completed,Card
1932,2622,2024-11-28,Completed,Card
1933,3191,2024-07-30,Cancelled,PayPal
1934,3949,2025-08-17,Completed,Card
1935,1288,2024-07-25,Completed,PayPal
1936,4781,2025-09-18,Completed,Card
1937,1773,2025-07-26,Completed,PayPal
1938,3903,2024-12-21,Completed,Card
1939,3921,2024-09-09,Returned,Card
1940,950,2025-08-13,Completed,PayPal
1941,3139,2024-07-14,Completed,Card
1942,2417,2024-09-18,Completed,PayPal
1943,2280,2024-11-17,Cancelled,Bank Transfer
1944,1426,2025-02-23,Completed,Card
1945,1585,2025-05-12,Completed,Card
1946,1047,2024-11-27,Completed,PayPal
1947,2166,2024-10-22,Completed,Bank Transfer
1948,4024,2024-08-23,Completed,Card
1949,1177,2025-11-11,Completed,PayPal
1950,2161,2024-01-07,Completed,PayPal
1951,1032,2025-06-17,Completed,Card
1952,3289,2024-03-12,Completed,Card
1953,4527,2025-05-14,Cancelled,PayPal
1954,1316,2025-09-09,Completed,PayPal
1955,893,2024-05-18,Completed,Card
1956,107,2025-01-20,Completed,Card
1957,3081,2025-06-25,Completed,Card
1958,745,2024-11-19,Completed,Card
1959,622,2025-08-23,Completed,Card
1960,4241,2025-10-26,Completed,Card
1961,821,2024-03-13,Completed,Card
1962,412,2025-01-23,Completed,Card
1963,114,2024-08-25,Completed,Card
1964,2447,2024-11-17,Completed,PayPal
1965,3347,2024-12-06,Completed,PayPal
1966,4220,2024-10-31,Completed,Card
1967,86,2024-01-08,Completed,Card
1968,4143,2024-07-25,Completed,PayPal
1969,1573,2025-02-14,Completed,PayPal
1970,2006,2024-09-14,Cancelled,PayPal
1971,4080,2025-10-12,Completed,PayPal
1972,804,2024-02-15,Completed,Card
1973,3335,2024-05-05,Completed,Bank Transfer
1974,3350,2024-01-21,Completed,PayPal
1975,1070,2024-06-18,Completed,Card
1976,2670,2025-06-27,Completed,PayPal
1977,4142,2025-02-19,Completed,Card
1978,2772,2025-03-30,Completed,Card
1979,4636,2025-10-23,Completed,Card
1980,4183,2024-07-24,Completed,Card
1981,1409,2024-11-28,Completed,PayPal
1982,3741,2024-01-21,Completed,PayPal
1983,265,2025-10-11,Completed,Card
1984,3849,2024-03-05,Completed,PayPal
1985,3094,2025-07-30,Completed,Card
1986,4799,2024-03-28,Completed,PayPal
1987,1474,2025-04-23,Completed,Bank Transfer
1988,4282,2024-02-12,Completed,Card
1989,326,2024-05-20,Completed,Card
1990,1207,2025-01-08,Completed,Card
1991,4493,2025-05-30,Cancelled,PayPal
1992,1505,2025-05-14,Returned,PayPal
1993,3535,2024-10-05,Returned,PayPal
1994,1441,2024-11-21,Completed,PayPal
1995,956,2025-02-21,Completed,Card
1996,555,2025-07-06,Completed,Card
1997,3255,2025-08-24,Completed,Card
1998,4140,2024-11-03,Completed,PayPal
1999,4997,2025-10-18,Completed,Card
2000,4578,2024-11-02,Completed,PayPal
2001,2037,2025-04-14,Completed,Card
2002,1287,2024-07-02,Completed,Card
2003,1198,2025-09-22,Completed,Card
2004,4662,2025-09-16,Completed,PayPal
2005,2268,2024-10-17,Completed,PayPal
2006,3630,2024-09-05,Completed,PayPal
2007,3466,2024-11-19,Completed,Bank Transfer
2008,772,2025-03-18,Cancelled,Bank Transfer
2009,2457,2025-08-26,Completed,Card
2010,471,2024-02-28,Completed,Card
2011,1371,2024-09-25,Completed,Card
2012,3133,2024-11-13,Cancelled,Card
2013,672,2024-04-03,Completed,PayPal
2014,1175,2024-09-10,Completed,Card
2015,111,2025-11-17,Completed,Card
2016,3560,2025-04-04,Completed,PayPal
2017,1027,2025-05-29,Cancelled,Card
2018,3555,2025-06-16,Completed,PayPal
2019,3234,2024-04-13,Completed,PayPal
2020,4440,2025-02-05,Completed,Card
2021,1473,2024-11-28,Completed,PayPal
2022,2380,2025-12-21,Completed,Card
2023,4873,2025-08-30,Completed,PayPal
2024,2972,2024-04-02,Completed,Card
2025,2382,2025-07-10,Cancelled,PayPal
2026,3291,2025-07-27,Completed,Card
2027,4754,2025-06-25,Completed,Card
2028,1834,2025-03-12,Completed,Card
2029,454,2024-01-10,Completed,Card
2030,741,2025-03-31,Completed,Card
2031,2381,2025-02-18,Completed,PayPal
2032,2358,2025-06-01,Completed,PayPal
2033,1444,2025-01-09,Completed,Bank Transfer
2034,3681,2025-06-14,Completed,Card
2035,1749,2025-06-07,Completed,PayPal
2036,2402,2025-01-07,Completed,Card
2037,4920,2025-12-04,Completed,Card
2038,3172,2025-09-06,Completed,Card
2039,4241,2025-03-14,Completed,Card
2040,2007,2024-07-13,Completed,Card
2041,1787,2024-09-21,Completed,Card
2042,1410,2025-05-21,Completed,Card
2043,1763,2025-10-07,Completed,PayPal
2044,910,2025-03-01,Completed,Card
2045,761,2025-11-19,Completed,Bank Transfer
2046,3241,2024-04-08,Completed,Card
2047,2690,2024-01-30,Completed,Bank Transfer
2048,531,2024-10-17,Completed,Card
2049,1360,2025-07-28,Completed,Bank Transfer
2050,3819,2025-05-01,Completed,Card
2051,2028,2025-02-09,Completed,PayPal
2052,2561,2024-01-28,Completed,Card
2053,2178,2024-05-25,Completed,PayPal
2054,1538,2024-10-14,Completed,Card
2055,1274,2025-08-03,Completed,Card
2056,2782,2024-09-08,Completed,Card
2057,947,2024-06-10,Completed,Bank Transfer
2058,1299,2024-04-19,Completed,PayPal
2059,2512,2025-10-05,Completed,Card
2060,2189,2025-02-01,Completed,Card
2061,882,2024-09-27,Completed,PayPal
2062,1848,2024-07-06,Completed,Card
2063,1976,2025-06-15,Completed,Card
2064,4269,2024-10-02,Cancelled,Card
2065,4569,2025-11-19,Completed,Card
2066,2965,2025-09-02,Completed,Card
2067,3064,2024-09-03,Completed,Card
2068,3129,2024-11-19,Completed,PayPal
2069,498,2024-01-18,Completed,Card
2070,2217,2025-02-11,Completed,Card
2071,989,2025-02-14,Completed,Card
2072,2609,2024-05-04,Completed,Card
2073,2476,2024-11-15,Completed,Card
2074,4515,2024-06-01,Completed,Card
2075,1371,2025-08-03,Completed,Card
2076,3589,2025-10-19,Completed,Card
2077,2503,2025-07-10,Completed,PayPal
2078,4810,2024-01-20,Completed,Card
2079,179,2024-09-03,Cancelled,Card
2080,1930,2025-01-24,Completed,Card
2081,2549,2024-12-12,Completed,Card
2082,4835,2025-04-20,Completed,Card
2083,112,2024-07-21,Completed,Card
2084,3220,2024-01-09,Completed,Card
2085,715,2025-11-22,Completed,Card
2086,1402,2025-10-29,Completed,PayPal
2087,2925,2025-06-14,Completed,Card
2088,1382,2024-04-12,Completed,Card
2089,3128,2024-09-02,Completed,Card
2090,4909,2025-08-19,Completed,PayPal
2091,3012,2024-11-14,Completed,Card
2092,1209,2024-12-16,Cancelled,Card
2093,3126,2024-08-21,Completed,Card
2094,37,2025-10-08,Completed,PayPal
2095,1829,2024-02-06,Completed,PayPal
2096,3061,2024-12-10,Completed,PayPal
2097,3342,2025-08-26,Completed,Card
2098,3942,2024-10-18,Completed,Card
2099,810,2024-01-17,Completed,Card
2100,3073,2024-03-30,Completed,Card
2101,4119,2024-12-13,Completed,PayPal
2102,1527,2025-11-07,Completed,Card
2103,3520,2025-03-19,Completed,Card
2104,4892,2024-09-09,Completed,Bank Transfer
2105,496,2025-08-15,Completed,Card
2106,4996,2024-07-02,Completed,PayPal
2107,425,2024-10-16,Completed,Card
2108,2748,2024-08-02,Completed,Card
2109,2066,2024-06-06,Completed,PayPal
2110,1983,2025-11-21,Completed,Bank Transfer
2111,1469,2025-01-27,Completed,Card
2112,3801,2024-01-20,Cancelled,Card
2113,1234,2025-04-15,Completed,PayPal
2114,1798,2025-03-06,Completed,Card
2115,565,2025-10-20,Completed,Card
2116,3020,2024-03-08,Completed,Card
2117,1305,2024-03-17,Cancelled,Card
2118,133,2024-04-11,Completed,Card
2119,449,2025-10-13,Completed,Card
2120,1831,2025-08-07,Completed,PayPal
2121,2159,2024-07-25,Completed,Card
2122,3627,2024-07-31,Completed,Card
2123,850,2024-03-19,Completed,Card
2124,3963,2024-04-22,Completed,PayPal
2125,1481,2024-05-12,Completed,Card
2126,901,2024-07-15,Completed,Card
2127,4855,2024-01-25,Completed,PayPal
2128,1540,2025-04-16,Completed,Card
2129,1900,2025-09-04,Completed,Card
2130,2945,2025-06-26,Completed,Card
2131,4958,2024-10-16,Completed,Card
2132,3245,2024-09-12,Completed,Card
2133,515,2024-07-24,Completed,Bank Transfer
2134,1592,2025-04-19,Completed,Bank Transfer
2135,84,2024-03-08,Completed,PayPal
2136,3743,2024-08-02,Completed,Card
2137,4894,2025-09-25,Completed,Card
2138,2128,2025-02-25,Completed,PayPal
2139,1602,2025-07-11,Completed,PayPal
2140,4618,2025-08-03,Completed,PayPal
2141,1223,2025-06-22,Completed,Card
2142,4330,2025-11-13,Completed,PayPal
2143,1843,2025-04-06,Completed,Card
2144,2292,2025-03-30,Cancelled,Bank Transfer
2145,1590,2024-10-27,Completed,PayPal
2146,2897,2024-10-14,Cancelled,Card
2147,4489,2024-01-02,Returned,Card
2148,9,2024-01-20,Completed,Card
2149,4709,2025-04-21,Completed,Card
2150,715,2025-05-05,Cancelled,PayPal
2151,1928,2024-09-13,Completed,Card
2152,110,2025-03-28,Completed,Bank Transfer
2153,4930,2025-03-13,Completed,Card
2154,266,2025-02-01,Completed,PayPal
2155,3224,2024-06-01,Completed,PayPal
2156,955,2025-10-10,Completed,Bank Transfer
2157,1350,2024-08-09,Completed,PayPal
2158,1575,2025-12-23,Completed,PayPal
2159,2224,2025-12-01,Completed,PayPal
2160,3832,2025-03-11,Completed,Card
2161,3256,2024-05-15,Completed,Card
2162,1059,2025-06-11,Cancelled,Bank Transfer
2163,1958,2025-09-17,Completed,Card
2164,4945,2024-10-05,Completed,Bank Transfer
2165,3148,2025-08-07,Completed,Card
2166,2520,2025-04-29,Returned,Card
2167,3654,2025-06-29,Completed,Card
2168,2571,2024-09-01,Completed,PayPal
2169,2928,2024-01-18,Completed,Card
2170,3888,2025-07-09,Completed,PayPal
2171,888,2024-05-22,Completed,Bank Transfer
2172,745,2025-05-15,Completed,Bank Transfer
2173,3515,2025-06-10,Completed,Card
2174,2931,2024-04-02,Completed,Card
2175,2680,2025-01-17,Completed,Card
2176,176,2024-10-05,Completed,Card
2177,566,2025-12-27,Completed,Bank Transfer
2178,3218,2025-03-24,Completed,PayPal
2179,4358,2025-08-05,Completed,Card
2180,4627,2025-09-12,Completed,PayPal
2181,1395,2024-10-14,Completed,Card
2182,1221,2025-04-20,Completed,Card
2183,948,2025-11-02,Completed,Card
2184,585,2024-06-19,Completed,Card
2185,2863,2025-06-08,Completed,Card
2186,1621,2025-01-06,Completed,Bank Transfer
2187,3356,2025-01-27,Completed,Card
2188,2350,2024-07-03,Completed,PayPal
2189,3192,2025-05-24,Cancelled,Card
2190,3208,2025-03-07,Completed,Card
2191,2577,2024-07-27,Completed,PayPal
2192,532,2024-11-24,Completed,Card
2193,1232,2024-12-26,Completed,Card
2194,1994,2025-03-19,Completed,Card
2195,1698,2025-03-16,Completed,PayPal
2196,3371,2025-01-03,Completed,PayPal
2197,1546,2024-04-15,Completed,Card
2198,3166,2025-12-24,Completed,Card
2199,1438,2024-11-20,Completed,Card
2200,371,2024-08-19,Cancelled,Card
2201,4505,2025-12-25,Completed,PayPal
2202,617,2025-12-08,Returned,Card
2203,4167,2024-09-05,Completed,PayPal
2204,4015,2024-11-12,Completed,Bank Transfer
2205,4180,2024-09-20,Completed,PayPal
2206,2257,2025-12-29,Completed,Card
2207,4355,2025-05-17,Completed,PayPal
2208,3311,2024-09-19,Completed,Bank Transfer
2209,932,2025-11-12,Completed,PayPal
2210,2330,2025-02-19,Completed,PayPal
2211,394,2025-10-29,Completed,PayPal
2212,2466,2024-03-10,Completed,PayPal
2213,3278,2024-08-21,Completed,Card
2214,1930,2025-03-07,Completed,Card
2215,626,2024-02-23,Completed,Bank Transfer
2216,4658,2024-06-18,Completed,Card
2217,2880,2024-02-05,Completed,PayPal
2218,3167,2024-09-15,Completed,Card
2219,3423,2024-09-07,Completed,PayPal
2220,2110,2024-01-13,Completed,PayPal
2221,1166,2025-11-01,Completed,Card
2222,2782,2025-06-24,Completed,Card
2223,1892,2024-02-26,Completed,Card
2224,3183,2024-06-09,Completed,Bank Transfer
2225,1640,2025-03-12,Completed,PayPal
2226,782,2024-08-17,Completed,Card
2227,4693,2024-07-11,Completed,Card
2228,2057,2025-09-11,Returned,Card
2229,2324,2024-12-22,Completed,Card
2230,2275,2024-12-17,Completed,PayPal
2231,2234,2024-09-14,Completed,PayPal
2232,2639,2025-09-13,Completed,Card
2233,3288,2025-10-03,Completed,Card
2234,2481,2025-09-26,Completed,Card
2235,2617,2025-09-19,Completed,Card
2236,356,2024-10-19,Cancelled,PayPal
2237,4488,2025-01-20,Completed,PayPal
2238,4675,2024-08-21,Completed,Card
2239,3347,2024-10-22,Completed,Card
2240,3523,2025-12-03,Completed,PayPal
2241,2468,2025-06-20,Completed,Card
2242,164,2025-01-13,Completed,PayPal
2243,3635,2025-11-08,Cancelled,Card
2244,4734,2024-07-28,Completed,Card
2245,3664,2025-06-22,Completed,Card
2246,3255,2024-06-26,Completed,Card
2247,3382,2025-07-09,Completed,Card
2248,2065,2024-03-12,Completed,Card
2249,4266,2025-05-22,Completed,Card
2250,3985,2024-08-09,Completed,Bank Transfer
2251,3888,2024-08-15,Completed,Bank Transfer
2252,340,2024-08-20,Completed,PayPal
2253,4822,2024-09-24,Completed,Card
2254,3782,2024-09-10,Completed,PayPal
2255,3591,2025-11-05,Completed,PayPal
2256,1934,2024-01-06,Cancelled,PayPal
2257,1646,2024-02-16,Completed,Bank Transfer
2258,4229,2025-02-10,Completed,Card
2259,2688,2025-08-02,Completed,Card
2260,4919,2024-09-10,Completed,Bank Transfer
2261,2127,2025-03-24,Completed,PayPal
2262,4442,2024-02-28,Completed,Bank Transfer
2263,4705,2025-01-27,Completed,Bank Transfer
2264,639,2025-09-22,Cancelled,Card
2265,1225,2025-11-28,Completed,PayPal
2266,3706,2025-07-13,Returned,PayPal
2267,3911,2024-07-09,Cancelled,Card
2268,4246,2024-09-21,Completed,PayPal
2269,1550,2025-11-14,Completed,Card
2270,4146,2025-07-11,Completed,Card
2271,1506,2024-05-22,Completed,Card
2272,4431,2024-09-02,Completed,Card
2273,1376,2024-08-03,Completed,Card
2274,668,2025-03-12,Completed,Card
2275,2375,2025-11-18,Completed,Card
2276,4091,2025-04-20,Completed,Card
2277,1016,2025-01-18,Completed,PayPal
2278,336,2025-10-18,Completed,Card
2279,4762,2025-06-30,Completed,Card
2280,81,2025-02-18,Completed,Bank Transfer
2281,2135,2024-05-11,Completed,Card
2282,1800,2025-02-01,Completed,Card
2283,258,2025-05-21,Completed,Card
2284,185,2024-06-01,Completed,Card
2285,123,2025-07-13,Completed,Card
2286,4701,2024-06-16,Completed,PayPal
2287,5000,2025-11-20,Completed,PayPal
2288,3515,2025-08-29,Completed,Card
2289,1395,2024-08-17,Completed,Card
2290,2353,2025-12-03,Completed,Card
2291,3220,2025-02-07,Completed,Card
2292,1309,2024-05-23,Completed,Card
2293,3945,2025-11-06,Completed,Bank Transfer
2294,1942,2025-06-14,Completed,Card
2295,491,2024-03-08,Completed,PayPal
2296,1055,2024-04-07,Completed,Card
2297,702,2024-01-07,Completed,Card
2298,2935,2024-06-25,Completed,PayPal
2299,4696,2024-07-24,Completed,PayPal
2300,1135,2024-10-25,Completed,PayPal
2301,80,2024-08-16,Completed,PayPal
2302,836,2025-09-22,Completed,Card
2303,652,2024-09-26,Cancelled,Bank Transfer
2304,417,2024-03-21,Completed,PayPal
2305,3681,2025-11-02,Completed,PayPal
2306,3867,2024-07-06,Completed,PayPal
2307,746,2025-11-30,Completed,Card
2308,2003,2025-05-15,Completed,Card
2309,240,2025-12-06,Completed,Card
2310,2894,2025-05-01,Completed,Card
2311,1945,2025-05-02,Completed,PayPal
2312,856,2025-04-22,Completed,Card
2313,3516,2025-12-03,Cancelled,Card
2314,2647,2024-10-15,Completed,Bank Transfer
2315,3195,2024-04-15,Completed,Card
2316,4516,2025-10-02,Completed,Card
2317,4805,2025-08-31,Completed,Card
2318,2599,2025-07-29,Completed,Card
2319,1354,2025-10-01,Completed,PayPal
2320,2036,2024-08-10,Completed,Card
2321,2881,2025-01-16,Completed,Card
2322,680,2024-04-13,Completed,Card
2323,487,2025-10-25,Cancelled,PayPal
2324,3621,2024-04-23,Completed,Card
2325,3651,2025-05-22,Completed,Card
2326,4719,2024-02-24,Completed,PayPal
2327,1439,2024-04-30,Completed,Card
2328,4315,2024-08-04,Completed,PayPal
2329,1485,2025-09-26,Completed,PayPal
2330,691,2024-01-03,Completed,PayPal
2331,1013,2024-04-01,Completed,Card
2332,4543,2025-02-10,Completed,PayPal
2333,2348,2025-11-06,Completed,Card
2334,3709,2025-03-16,Completed,Card
2335,4471,2025-09-22,Completed,Card
2336,1923,2025-03-07,Completed,Card
2337,638,2024-03-01,Completed,Card
2338,3009,2025-12-26,Completed,PayPal
2339,2234,2025-04-17,Completed,Card
2340,2126,2024-09-03,Completed,Card
2341,3458,2025-01-06,Completed,Card
2342,4290,2024-10-15,Completed,PayPal
2343,3175,2025-08-12,Completed,Card
2344,3689,2024-01-24,Completed,Card
2345,1400,2025-02-09,Completed,Card
2346,2335,2024-11-03,Completed,PayPal
2347,1506,2025-09-04,Completed,PayPal
2348,250,2025-01-06,Completed,Bank Transfer
2349,536,2025-09-26,Completed,Bank Transfer
2350,3533,2024-08-02,Completed,Bank Transfer
2351,3550,2024-09-18,Completed,Card
2352,458,2024-12-11,Completed,PayPal
2353,2739,2025-02-16,Completed,Card
2354,3370,2024-05-02,Completed,Card
2355,4136,2024-11-15,Completed,Card
2356,3697,2024-12-02,Completed,Card
2357,3412,2024-06-06,Completed,Card
2358,4070,2024-11-22,Completed,Card
2359,3388,2025-10-22,Cancelled,Card
2360,3186,2024-03-05,Completed,Card
2361,3239,2025-01-03,Cancelled,Card
2362,261,2024-01-04,Completed,Card
2363,1248,2025-11-16,Completed,Card
2364,3334,2025-10-09,Completed,Card
2365,3323,2024-02-29,Completed,Bank Transfer
2366,2574,2024-02-14,Completed,Card
2367,126,2025-08-06,Completed,Card
2368,1230,2025-08-29,Completed,Card
2369,3212,2025-06-26,Completed,PayPal
2370,3134,2024-06-04,Returned,Card
2371,1307,2024-03-04,Completed,Card
2372,2102,2025-02-24,Completed,PayPal
2373,136,2024-11-18,Completed,Card
2374,2378,2024-04-18,Completed,Card
2375,1460,2025-04-07,Completed,PayPal
2376,4232,2025-08-02,Completed,Bank Transfer
2377,813,2025-06-30,Completed,Card
2378,852,2024-09-07,Completed,Card
2379,1745,2025-05-24,Completed,Bank Transfer
2380,1939,2025-07-01,Cancelled,Card
2381,871,2025-03-16,Completed,Card
2382,635,2025-03-29,Returned,Card
2383,669,2025-10-05,Completed,Card
2384,1294,2025-11-09,Completed,PayPal
2385,3089,2024-09-30,Completed,PayPal
2386,269,2024-02-29,Completed,Card
2387,861,2024-12-07,Cancelled,Card
2388,482,2025-01-28,Returned,Card
2389,3291,2024-04-22,Completed,PayPal
2390,3391,2024-08-08,Completed,Card
2391,1262,2024-03-08,Completed,PayPal
2392,2333,2024-11-10,Completed,Card
2393,103,2025-04-11,Completed,Card
2394,3795,2024-09-19,Completed,Bank Transfer
2395,4888,2024-05-10,Completed,Card
2396,4335,2025-02-27,Completed,Card
2397,2693,2024-09-23,Completed,PayPal
2398,3672,2025-12-20,Completed,Card
2399,882,2024-07-30,Completed,PayPal
2400,2236,2025-07-16,Cancelled,PayPal
2401,4984,2024-10-14,Completed,PayPal
2402,3035,2025-02-28,Completed,Card
2403,4890,2025-07-07,Completed,Card
2404,2578,2025-12-07,Completed,Card
2405,676,2024-08-31,Completed,Card
2406,2440,2025-12-12,Completed,PayPal
2407,1682,2025-09-24,Completed,Card
2408,1277,2024-11-29,Completed,Card
2409,4768,2024-11-23,Completed,Bank Transfer
2410,3248,2025-12-15,Completed,Card
2411,4935,2024-04-15,Cancelled,Card
2412,3649,2024-03-19,Cancelled,Card
2413,1313,2024-06-13,Completed,PayPal
2414,1074,2025-09-22,Completed,Card
2415,4100,2024-02-26,Completed,PayPal
2416,1655,2024-07-06,Completed,Card
2417,3748,2024-02-21,Completed,Card
2418,4089,2024-03-12,Completed,Card
2419,1894,2024-11-19,Completed,Card
2420,1286,2025-09-03,Completed,Card
2421,535,2024-12-03,Completed,Card
2422,3448,2024-06-03,Completed,Bank Transfer
2423,1380,2024-02-28,Cancelled,PayPal
2424,646,2024-10-01,Completed,PayPal
2425,24,2024-07-19,Completed,PayPal
2426,4653,2024-10-21,Completed,Card
2427,4452,2024-11-17,Cancelled,Card
2428,4966,2024-11-24,Completed,PayPal
2429,4671,2025-01-24,Completed,Card
2430,4125,2024-10-10,Completed,Card
2431,365,2024-06-24,Completed,Bank Transfer
2432,2656,2025-09-01,Completed,Card
2433,409,2024-12-14,Completed,PayPal
2434,1315,2025-03-07,Completed,Card
2435,219,2025-11-24,Completed,Card
2436,4704,2025-01-16,Completed,Card
2437,1540,2024-09-28,Completed,Card
2438,3434,2025-05-06,Completed,Bank Transfer
2439,4954,2025-06-30,Completed,PayPal
2440,1603,2024-11-26,Completed,Card
2441,2705,2025-08-21,Completed,Bank Transfer
2442,3649,2024-06-06,Completed,Card
2443,1106,2025-03-07,Returned,PayPal
2444,3412,2024-11-20,Completed,Card
2445,2489,2024-04-25,Completed,Card
2446,617,2025-06-03,Completed,Card
2447,4322,2025-09-10,Completed,Card
2448,2419,2025-09-10,Cancelled,Card
2449,28,2025-09-17,Completed,Card
2450,3056,2025-03-10,Completed,Card
2451,16,2025-06-05,Completed,PayPal
2452,3349,2025-07-25,Completed,Card
2453,333,2024-09-22,Completed,Card
2454,4579,2025-02-01,Completed,PayPal
2455,4662,2024-04-11,Completed,Card
2456,2162,2024-03-03,Completed,Card
2457,2086,2025-11-17,Completed,PayPal
2458,4550,2025-12-09,Completed,Bank Transfer
2459,3954,2025-05-25,Completed,Card
2460,2790,2024-08-09,Completed,PayPal
2461,4262,2025-03-11,Completed,PayPal
2462,2253,2024-07-08,Completed,Bank Transfer
2463,4974,2025-10-01,Cancelled,Bank Transfer
2464,245,2024-11-29,Completed,Bank Transfer
2465,1895,2025-07-11,Cancelled,PayPal
2466,1357,2025-08-03,Completed,Card
2467,943,2024-10-27,Completed,PayPal
2468,3468,2024-12-16,Completed,PayPal
2469,3193,2025-07-23,Completed,Card
2470,1746,2025-12-28,Completed,Card
2471,4506,2024-04-24,Completed,PayPal
2472,2358,2025-06-05,Completed,PayPal
2473,3880,2025-01-01,Completed,PayPal
2474,3778,2024-09-25,Completed,Card
2475,2116,2024-03-26,Completed,Bank Transfer
2476,2268,2025-01-12,Completed,Card
2477,2268,2024-05-26,Completed,Card
2478,1497,2024-04-27,Completed,Card
2479,2797,2024-05-14,Completed,PayPal
2480,4482,2025-06-10,Completed,Card
2481,930,2024-07-24,Completed,Card
2482,3325,2024-08-20,Completed,Bank Transfer
2483,4501,2024-03-06,Completed,Card
2484,4588,2024-01-04,Completed,Card
2485,357,2024-01-03,Completed,Card
2486,4311,2024-09-15,Completed,Bank Transfer
2487,4065,2025-12-15,Completed,PayPal
2488,3842,2024-11-20,Completed,Card
2489,3931,2024-08-27,Completed,Card
2490,4848,2025-08-27,Completed,Bank Transfer
2491,827,2025-06-18,Completed,Card
2492,666,2024-11-13,Completed,Card
2493,2029,2025-08-21,Completed,Card
2494,3692,2024-02-20,Returned,Bank Transfer
2495,2583,2025-04-14,Completed,PayPal
2496,554,2024-02-12,Completed,Card
2497,328,2024-07-22,Completed,PayPal
2498,1189,2024-12-12,Completed,Bank Transfer
2499,150,2024-02-27,Completed,PayPal
2500,4753,2024-02-28,Completed,PayPal
2501,2854,2025-11-10,Completed,Bank Transfer
2502,1937,2025-11-16,Completed,Card
2503,4389,2025-05-25,Completed,PayPal
2504,2737,2024-11-13,Completed,Card
2505,957,2025-03-08,Completed,Card
2506,3249,2025-01-06,Completed,Card
2507,416,2024-07-25,Completed,Card
2508,3455,2024-04-20,Completed,Card
2509,2646,2024-01-23,Completed,Card
2510,3775,2025-03-03,Completed,PayPal
2511,85,2025-11-14,Completed,Card
2512,1936,2024-01-11,Completed,Card
2513,1417,2025-07-25,Completed,Card
2514,1071,2025-05-29,Completed,Card
2515,3413,2024-05-23,Completed,PayPal
2516,1522,2025-06-04,Completed,Card
2517,1502,2024-10-20,Completed,Card
2518,4092,2024-11-20,Cancelled,Card
2519,2474,2024-07-11,Completed,PayPal
2520,736,2024-10-17,Completed,Card
2521,2839,2025-09-30,Completed,Card
2522,2563,2025-02-22,Completed,PayPal
2523,3907,2025-04-04,Completed,Card
2524,1273,2024-02-17,Completed,PayPal
2525,4837,2024-04-16,Completed,Bank Transfer
2526,1863,2024-09-20,Completed,Card
2527,4227,2024-09-09,Completed,PayPal
2528,1764,2025-06-22,Completed,PayPal
2529,4419,2025-06-04,Completed,Card
2530,823,2024-06-06,Completed,PayPal
2531,543,2025-06-09,Completed,PayPal
2532,2766,2024-01-29,Completed,PayPal
2533,2079,2025-06-21,Returned,Card
2534,885,2025-12-26,Completed,Bank Transfer
2535,4287,2024-05-22,Completed,PayPal
2536,3650,2025-09-18,Completed,Bank Transfer
2537,4511,2024-08-05,Completed,Card
2538,3572,2025-08-15,Completed,Card
2539,3934,2025-12-13,Completed,Card
2540,3667,2024-03-07,Returned,Card
2541,1722,2024-05-23,Completed,Card
2542,375,2024-05-20,Completed,Bank Transfer
2543,558,2024-12-11,Completed,PayPal
2544,1281,2025-04-09,Completed,Card
2545,3424,2024-04-05,Returned,Card
2546,1129,2025-02-11,Completed,Card
2547,1361,2024-04-27,Completed,Card
2548,3598,2025-11-27,Completed,Card
2549,1101,2025-03-19,Completed,Card
2550,1535,2025-01-14,Completed,Card
2551,2626,2025-12-13,Completed,PayPal
2552,4128,2024-10-04,Cancelled,PayPal
2553,1632,2024-12-26,Completed,PayPal
2554,58,2025-01-04,Completed,Card
2555,1128,2025-09-13,Completed,PayPal
2556,312,2024-07-30,Completed,PayPal
2557,3718,2024-09-15,Completed,Card
2558,2002,2025-11-06,Completed,PayPal
2559,2738,2024-04-06,Completed,Card
2560,3878,2024-07-28,Returned,Card
2561,2283,2025-07-01,Completed,PayPal
2562,3184,2025-09-03,Completed,PayPal
2563,1432,2024-01-21,Completed,PayPal
2564,3126,2025-12-29,Returned,Card
2565,4898,2025-03-08,Returned,Card
2566,4335,2025-09-07,Completed,PayPal
2567,1776,2025-01-05,Completed,Card
2568,1319,2025-01-27,Completed,Bank Transfer
2569,4208,2025-09-15,Completed,PayPal
2570,3160,2024-08-06,Completed,Card
2571,1329,2025-05-18,Completed,Card
2572,4386,2025-09-23,Completed,Card
2573,3975,2024-04-05,Completed,Card
2574,4678,2025-03-07,Completed,Card
2575,4466,2024-07-06,Completed,Card
2576,220,2025-05-15,Completed,PayPal
2577,3303,2025-01-09,Completed,Bank Transfer
2578,2867,2025-03-09,Completed,Card
2579,1897,2025-02-26,Completed,Card
2580,4445,2024-05-23,Completed,Bank Transfer
2581,2303,2025-06-23,Completed,Card
2582,4548,2025-05-13,Completed,Card
2583,4185,2024-01-06,Completed,Card
2584,4967,2024-11-12,Completed,Card
2585,3727,2024-08-17,Completed,PayPal
2586,2043,2024-05-01,Completed,Card
2587,523,2025-05-09,Cancelled,Card
2588,2708,2025-12-06,Completed,Card
2589,2999,2025-09-08,Completed,PayPal
2590,3922,2025-12-11,Returned,Card
2591,910,2025-04-19,Completed,Card
2592,4538,2025-07-27,Completed,Card
2593,4134,2025-05-22,Completed,Bank Transfer
2594,1881,2025-08-14,Completed,Card
2595,3280,2024-06-23,Completed,Card
2596,4306,2025-06-04,Completed,PayPal
2597,2561,2025-11-22,Completed,PayPal
2598,3073,2024-09-27,Completed,Card
2599,3827,2025-11-04,Completed,PayPal
2600,4477,2025-12-18,Completed,Card
2601,2876,2025-07-25,Completed,Card
2602,2907,2024-07-04,Completed,PayPal
2603,4490,2025-08-09,Completed,PayPal
2604,4492,2024-04-03,Completed,Card
2605,545,2025-08-01,Completed,Card
2606,3098,2025-05-28,Completed,Card
2607,3626,2024-06-26,Completed,Card
2608,3506,2025-10-15,Completed,Card
2609,1085,2025-07-09,Completed,Bank Transfer
2610,553,2025-11-16,Completed,Card
2611,1154,2024-10-21,Completed,Card
2612,3939,2024-08-18,Completed,PayPal
2613,2246,2024-08-23,Completed,Card
2614,1687,2024-04-02,Completed,Card
2615,694,2025-05-01,Completed,Card
2616,3791,2024-02-13,Completed,Card
2617,498,2025-06-22,Completed,Card
2618,2096,2025-04-19,Completed,Card
2619,613,2024-02-08,Completed,Card
2620,3968,2025-01-19,Completed,Card
2621,376,2025-03-10,Cancelled,Card
2622,806,2024-10-15,Cancelled,PayPal
2623,921,2024-09-04,Completed,Card
2624,4971,2025-07-15,Completed,PayPal
2625,3605,2024-12-24,Completed,Bank Transfer
2626,1444,2025-03-13,Completed,Card
2627,1546,2024-07-27,Completed,Card
2628,1211,2024-05-03,Completed,PayPal
2629,2081,2025-02-06,Cancelled,Card
2630,4688,2024-10-10,Completed,Card
2631,2149,2025-10-24,Completed,PayPal
2632,1509,2025-07-29,Completed,Card
2633,914,2024-08-28,Completed,Bank Transfer
2634,2781,2024-06-15,Completed,Card
2635,390,2025-07-14,Completed,Card
2636,4050,2025-11-29,Completed,PayPal
2637,4256,2024-05-27,Completed,PayPal
2638,4988,2025-12-01,Completed,Card
2639,3626,2025-09-14,Completed,Card
2640,1071,2024-09-21,Completed,Card
2641,4792,2025-05-15,Completed,PayPal
2642,4854,2024-10-05,Completed,PayPal
2643,2571,2024-06-07,Returned,Card
2644,3738,2024-02-29,Completed,PayPal
2645,2780,2025-05-13,Completed,Card
2646,339,2024-11-12,Completed,Card
2647,1977,2025-08-09,Completed,Card
2648,3437,2025-05-02,Completed,Card
2649,795,2025-04-09,Completed,PayPal
2650,1723,2024-08-15,Completed,Card
2651,3220,2025-10-27,Completed,Bank Transfer
2652,899,2024-12-21,Completed,Card
2653,103,2025-04-10,Completed,Card
2654,2860,2024-08-14,Cancelled,Card
2655,4189,2024-06-17,Completed,Card
2656,1448,2024-10-10,Completed,Card
2657,4215,2024-09-18,Completed,Card
2658,2033,2024-12-29,Completed,Card
2659,4033,2025-06-04,Returned,PayPal
2660,3061,2024-04-07,Cancelled,Card
2661,1535,2024-01-12,Completed,Card
2662,2848,2025-08-05,Completed,PayPal
2663,3210,2025-02-20,Completed,Card
2664,4571,2025-05-15,Cancelled,Card
2665,3464,2024-05-14,Completed,Card
2666,435,2024-09-15,Completed,Card
2667,1258,2025-05-31,Completed,PayPal
2668,55,2024-10-20,Completed,Card
2669,931,2025-09-02,Completed,Card
2670,2800,2025-03-15,Completed,Card
2671,312,2024-05-30,Cancelled,Card
2672,957,2025-04-25,Returned,PayPal
2673,4084,2024-09-14,Completed,PayPal
2674,4853,2024-05-28,Cancelled,Card
2675,2513,2024-05-21,Completed,PayPal
2676,1264,2024-09-07,Completed,PayPal
2677,2748,2025-10-05,Completed,PayPal
2678,2783,2024-02-16,Completed,Bank Transfer
2679,1094,2025-01-06,Completed,Card
2680,2787,2024-04-03,Completed,PayPal
2681,2816,2024-12-21,Cancelled,Card
2682,3764,2025-06-15,Completed,PayPal
2683,4036,2025-11-22,Completed,PayPal
2684,4840,2024-09-28,Completed,Card
2685,2324,2025-03-04,Completed,PayPal
2686,233,2025-10-09,Completed,Card
2687,2102,2025-12-02,Completed,Card
2688,4353,2025-12-24,Cancelled,Card
2689,2029,2024-03-04,Completed,PayPal
2690,1930,2024-06-12,Completed,Card
2691,1459,2025-01-23,Completed,Bank Transfer
2692,1649,2025-04-13,Completed,Card
2693,408,2025-07-03,Cancelled,Card
2694,3341,2025-12-27,Completed,Card
2695,1978,2025-06-14,Completed,PayPal
2696,2414,2025-08-08,Completed,Card
2697,4938,2025-10-14,Returned,Card
2698,1761,2024-01-17,Completed,Bank Transfer
2699,3598,2025-08-29,Completed,Card
2700,1379,2024-10-27,Completed,Card
2701,621,2024-03-28,Completed,Card
2702,930,2025-07-16,Completed,Card
2703,975,2024-09-01,Returned,Card
2704,4488,2025-04-11,Completed,Card
2705,4448,2025-03-17,Completed,PayPal
2706,2854,2024-04-22,Completed,PayPal
2707,1690,2025-03-17,Completed,PayPal
2708,4672,2024-01-08,Completed,Card
2709,4619,2025-07-02,Completed,Card
2710,726,2025-07-12,Completed,Card
2711,162,2024-04-09,Completed,Card
2712,659,2024-12-10,Completed,Card
2713,2898,2025-11-15,Completed,Card
2714,4620,2025-04-25,Cancelled,Card
2715,4100,2025-12-03,Completed,Card
2716,2543,2024-12-07,Completed,Card
2717,1579,2024-08-21,Completed,Card
2718,3995,2024-08-22,Completed,PayPal
2719,1075,2024-05-05,Completed,PayPal
2720,3206,2025-11-20,Completed,PayPal
2721,4045,2025-04-21,Cancelled,PayPal
2722,3434,2025-11-15,Completed,PayPal
2723,878,2025-01-06,Completed,Card
2724,1092,2024-04-29,Completed,Card
2725,3060,2025-06-25,Completed,PayPal
2726,1675,2025-07-13,Completed,PayPal
2727,1609,2024-06-27,Completed,Card
2728,2827,2024-04-03,Completed,Card
2729,1218,2025-07-20,Completed,Card
2730,3053,2024-10-28,Completed,Card
2731,314,2025-02-21,Completed,PayPal
2732,730,2025-08-08,Completed,Card
2733,4040,2025-03-27,Completed,Card
2734,384,2025-02-20,Completed,PayPal
2735,1813,2024-05-01,Completed,Card
2736,2325,2024-02-26,Completed,Card
2737,3430,2024-05-18,Completed,Card
2738,2746,2024-07-17,Completed,Card
2739,1865,2025-12-21,Completed,Card
2740,3292,2024-12-26,Completed,Card
2741,4847,2025-10-11,Cancelled,Card
2742,228,2025-02-13,Completed,PayPal
2743,2065,2025-10-07,Completed,Bank Transfer
2744,12,2025-06-11,Completed,Card
2745,1523,2025-09-06,Completed,Card
2746,692,2024-08-30,Completed,Card
2747,3706,2024-03-30,Completed,Card
2748,1740,2025-05-30,Completed,PayPal
2749,1526,2024-03-02,Completed,Card
2750,70,2024-07-30,Cancelled,PayPal
2751,2249,2024-09-04,Completed,Card
2752,3124,2025-12-04,Completed,Card
2753,4725,2025-05-11,Cancelled,Card
2754,3331,2024-02-25,Cancelled,Card
2755,1288,2025-04-03,Completed,Card
2756,576,2024-10-15,Completed,Card
2757,2173,2025-06-26,Cancelled,Card
2758,4955,2025-04-14,Completed,Bank Transfer
2759,745,2025-01-23,Completed,Card
2760,2528,2025-02-24,Completed,PayPal
2761,3074,2025-05-27,Completed,Card
2762,4211,2025-12-10,Completed,PayPal
2763,4577,2025-07-10,Completed,PayPal
2764,1025,2025-07-12,Completed,PayPal
2765,942,2024-03-21,Completed,Card
2766,768,2025-03-19,Completed,Card
2767,2439,2024-10-13,Completed,PayPal
2768,834,2024-10-10,Completed,Card
2769,2191,2025-05-05,Completed,Card
2770,628,2025-01-22,Returned,Card
2771,377,2025-12-01,Completed,Card
2772,3887,2025-07-04,Completed,Card
2773,90,2025-08-17,Completed,PayPal
2774,2856,2025-02-11,Completed,Card
2775,1066,2024-11-22,Completed,PayPal
2776,1059,2024-06-24,Returned,PayPal
2777,3060,2025-06-04,Completed,Card
2778,4073,2025-01-17,Completed,Card
2779,2601,2024-09-14,Completed,Card
2780,4220,2024-12-12,Completed,Card
2781,2105,2024-09-28,Completed,Card
2782,2854,2024-09-17,Completed,Card
2783,2656,2025-01-30,Returned,Card
2784,1516,2025-11-22,Completed,PayPal
2785,3018,2024-06-02,Completed,Card
2786,4148,2025-06-10,Completed,PayPal
2787,1574,2024-03-07,Completed,Bank Transfer
2788,2537,2025-11-29,Completed,PayPal
2789,3927,2024-12-13,Completed,Card
2790,2053,2024-03-03,Completed,Card
2791,3797,2024-12-21,Completed,PayPal
2792,632,2024-10-07,Completed,Card
2793,1862,2024-02-10,Completed,Card
2794,3953,2025-06-23,Completed,Card
2795,1233,2025-01-01,Completed,Card
2796,2265,2024-10-03,Completed,Bank Transfer
2797,2048,2024-08-08,Completed,Bank Transfer
2798,536,2025-12-29,Completed,Card
2799,3534,2024-03-01,Completed,Card
2800,4826,2024-04-12,Completed,Card
2801,3098,2024-07-03,Completed,Bank Transfer
2802,1276,2024-05-26,Completed,Card
2803,3074,2024-03-15,Completed,PayPal
2804,1026,2025-04-17,Completed,PayPal
2805,2052,2024-01-01,Completed,PayPal
2806,3622,2025-02-19,Completed,Card
2807,4564,2025-04-13,Completed,PayPal
2808,201,2024-12-30,Completed,Card
2809,4404,2025-11-04,Completed,PayPal
2810,3324,2024-01-17,Completed,PayPal
2811,3359,2025-05-24,Completed,PayPal
2812,2972,2025-03-14,Completed,Card
2813,4979,2025-06-14,Completed,Card
2814,586,2024-02-28,Completed,Card
2815,3346,2025-12-13,Completed,Card
2816,3855,2024-04-24,Completed,Card
2817,4605,2024-07-21,Completed,Card
2818,3425,2025-06-26,Cancelled,Card
2819,4101,2024-07-12,Completed,Card
2820,360,2025-04-16,Completed,Card
2821,3670,2024-04-15,Completed,Card
2822,4310,2024-05-05,Completed,Card
2823,3478,2025-02-17,Completed,PayPal
2824,4659,2025-09-06,Completed,Card
2825,2813,2025-11-05,Returned,PayPal
2826,45,2025-05-24,Completed,PayPal
2827,2751,2025-05-15,Completed,Card
2828,634,2024-04-30,Completed,PayPal
2829,1211,2025-08-29,Completed,PayPal
2830,1750,2024-07-26,Completed,PayPal
2831,3242,2025-10-22,Completed,Card
2832,2769,2024-12-15,Cancelled,PayPal
2833,594,2024-07-11,Completed,PayPal
2834,1425,2025-10-15,Completed,Card
2835,1927,2025-01-27,Completed,PayPal
2836,857,2025-05-11,Completed,Card
2837,552,2025-01-26,Completed,PayPal
2838,4139,2025-12-13,Completed,PayPal
2839,2889,2025-11-04,Completed,PayPal
2840,4275,2024-04-18,Completed,Card
2841,1481,2025-04-14,Completed,Card
2842,607,2024-12-15,Completed,PayPal
2843,672,2025-12-22,Completed,PayPal
2844,3316,2024-05-28,Completed,PayPal
2845,17,2024-09-12,Completed,PayPal
2846,2874,2025-01-23,Completed,Card
2847,2595,2024-07-17,Completed,Bank Transfer
2848,2485,2025-03-18,Completed,PayPal
2849,616,2024-07-04,Returned,Card
2850,3206,2024-12-09,Completed,Card
2851,2850,2025-11-07,Completed,Card
2852,4408,2024-04-17,Completed,Card
2853,3808,2025-08-17,Returned,Card
2854,2073,2024-03-20,Completed,Card
2855,525,2024-09-09,Completed,Bank Transfer
2856,3174,2024-01-25,Completed,Card
2857,1474,2024-10-09,Completed,Card
2858,2426,2025-07-16,Completed,Bank Transfer
2859,4984,2025-09-11,Completed,Card
2860,3275,2024-08-25,Completed,Card
2861,3339,2024-11-11,Completed,Card
2862,2008,2025-04-07,Completed,Card
2863,4558,2025-11-28,Completed,Card
2864,2413,2025-08-14,Completed,Card
2865,2152,2025-08-30,Completed,Card
2866,3183,2025-01-16,Completed,PayPal
2867,428,2025-04-09,Completed,Card
2868,4565,2024-05-29,Completed,Card
2869,1015,2024-12-17,Completed,PayPal
2870,1605,2025-03-17,Completed,PayPal
2871,870,2025-01-29,Completed,Card
2872,2728,2024-12-30,Cancelled,Card
2873,2853,2024-01-06,Completed,Card
2874,886,2025-06-17,Completed,Card
2875,2609,2024-08-07,Completed,Card
2876,1274,2024-01-12,Cancelled,Card
2877,4427,2025-01-19,Returned,PayPal
2878,1956,2025-12-04,Completed,PayPal
2879,587,2025-04-02,Completed,Card
2880,201,2024-08-12,Completed,Card
2881,4550,2024-12-01,Completed,Card
2882,3618,2024-06-15,Completed,Card
2883,826,2024-11-11,Completed,Card
2884,111,2024-04-25,Completed,Card
2885,2912,2025-05-12,Returned,Card
2886,3900,2024-05-27,Completed,Card
2887,908,2024-02-05,Completed,PayPal
2888,3716,2025-02-10,Completed,Card
2889,3690,2025-01-19,Completed,PayPal
2890,555,2025-02-14,Completed,PayPal
2891,1904,2024-11-03,Completed,Card
2892,107,2025-10-03,Completed,Card
2893,3337,2024-08-27,Cancelled,PayPal
2894,2535,2025-01-01,Completed,Card
2895,2227,2024-10-30,Cancelled,PayPal
2896,3294,2025-09-08,Completed,Card
2897,1394,2024-06-15,Completed,Card
2898,2685,2025-07-07,Completed,Bank Transfer
2899,2836,2024-10-27,Completed,Card
2900,167,2024-07-23,Completed,Card
2901,2711,2024-07-13,Completed,Card
2902,3625,2024-06-19,Completed,Card
2903,2348,2025-09-07,Completed,PayPal
2904,1405,2025-02-05,Completed,Card
2905,1526,2024-02-08,Completed,Card
2906,4410,2025-10-07,Completed,Card
2907,4912,2024-09-08,Completed,Card
2908,4839,2025-11-12,Completed,Bank Transfer
2909,2775,2024-10-09,Returned,Card
2910,826,2024-07-25,Completed,Card
2911,1125,2025-05-14,Completed,Bank Transfer
2912,569,2024-05-22,Completed,PayPal
2913,1959,2024-01-19,Completed,Card
2914,3740,2025-12-02,Completed,Card
2915,2110,2025-07-29,Completed,Card
2916,4465,2025-11-17,Completed,Card
2917,4190,2024-01-20,Completed,PayPal
2918,4095,2025-03-23,Completed,PayPal
2919,2931,2024-08-13,Completed,Card
2920,764,2024-04-10,Completed,PayPal
2921,3361,2024-10-20,Completed,Card
2922,3451,2025-07-03,Completed,Card
2923,2148,2024-03-05,Completed,Card
2924,3396,2025-05-13,Completed,Card
2925,4425,2024-03-16,Completed,PayPal
2926,3720,2025-12-04,Completed,Card
2927,4802,2025-09-26,Completed,Card
2928,221,2024-05-04,Completed,Card
2929,1862,2024-01-27,Completed,Card
2930,2615,2025-09-06,Completed,PayPal
2931,1022,2024-10-02,Completed,Card
2932,110,2025-07-25,Completed,Bank Transfer
2933,4245,2025-11-10,Completed,Card
2934,3849,2024-03-23,Completed,PayPal
2935,699,2025-04-30,Completed,Card
2936,108,2025-04-07,Completed,PayPal
2937,389,2024-01-06,Completed,Card
2938,425,2025-11-06,Completed,Card
2939,2495,2025-01-02,Completed,Card
2940,2966,2025-04-15,Completed,PayPal
2941,2704,2025-12-14,Completed,PayPal
2942,2000,2025-03-24,Completed,Card
2943,3576,2025-11-19,Completed,Bank Transfer
2944,1528,2025-01-04,Completed,PayPal
2945,4054,2024-12-05,Completed,Card
2946,2027,2025-10-29,Completed,Card
2947,2369,2024-10-04,Completed,PayPal
2948,2767,2024-12-05,Completed,PayPal
2949,1856,2025-09-05,Completed,Card
2950,447,2024-03-20,Completed,Card
2951,1598,2025-12-06,Completed,Card
2952,210,2025-08-25,Completed,Card
2953,849,2024-03-07,Completed,PayPal
2954,1652,2024-08-02,Completed,Card
2955,1917,2025-02-19,Completed,PayPal
2956,3530,2024-05-24,Completed,Card
2957,1919,2025-07-05,Completed,Card
2958,577,2025-12-24,Completed,Card
2959,689,2024-10-12,Completed,Card
2960,790,2025-07-24,Completed,PayPal
2961,1356,2025-06-23,Completed,PayPal
2962,1688,2024-02-16,Completed,Card
2963,350,2024-08-24,Completed,PayPal
2964,2718,2024-04-26,Cancelled,Card
2965,3540,2024-05-30,Completed,Card
2966,4522,2024-03-23,Completed,Card
2967,4423,2024-02-26,Completed,Card
2968,1130,2025-12-29,Completed,Card
2969,4351,2025-01-19,Completed,Bank Transfer
2970,4540,2024-08-07,Returned,Card
2971,4209,2024-10-11,Completed,Card
2972,4785,2025-03-09,Completed,PayPal
2973,991,2024-11-15,Completed,Card
2974,1874,2025-09-02,Completed,Card
2975,4142,2024-08-29,Completed,Card
2976,4853,2025-04-09,Completed,Card
2977,1377,2024-07-21,Completed,Card
2978,1227,2025-07-02,Completed,Card
2979,564,2025-03-20,Completed,PayPal
2980,2888,2025-10-01,Cancelled,Card
2981,1341,2024-05-14,Completed,Card
2982,3738,2025-07-29,Completed,Bank Transfer
2983,1438,2025-06-24,Completed,PayPal
2984,95,2025-05-01,Completed,Card
2985,3297,2025-07-25,Completed,PayPal
2986,949,2025-04-30,Completed,Card
2987,4649,2025-07-19,Completed,Card
2988,2693,2025-10-22,Completed,PayPal
2989,4162,2025-02-08,Completed,Card
2990,3282,2025-07-23,Completed,Card
2991,1498,2025-03-08,Completed,Card
2992,4761,2025-07-01,Returned,Bank Transfer
2993,2732,2025-10-18,Completed,Card
2994,2744,2024-09-06,Completed,PayPal
2995,4276,2024-03-20,Completed,Card
2996,2882,2024-01-15,Completed,Bank Transfer
2997,202,2024-02-09,Completed,Card
2998,1499,2024-03-21,Completed,Bank Transfer
2999,3087,2025-05-24,Completed,Card
3000,3114,2024-11-02,Completed,Card
3001,2591,2025-12-05,Returned,PayPal
3002,1949,2025-01-31,Completed,Card
3003,3605,2025-11-08,Returned,Card
3004,3964,2024-07-22,Completed,Card
3005,694,2024-07-29,Completed,Card
3006,1720,2025-02-02,Completed,PayPal
3007,3934,2025-01-07,Completed,Bank Transfer
3008,3733,2025-01-23,Completed,Bank Transfer
3009,2660,2024-09-14,Completed,PayPal
3010,1722,2024-04-24,Completed,Bank Transfer
3011,4052,2024-11-29,Returned,Bank Transfer
3012,2292,2024-12-14,Completed,Card
3013,4200,2024-08-20,Completed,Card
3014,2699,2025-05-23,Completed,Card
3015,3375,2025-03-24,Completed,Card
3016,1011,2024-03-17,Completed,PayPal
3017,1042,2025-08-30,Cancelled,Bank Transfer
3018,1558,2024-04-07,Completed,Card
3019,1208,2025-07-21,Completed,Card
3020,1681,2025-09-21,Completed,Card
3021,3622,2025-04-06,Completed,PayPal
3022,3353,2025-05-14,Completed,Bank Transfer
3023,1679,2025-09-22,Completed,Card
3024,3597,2024-02-07,Completed,Card
3025,2746,2025-11-27,Completed,PayPal
3026,3546,2024-12-23,Completed,Card
3027,2994,2024-08-29,Completed,PayPal
3028,781,2024-02-20,Completed,Card
3029,946,2025-02-28,Completed,Bank Transfer
3030,3429,2024-05-06,Completed,Bank Transfer
3031,3099,2024-04-12,Completed,PayPal
3032,548,2025-04-21,Completed,PayPal
3033,2208,2024-08-16,Completed,Card
3034,2985,2025-12-23,Completed,Card
3035,2591,2025-03-11,Completed,PayPal
3036,2175,2025-01-19,Completed,Card
3037,1798,2024-03-25,Completed,Card
3038,1881,2024-12-24,Completed,PayPal
3039,3057,2024-01-27,Cancelled,Card
3040,2258,2024-03-12,Completed,PayPal
3041,2198,2024-04-04,Completed,Card
3042,31,2025-08-10,Completed,PayPal
3043,612,2025-03-01,Completed,Card
3044,4398,2024-01-06,Completed,PayPal
3045,3011,2024-03-30,Completed,Card
3046,2913,2025-08-14,Completed,Card
3047,3803,2024-08-09,Completed,Card
3048,2813,2025-08-17,Completed,Bank Transfer
3049,683,2025-08-16,Completed,Card
3050,257,2024-05-31,Completed,Card
3051,940,2025-07-10,Completed,PayPal
3052,2895,2024-07-30,Completed,Bank Transfer
3053,3186,2025-08-05,Completed,Card
3054,777,2024-09-19,Completed,PayPal
3055,2733,2025-01-16,Completed,Card
3056,732,2025-07-23,Completed,PayPal
3057,2043,2024-02-26,Completed,Card
3058,970,2025-03-01,Completed,Card
3059,103,2025-09-14,Completed,Card
3060,1084,2024-05-21,Completed,Bank Transfer
3061,4863,2025-07-21,Completed,Card
3062,3071,2025-06-07,Completed,PayPal
3063,3749,2024-01-15,Completed,PayPal
3064,372,2024-01-08,Completed,Card
3065,679,2024-08-18,Completed,PayPal
3066,202,2024-07-04,Completed,Card
3067,89,2024-02-22,Completed,Card
3068,1997,2024-05-16,Completed,Card
3069,4495,2024-06-22,Completed,PayPal
3070,188,2024-08-06,Completed,Card
3071,4748,2024-09-19,Completed,Card
3072,1555,2024-09-11,Completed,Card
3073,4683,2024-09-26,Completed,Card
3074,230,2025-08-09,Cancelled,Card
3075,3553,2024-08-11,Completed,PayPal
3076,55,2025-08-26,Completed,PayPal
3077,4367,2024-05-13,Cancelled,Bank Transfer
3078,4032,2024-06-11,Completed,Card
3079,1124,2025-12-10,Completed,Card
3080,3141,2025-12-01,Completed,PayPal
3081,3371,2024-03-13,Completed,Bank Transfer
3082,1553,2025-12-18,Completed,Card
3083,116,2025-06-26,Completed,Card
3084,3614,2025-09-22,Completed,Bank Transfer
3085,4419,2025-04-28,Completed,PayPal
3086,2611,2025-11-01,Completed,Card
3087,360,2024-09-11,Completed,Bank Transfer
3088,28,2025-09-09,Completed,Card
3089,3838,2024-07-16,Completed,PayPal
3090,3534,2025-03-02,Completed,PayPal
3091,1419,2025-05-07,Completed,Card
3092,4040,2025-09-23,Completed,Card
3093,2917,2024-03-22,Completed,Card
3094,1295,2024-11-03,Completed,Card
3095,3630,2025-11-29,Completed,Card
3096,2076,2025-01-08,Completed,Card
3097,4840,2025-07-17,Completed,Card
3098,3678,2025-04-03,Completed,Card
3099,3154,2025-05-15,Completed,Card
3100,1779,2024-12-22,Completed,Card
3101,4676,2024-10-22,Completed,Card
3102,3895,2025-08-02,Completed,Card
3103,2499,2024-10-26,Completed,Bank Transfer
3104,4529,2025-10-07,Completed,Card
3105,374,2024-12-08,Completed,PayPal
3106,2266,2024-04-29,Completed,Card
3107,1132,2025-07-22,Completed,Card
3108,1843,2024-07-04,Completed,Bank Transfer
3109,1574,2025-08-06,Completed,PayPal
3110,4445,2024-06-06,Completed,PayPal
3111,788,2024-08-15,Completed,PayPal
3112,1546,2024-11-03,Completed,PayPal
3113,4122,2024-08-21,Completed,PayPal
3114,4955,2024-01-11,Completed,PayPal
3115,370,2024-06-23,Completed,Card
3116,4980,2025-10-04,Completed,Card
3117,4375,2024-01-02,Returned,PayPal
3118,1703,2025-12-12,Completed,Card
3119,1658,2024-06-30,Completed,Card
3120,1929,2024-12-15,Completed,Card
3121,4056,2025-09-30,Completed,PayPal
3122,607,2025-01-16,Returned,Card
3123,2577,2024-10-23,Completed,Card
3124,4125,2024-07-15,Completed,Card
3125,323,2024-10-12,Completed,Card
3126,1877,2025-07-09,Completed,Card
3127,584,2025-06-05,Completed,PayPal
3128,2810,2024-08-12,Completed,Card
3129,656,2025-12-28,Completed,Card
3130,4882,2025-12-23,Completed,Card
3131,223,2024-10-12,Completed,Card
3132,2123,2025-12-29,Completed,Bank Transfer
3133,2221,2024-11-26,Completed,Card
3134,3551,2025-07-14,Completed,Card
3135,2443,2024-06-11,Cancelled,Card
3136,4929,2024-07-11,Cancelled,Card
3137,3986,2024-05-24,Completed,Bank Transfer
3138,167,2025-11-01,Completed,Card
3139,2017,2025-11-22,Completed,Card
3140,118,2025-06-21,Completed,Card
3141,1810,2025-09-03,Completed,PayPal
3142,2207,2025-09-14,Completed,Card
3143,1251,2024-09-26,Completed,PayPal
3144,4007,2024-02-20,Completed,PayPal
3145,3110,2025-06-10,Completed,PayPal
3146,4559,2024-05-07,Completed,Card
3147,1672,2025-10-13,Completed,Card
3148,2152,2024-02-15,Completed,Card
3149,2298,2024-08-21,Completed,PayPal
3150,1037,2025-03-23,Completed,PayPal
3151,2615,2025-08-06,Completed,PayPal
3152,1880,2025-03-18,Completed,Card
3153,597,2025-05-17,Completed,Card
3154,621,2025-08-29,Completed,Bank Transfer
3155,71,2024-10-11,Completed,PayPal
3156,1804,2024-05-11,Completed,PayPal
3157,4534,2025-04-20,Completed,Card
3158,1068,2025-06-27,Completed,Card
3159,1926,2024-12-21,Completed,Card
3160,1038,2024-02-06,Completed,PayPal
3161,3443,2025-09-29,Completed,Card
3162,3184,2024-05-17,Completed,Card
3163,1403,2025-02-25,Completed,Bank Transfer
3164,2362,2025-03-20,Completed,PayPal
3165,1439,2025-09-03,Completed,Bank Transfer
3166,3812,2024-08-29,Completed,Card
3167,485,2024-09-01,Completed,PayPal
3168,4265,2025-06-22,Completed,PayPal
3169,4899,2024-07-27,Returned,Card
3170,246,2025-04-01,Completed,PayPal
3171,4945,2024-04-08,Completed,Card
3172,3372,2025-05-16,Returned,PayPal
3173,1351,2024-05-16,Completed,Card
3174,530,2024-07-05,Completed,PayPal
3175,4943,2024-02-05,Completed,Card
3176,3815,2025-09-21,Completed,Card
3177,1789,2025-10-31,Completed,Card
3178,1703,2025-04-23,Cancelled,Card
3179,3626,2025-11-11,Completed,Card
3180,3321,2024-02-24,Completed,Card
3181,760,2025-04-15,Cancelled,Bank Transfer
3182,1404,2024-03-24,Completed,Bank Transfer
3183,798,2024-01-06,Completed,Card
3184,532,2024-12-28,Completed,PayPal
3185,1918,2025-12-10,Completed,PayPal
3186,4960,2025-10-25,Completed,PayPal
3187,4138,2024-06-18,Completed,Card
3188,3417,2024-09-05,Completed,Card
3189,599,2025-10-23,Completed,Card
3190,306,2024-07-28,Completed,Card
3191,4905,2024-08-31,Completed,Card
3192,2910,2024-05-20,Completed,Bank Transfer
3193,679,2025-09-23,Completed,PayPal
3194,3385,2024-06-28,Completed,Card
3195,731,2025-09-28,Completed,Card
3196,2026,2025-12-24,Completed,Card
3197,4999,2024-01-17,Completed,Card
3198,4229,2024-01-16,Completed,PayPal
3199,2767,2025-01-19,Completed,PayPal
3200,2099,2024-12-06,Completed,PayPal
3201,392,2024-02-15,Completed,Card
3202,2744,2025-05-18,Completed,Bank Transfer
3203,3785,2024-05-22,Completed,Card
3204,3838,2024-10-11,Completed,Card
3205,4604,2024-12-20,Cancelled,PayPal
3206,1686,2025-06-08,Completed,Card
3207,2915,2025-07-10,Completed,Card
3208,1419,2024-02-16,Completed,Card
3209,4192,2025-06-11,Completed,PayPal
3210,4202,2024-04-16,Completed,Card
3211,4091,2024-01-03,Completed,PayPal
3212,3727,2025-09-07,Completed,Card
3213,4774,2024-04-04,Completed,Card
3214,3630,2024-05-12,Completed,Card
3215,3314,2024-07-19,Completed,Bank Transfer
3216,4952,2024-09-10,Completed,PayPal
3217,4886,2024-07-01,Completed,Card
3218,4611,2024-05-29,Completed,Card
3219,1085,2025-07-02,Completed,PayPal
3220,1008,2025-05-04,Completed,Card
3221,1318,2025-05-19,Completed,Card
3222,2350,2025-02-16,Completed,Card
3223,2694,2025-05-22,Completed,Card
3224,2279,2025-10-12,Completed,Card
3225,3723,2025-09-03,Completed,PayPal
3226,3694,2025-02-07,Completed,Card
3227,4393,2024-08-23,Completed,Card
3228,4551,2025-08-18,Completed,Bank Transfer
3229,4336,2025-06-28,Completed,PayPal
3230,3248,2025-09-24,Completed,Card
3231,3135,2025-06-25,Completed,Card
3232,2599,2025-03-09,Completed,Card
3233,2186,2025-06-29,Completed,Card
3234,4053,2025-10-06,Completed,Card
3235,4550,2024-07-26,Completed,Card
3236,3825,2024-05-19,Completed,Card
3237,3521,2025-08-10,Cancelled,Card
3238,1250,2025-08-09,Completed,Card
3239,2075,2024-11-02,Completed,Bank Transfer
3240,2505,2025-07-23,Completed,Card
3241,4791,2024-04-07,Completed,Card
3242,4806,2024-05-04,Completed,Card
3243,2015,2024-12-14,Cancelled,PayPal
3244,4945,2024-05-13,Completed,Card
3245,949,2024-08-13,Cancelled,PayPal
3246,107,2025-12-12,Completed,PayPal
3247,2492,2025-07-02,Completed,Bank Transfer
3248,4693,2025-10-11,Completed,Card
3249,155,2025-12-20,Completed,Bank Transfer
3250,3241,2025-12-06,Completed,PayPal
3251,796,2025-07-21,Completed,Card
3252,4368,2024-12-04,Completed,Card
3253,1571,2024-11-17,Completed,PayPal
3254,1635,2024-03-27,Completed,Card
3255,1939,2024-04-04,Completed,Bank Transfer
3256,1533,2024-07-14,Returned,Card
3257,3029,2024-07-10,Completed,PayPal
3258,4218,2025-10-17,Completed,Card
3259,1441,2025-06-05,Completed,Card
3260,1399,2025-10-22,Completed,PayPal
3261,3647,2025-10-13,Completed,PayPal
3262,3398,2024-01-13,Completed,Card
3263,4246,2024-09-10,Completed,Bank Transfer
3264,4803,2024-03-21,Completed,Card
3265,3043,2025-12-22,Returned,Card
3266,1616,2025-01-07,Cancelled,Card
3267,1514,2025-01-28,Completed,Card
3268,2599,2025-02-21,Completed,Card
3269,845,2024-02-28,Cancelled,Card
3270,3420,2024-05-07,Completed,Card
3271,3531,2025-06-24,Cancelled,Card
3272,2328,2024-11-28,Completed,Card
3273,3041,2024-10-08,Completed,PayPal
3274,1977,2025-08-02,Completed,Bank Transfer
3275,1836,2024-07-25,Completed,Card
3276,4900,2024-09-28,Cancelled,Card
3277,355,2024-11-04,Completed,PayPal
3278,1606,2025-02-06,Completed,Bank Transfer
3279,4474,2024-06-23,Completed,PayPal
3280,3196,2024-08-05,Completed,Card
3281,2128,2025-11-02,Completed,Card
3282,988,2024-11-21,Completed,Card
3283,4329,2024-09-09,Completed,Card
3284,154,2025-03-29,Completed,Card
3285,907,2024-07-07,Completed,Card
3286,3764,2025-03-18,Completed,Card
3287,1621,2024-05-09,Completed,Card
3288,3629,2025-04-29,Completed,Card
3289,3575,2024-01-03,Completed,Bank Transfer
3290,4419,2024-12-16,Completed,Bank Transfer
3291,332,2025-07-08,Completed,Card
3292,4339,2024-05-12,Completed,Card
3293,430,2025-11-20,Completed,PayPal
3294,2424,2025-05-08,Completed,Card
3295,81,2024-09-22,Completed,Bank Transfer
3296,1574,2024-01-24,Completed,Bank Transfer
3297,420,2025-06-17,Completed,Card
3298,467,2024-01-03,Completed,PayPal
3299,3394,2025-10-31,Completed,Card
3300,1566,2025-03-02,Completed,Card
3301,1519,2024-01-04,Completed,Card
3302,4031,2025-09-10,Completed,Card
3303,2036,2025-05-17,Completed,PayPal
3304,804,2024-08-19,Completed,PayPal
3305,1078,2024-03-12,Completed,Card
3306,1633,2024-03-28,Completed,PayPal
3307,1985,2025-06-11,Completed,Card
3308,4,2025-08-25,Completed,PayPal
3309,603,2025-03-25,Completed,PayPal
3310,2368,2025-03-14,Completed,Card
3311,3676,2025-06-15,Completed,Card
3312,501,2025-03-10,Completed,Card
3313,185,2025-12-24,Completed,Bank Transfer
3314,3510,2024-03-24,Completed,Card
3315,3252,2024-12-04,Completed,Card
3316,3148,2024-05-05,Completed,PayPal
3317,2941,2025-07-16,Completed,Card
3318,1296,2024-01-18,Completed,PayPal
3319,55,2025-09-20,Completed,Card
3320,1725,2025-09-27,Completed,PayPal
3321,2911,2025-06-23,Returned,Card
3322,1871,2024-12-10,Completed,Card
3323,4173,2025-04-12,Completed,Bank Transfer
3324,2344,2024-05-20,Completed,Card
3325,3291,2024-01-06,Cancelled,PayPal
3326,3349,2025-10-30,Completed,Card
3327,1602,2025-09-09,Completed,PayPal
3328,2794,2025-09-22,Completed,Card
3329,3338,2025-10-10,Completed,PayPal
3330,2091,2025-06-24,Completed,Card
3331,1252,2025-11-08,Completed,Card
3332,171,2024-03-05,Completed,PayPal
3333,2810,2024-02-25,Completed,PayPal
3334,2355,2024-04-05,Completed,Card
3335,1774,2024-08-02,Completed,PayPal
3336,3755,2024-02-27,Completed,PayPal
3337,3992,2025-05-06,Cancelled,Card
3338,2082,2025-02-08,Completed,Bank Transfer
3339,827,2024-07-02,Completed,PayPal
3340,1666,2024-10-08,Completed,PayPal
3341,130,2025-12-21,Completed,Card
3342,1418,2024-06-11,Completed,PayPal
3343,3788,2024-03-29,Completed,PayPal
3344,1408,2024-04-06,Completed,Card
3345,594,2025-08-09,Completed,PayPal
3346,1038,2024-03-28,Completed,Card
3347,2129,2025-06-01,Cancelled,Card
3348,3279,2025-10-29,Completed,Bank Transfer
3349,4300,2024-03-03,Completed,Card
3350,23,2025-06-24,Completed,Card
3351,1634,2024-07-09,Completed,PayPal
3352,4002,2025-12-16,Completed,Card
3353,4200,2024-10-04,Completed,Bank Transfer
3354,1406,2025-06-22,Completed,Card
3355,1479,2024-03-25,Completed,Card
3356,1195,2024-11-30,Completed,Bank Transfer
3357,576,2025-03-16,Completed,Card
3358,1607,2025-12-22,Completed,PayPal
3359,4370,2025-10-11,Completed,PayPal
3360,452,2024-06-20,Completed,Card
3361,125,2024-12-04,Completed,Card
3362,3455,2025-10-29,Completed,Card
3363,2365,2024-08-16,Completed,Card
3364,1867,2024-06-27,Completed,Card
3365,1684,2024-09-03,Completed,Card
3366,907,2025-11-04,Completed,PayPal
3367,3535,2025-11-05,Cancelled,Card
3368,430,2025-12-30,Completed,Card
3369,2752,2024-11-12,Completed,Card
3370,3826,2024-10-12,Completed,Card
3371,362,2024-03-16,Completed,PayPal
3372,4892,2025-03-27,Completed,PayPal
3373,432,2024-07-22,Completed,PayPal
3374,2723,2025-12-28,Completed,Card
3375,4955,2025-02-27,Completed,PayPal
3376,3062,2024-07-11,Returned,Card
3377,3224,2024-10-19,Completed,Card
3378,1631,2025-12-04,Completed,Card
3379,4672,2025-02-16,Completed,Card
3380,4989,2025-03-14,Completed,Card
3381,270,2024-10-27,Completed,Card
3382,1124,2024-09-16,Completed,Card
3383,3177,2024-07-10,Completed,PayPal
3384,3393,2024-09-27,Completed,Card
3385,4534,2025-09-07,Completed,PayPal
3386,1043,2025-03-07,Completed,PayPal
3387,1642,2025-12-16,Completed,Card
3388,2442,2025-11-26,Completed,PayPal
3389,3298,2024-08-04,Cancelled,Card
3390,1384,2024-03-31,Completed,Card
3391,3997,2024-07-16,Completed,Card
3392,15,2025-02-02,Completed,Card
3393,1675,2024-02-08,Completed,Card
3394,3618,2025-12-09,Completed,Card
3395,1481,2025-04-15,Completed,PayPal
3396,1746,2024-03-19,Completed,PayPal
3397,3047,2025-12-29,Completed,Bank Transfer
3398,4211,2024-04-03,Completed,PayPal
3399,976,2025-11-14,Completed,PayPal
3400,1686,2024-02-12,Completed,Card
3401,2084,2024-05-11,Completed,PayPal
3402,2290,2024-03-17,Completed,Card
3403,1687,2024-08-19,Completed,Card
3404,4159,2024-02-08,Completed,PayPal
3405,509,2025-07-19,Completed,Card
3406,188,2024-05-30,Completed,Card
3407,2783,2025-11-30,Completed,Card
3408,4189,2025-02-22,Cancelled,Card
3409,4101,2024-07-04,Completed,Card
3410,3510,2024-11-13,Completed,Card
3411,3518,2025-04-08,Completed,PayPal
3412,2073,2025-03-07,Completed,PayPal
3413,98,2024-05-14,Completed,Card
3414,1292,2025-05-17,Cancelled,PayPal
3415,3465,2025-11-15,Cancelled,Card
3416,1788,2024-09-25,Completed,PayPal
3417,684,2025-03-12,Completed,Card
3418,1133,2025-09-18,Completed,Bank Transfer
3419,4123,2025-05-12,Completed,Card
3420,3205,2025-07-04,Completed,Card
3421,3124,2024-12-05,Completed,PayPal
3422,3837,2024-08-29,Completed,PayPal
3423,4877,2024-08-08,Returned,Card
3424,1615,2025-10-19,Completed,Card
3425,1042,2025-11-06,Completed,Card
3426,2866,2024-12-26,Completed,Card
3427,855,2024-07-08,Completed,Card
3428,2027,2025-02-16,Completed,Card
3429,1988,2024-11-24,Completed,Card
3430,2551,2024-08-09,Completed,Card
3431,240,2025-11-16,Completed,Bank Transfer
3432,490,2024-04-01,Completed,PayPal
3433,3852,2025-03-15,Completed,Card
3434,1037,2024-04-15,Completed,PayPal
3435,1339,2024-09-01,Completed,Card
3436,4781,2024-10-31,Completed,PayPal
3437,3270,2025-07-08,Completed,PayPal
3438,2555,2025-08-20,Completed,PayPal
3439,3501,2024-04-06,Completed,Card
3440,3863,2025-04-21,Completed,Card
3441,1768,2024-09-22,Completed,Card
3442,4709,2025-07-28,Completed,Card
3443,162,2024-04-12,Completed,Bank Transfer
3444,656,2024-09-10,Completed,Card
3445,3007,2025-03-30,Completed,PayPal
3446,4717,2025-05-27,Cancelled,Card
3447,3507,2025-10-27,Cancelled,PayPal
3448,1257,2025-05-07,Completed,Card
3449,2159,2024-09-17,Completed,PayPal
3450,1952,2024-02-04,Completed,PayPal
3451,750,2025-01-15,Completed,Card
3452,709,2025-01-31,Completed,Card
3453,1622,2024-01-27,Completed,Bank Transfer
3454,4137,2024-11-01,Completed,Card
3455,4656,2025-11-29,Completed,Card
3456,466,2025-11-01,Completed,PayPal
3457,3996,2025-08-03,Completed,PayPal
3458,1101,2024-06-13,Completed,Card
3459,1714,2024-09-14,Completed,PayPal
3460,4586,2024-04-11,Completed,Card
3461,117,2025-03-30,Completed,Card
3462,2482,2024-07-11,Cancelled,PayPal
3463,196,2024-10-25,Completed,Card
3464,4715,2024-01-21,Completed,Card
3465,1475,2024-02-14,Completed,Card
3466,2473,2025-04-24,Returned,Card
3467,4130,2025-05-10,Completed,Bank Transfer
3468,3055,2025-11-13,Completed,Card
3469,1275,2025-11-20,Completed,Bank Transfer
3470,3710,2024-08-10,Completed,Card
3471,339,2024-10-25,Completed,Bank Transfer
3472,3512,2025-04-25,Completed,Card
3473,4276,2024-01-24,Completed,PayPal
3474,4718,2024-12-03,Completed,PayPal
3475,3300,2024-03-24,Completed,Bank Transfer
3476,1657,2024-02-29,Completed,PayPal
3477,643,2024-10-14,Completed,Card
3478,1681,2025-09-25,Completed,Card
3479,1351,2025-05-31,Completed,Card
3480,619,2024-06-02,Completed,Card
3481,1170,2024-10-07,Completed,PayPal
3482,252,2025-03-09,Completed,Card
3483,302,2024-12-07,Completed,PayPal
3484,3142,2024-03-26,Completed,PayPal
3485,1567,2025-08-09,Completed,PayPal
3486,3165,2024-07-09,Completed,PayPal
3487,3958,2024-09-08,Completed,Card
3488,2211,2024-03-08,Completed,PayPal
3489,3153,2024-05-25,Completed,PayPal
3490,3660,2025-09-25,Completed,Card
3491,612,2025-07-07,Completed,Card
3492,1944,2025-10-23,Completed,Card
3493,74,2025-07-27,Completed,PayPal
3494,2874,2024-09-11,Completed,Card
3495,4638,2024-05-10,Returned,PayPal
3496,157,2025-01-11,Completed,Bank Transfer
3497,3559,2025-06-15,Returned,Card
3498,256,2024-07-17,Completed,Card
3499,3111,2024-08-08,Completed,Card
3500,1052,2025-02-13,Completed,PayPal
3501,2418,2025-10-04,Cancelled,Card
3502,2257,2024-06-19,Completed,Bank Transfer
3503,2635,2024-05-24,Completed,Card
3504,2897,2025-05-02,Completed,PayPal
3505,1892,2024-12-19,Completed,PayPal
3506,3684,2024-06-29,Completed,Card
3507,4412,2024-06-09,Completed,Card
3508,3465,2025-04-08,Completed,Bank Transfer
3509,2492,2024-02-29,Completed,Bank Transfer
3510,3740,2024-08-02,Completed,Bank Transfer
3511,1776,2025-08-02,Completed,Card
3512,3937,2024-07-10,Completed,Card
3513,1971,2025-05-02,Completed,Card
3514,3720,2024-08-12,Completed,Card
3515,3954,2025-01-26,Completed,PayPal
3516,2493,2025-12-09,Completed,PayPal
3517,4666,2024-06-09,Completed,Card
3518,649,2025-03-30,Completed,PayPal
3519,1641,2024-04-20,Completed,PayPal
3520,4435,2024-02-28,Completed,Card
3521,529,2025-06-28,Completed,Bank Transfer
3522,2102,2025-07-06,Completed,Card
3523,419,2025-11-03,Completed,Card
3524,2353,2024-01-29,Completed,Card
3525,3510,2024-07-03,Completed,Card
3526,85,2024-08-11,Completed,Card
3527,2300,2024-12-22,Completed,PayPal
3528,1752,2025-05-06,Completed,PayPal
3529,4222,2025-08-20,Completed,Bank Transfer
3530,2658,2025-07-31,Completed,PayPal
3531,3976,2024-04-23,Completed,PayPal
3532,2352,2025-01-12,Completed,PayPal
3533,3100,2024-10-11,Completed,Card
3534,1290,2024-04-06,Completed,Card
3535,3124,2024-05-03,Completed,Bank Transfer
3536,2703,2024-06-04,Completed,Card
3537,644,2024-04-19,Completed,Card
3538,2906,2024-02-22,Completed,Card
3539,4068,2024-06-22,Completed,PayPal
3540,4064,2025-11-09,Completed,Card
3541,4670,2025-08-10,Completed,PayPal
3542,2923,2024-11-09,Completed,Bank Transfer
3543,2022,2025-12-26,Completed,Card
3544,3625,2025-11-24,Completed,Card
3545,2871,2025-01-24,Completed,Card
3546,3119,2024-02-14,Completed,Card
3547,137,2025-10-24,Completed,Card
3548,4226,2024-04-26,Completed,PayPal
3549,1219,2024-05-01,Completed,Card
3550,1018,2025-04-26,Completed,Card
3551,3701,2024-06-18,Completed,PayPal
3552,4528,2025-11-08,Completed,Card
3553,3141,2025-02-03,Completed,Card
3554,3530,2025-10-22,Completed,Card
3555,2588,2025-05-14,Completed,Card
3556,2383,2024-03-14,Returned,Card
3557,2606,2024-05-28,Completed,PayPal
3558,3088,2025-06-20,Completed,Card
3559,3528,2024-03-01,Completed,Card
3560,2558,2024-02-23,Completed,Card
3561,209,2024-08-10,Completed,PayPal
3562,3811,2025-04-17,Completed,Card
3563,4154,2024-11-11,Completed,Card
3564,2008,2024-06-18,Completed,Bank Transfer
3565,2864,2025-12-01,Completed,Card
3566,3377,2024-02-01,Completed,Card
3567,1369,2024-02-22,Completed,PayPal
3568,3801,2024-05-18,Completed,Card
3569,1038,2025-01-08,Completed,PayPal
3570,4473,2024-02-16,Completed,Card
3571,2291,2024-03-30,Completed,Card
3572,993,2024-02-05,Completed,PayPal
3573,2939,2024-08-12,Completed,PayPal
3574,4511,2025-07-07,Completed,Card
3575,394,2024-09-25,Returned,Card
3576,3687,2024-07-04,Completed,Card
3577,4825,2025-01-05,Completed,Bank Transfer
3578,358,2024-08-22,Completed,PayPal
3579,4005,2024-05-01,Completed,Card
3580,1182,2025-02-27,Completed,PayPal
3581,2066,2025-01-23,Completed,Card
3582,3903,2024-04-26,Completed,PayPal
3583,3419,2025-04-10,Completed,PayPal
3584,3130,2025-03-04,Completed,Bank Transfer
3585,155,2025-03-17,Completed,Card
3586,3559,2024-02-08,Completed,Card
3587,1555,2024-06-10,Completed,Card
3588,487,2025-09-12,Completed,Card
3589,1383,2025-06-09,Completed,PayPal
3590,2416,2024-06-14,Completed,Card
3591,1071,2025-03-20,Completed,Card
3592,2255,2025-03-18,Completed,Card
3593,1507,2024-11-26,Completed,Card
3594,1876,2024-11-30,Completed,Card
3595,2191,2024-04-21,Cancelled,Card
3596,1071,2025-12-14,Completed,Card
3597,191,2024-05-18,Completed,Card
3598,140,2024-06-14,Completed,Bank Transfer
3599,4711,2025-02-17,Completed,Card
3600,4011,2024-06-17,Completed,PayPal
3601,3412,2024-05-03,Completed,Card
3602,2973,2025-07-03,Completed,PayPal
3603,1515,2024-04-07,Completed,Card
3604,3121,2024-02-29,Completed,PayPal
3605,3971,2024-01-19,Completed,Card
3606,4720,2024-05-03,Cancelled,Card
3607,3525,2024-08-13,Completed,Card
3608,1346,2025-09-03,Completed,Card
3609,4183,2024-11-19,Completed,Card
3610,1918,2024-01-17,Cancelled,Card
3611,4378,2024-03-20,Completed,PayPal
3612,3911,2025-08-19,Completed,Card
3613,453,2025-03-31,Completed,PayPal
3614,4143,2025-06-24,Completed,PayPal
3615,1612,2025-10-07,Completed,PayPal
3616,3168,2025-12-06,Completed,Card
3617,2079,2025-09-22,Completed,PayPal
3618,2582,2025-01-12,Cancelled,Card
3619,2065,2024-07-09,Completed,Bank Transfer
3620,1259,2025-10-26,Returned,PayPal
3621,4488,2025-05-05,Completed,Card
3622,354,2025-02-08,Completed,Card
3623,4401,2024-09-28,Completed,Card
3624,3637,2025-10-05,Completed,Bank Transfer
3625,1564,2025-03-05,Completed,PayPal
3626,712,2025-06-03,Completed,Card
3627,3503,2025-10-07,Completed,PayPal
3628,2733,2025-01-18,Completed,Card
3629,4882,2024-07-10,Cancelled,Card
3630,857,2025-08-25,Completed,PayPal
3631,4273,2025-03-10,Completed,PayPal
3632,1430,2024-03-03,Completed,Card
3633,2493,2024-08-03,Cancelled,Bank Transfer
3634,3199,2024-05-13,Completed,Card
3635,3421,2025-09-10,Completed,Card
3636,2069,2024-06-09,Completed,Card
3637,4807,2024-09-14,Completed,PayPal
3638,3492,2025-02-28,Completed,Card
3639,152,2025-06-11,Returned,PayPal
3640,3232,2024-12-23,Completed,PayPal
3641,2907,2025-01-09,Completed,Card
3642,3552,2025-07-24,Completed,PayPal
3643,1467,2024-01-09,Completed,Card
3644,4192,2024-07-15,Completed,PayPal
3645,3424,2024-04-26,Completed,Card
3646,4058,2024-01-10,Completed,Card
3647,2926,2025-06-02,Completed,Card
3648,3666,2024-12-14,Completed,Card
3649,4736,2025-12-06,Completed,Bank Transfer
3650,3431,2025-02-07,Completed,Bank Transfer
3651,1157,2025-09-26,Completed,Bank Transfer
3652,4208,2025-07-28,Completed,Card
3653,3409,2024-01-04,Completed,PayPal
3654,1162,2024-11-23,Completed,Card
3655,1260,2025-05-26,Completed,Bank Transfer
3656,4091,2024-05-09,Completed,Bank Transfer
3657,2842,2025-08-09,Completed,PayPal
3658,3203,2025-04-28,Completed,PayPal
3659,2982,2024-12-23,Completed,Bank Transfer
3660,3555,2025-01-19,Cancelled,Bank Transfer
3661,3473,2024-09-10,Completed,Card
3662,1225,2024-06-15,Completed,Card
3663,4388,2025-12-13,Completed,Card
3664,2390,2025-11-10,Completed,PayPal
3665,1015,2025-04-13,Completed,Card
3666,4681,2025-05-07,Completed,PayPal
3667,2027,2024-12-03,Completed,Card
3668,3714,2024-02-20,Returned,Card
3669,1493,2024-02-25,Completed,Card
3670,4123,2024-03-13,Completed,Card
3671,1701,2025-08-22,Completed,Card
3672,455,2024-02-21,Completed,Card
3673,918,2024-05-04,Completed,PayPal
3674,14,2024-09-18,Completed,Card
3675,4375,2025-07-28,Completed,Card
3676,490,2025-07-01,Completed,Card
3677,985,2025-06-04,Completed,PayPal
3678,961,2024-11-25,Completed,Card
3679,1783,2024-11-18,Completed,Card
3680,1870,2024-08-28,Completed,Card
3681,3305,2024-10-11,Completed,PayPal
3682,2645,2025-08-24,Completed,PayPal
3683,4346,2024-09-20,Completed,PayPal
3684,4836,2024-10-25,Completed,Card
3685,3669,2024-07-23,Cancelled,Card
3686,4402,2024-10-17,Completed,Card
3687,1826,2024-07-29,Completed,Card
3688,3308,2024-12-31,Completed,Card
3689,3363,2025-04-08,Completed,PayPal
3690,3111,2025-12-19,Returned,Bank Transfer
3691,2766,2024-11-17,Completed,Card
3692,4279,2024-12-23,Completed,Card
3693,3771,2024-04-03,Completed,Card
3694,2693,2025-12-11,Completed,Card
3695,30,2024-06-17,Completed,Card
3696,767,2024-10-23,Completed,Card
3697,615,2025-05-30,Completed,Card
3698,1005,2024-04-07,Completed,PayPal
3699,2122,2025-12-05,Completed,PayPal
3700,3127,2024-12-15,Completed,Card
3701,3010,2025-08-01,Cancelled,Card
3702,3820,2025-10-11,Completed,Card
3703,24,2025-02-04,Completed,Bank Transfer
3704,4060,2025-03-26,Completed,PayPal
3705,3094,2025-04-19,Completed,Card
3706,2911,2025-02-22,Completed,PayPal
3707,1971,2024-01-04,Returned,Card
3708,1539,2024-11-19,Cancelled,Card
3709,3142,2025-01-03,Completed,PayPal
3710,4768,2025-09-05,Completed,Card
3711,3970,2025-01-29,Completed,Card
3712,2925,2025-07-09,Completed,Card
3713,571,2024-04-28,Completed,PayPal
3714,4860,2025-11-30,Completed,Card
3715,1243,2024-07-08,Completed,Card
3716,713,2025-09-13,Completed,PayPal
3717,4863,2025-02-19,Cancelled,Card
3718,1294,2024-04-15,Completed,PayPal
3719,2867,2024-06-13,Completed,Card
3720,1675,2025-09-29,Completed,Card
3721,3664,2024-12-11,Completed,Card
3722,1360,2024-04-07,Completed,Card
3723,636,2025-04-30,Completed,Card
3724,1210,2024-11-26,Completed,Card
3725,2613,2025-01-04,Completed,Bank Transfer
3726,1298,2025-03-17,Completed,Card
3727,358,2024-04-29,Completed,Card
3728,241,2024-10-25,Completed,Card
3729,2605,2024-05-22,Completed,Bank Transfer
3730,4065,2025-12-07,Completed,Card
3731,1827,2025-10-03,Completed,Bank Transfer
3732,3559,2025-09-07,Completed,Card
3733,3861,2024-04-02,Completed,Card
3734,4252,2024-10-23,Completed,Card
3735,4448,2025-03-22,Completed,PayPal
3736,4140,2025-04-24,Completed,Card
3737,138,2025-12-12,Completed,Card
3738,3735,2024-09-14,Completed,PayPal
3739,1968,2025-06-05,Completed,PayPal
3740,4850,2025-11-13,Completed,PayPal
3741,143,2025-01-09,Completed,PayPal
3742,3634,2025-03-02,Cancelled,Card
3743,2560,2024-04-10,Completed,Card
3744,4158,2025-09-13,Completed,Card
3745,2020,2024-08-31,Completed,Card
3746,2850,2024-01-23,Completed,PayPal
3747,1193,2024-12-19,Completed,PayPal
3748,2314,2025-04-10,Completed,Bank Transfer
3749,2356,2024-08-12,Completed,Bank Transfer
3750,2507,2025-03-19,Completed,Bank Transfer
3751,334,2024-09-25,Completed,Card
3752,2563,2025-06-16,Completed,Card
3753,2721,2024-11-09,Completed,PayPal
3754,2439,2024-04-29,Completed,Card
3755,1796,2025-04-25,Completed,Card
3756,254,2024-04-29,Completed,Card
3757,3658,2025-12-10,Completed,Card
3758,1424,2024-05-15,Completed,Card
3759,3238,2024-03-17,Completed,PayPal
3760,3332,2024-12-19,Completed,Bank Transfer
3761,1028,2024-02-27,Completed,PayPal
3762,2167,2024-03-26,Completed,Card
3763,3995,2024-01-01,Completed,Card
3764,470,2024-03-17,Completed,Card
3765,1094,2025-06-05,Completed,Card
3766,4790,2025-03-19,Completed,PayPal
3767,2913,2025-08-03,Completed,Card
3768,181,2024-05-27,Completed,Bank Transfer
3769,4068,2025-07-27,Returned,Card
3770,3077,2025-06-08,Completed,Card
3771,1221,2024-07-04,Completed,Card
3772,4143,2025-11-07,Completed,Bank Transfer
3773,3624,2025-06-05,Completed,Card
3774,4730,2024-06-10,Completed,Card
3775,1564,2024-10-16,Completed,PayPal
3776,4685,2025-02-24,Completed,Card
3777,3633,2024-07-14,Completed,PayPal
3778,2358,2024-02-03,Completed,Card
3779,1563,2025-11-02,Completed,Card
3780,4936,2025-08-19,Completed,PayPal
3781,1414,2025-07-23,Completed,Card
3782,2507,2025-02-11,Completed,Card
3783,4829,2024-10-23,Cancelled,PayPal
3784,1018,2025-06-20,Completed,Card
3785,3655,2024-02-05,Completed,Bank Transfer
3786,758,2024-09-20,Completed,PayPal
3787,3780,2025-01-16,Completed,Card
3788,621,2024-04-23,Completed,Card
3789,1889,2025-09-08,Completed,Card
3790,3585,2025-08-27,Completed,Card
3791,182,2025-08-23,Completed,Card
3792,2729,2025-03-18,Completed,PayPal
3793,2296,2024-06-11,Completed,Card
3794,2668,2024-02-07,Returned,Card
3795,1800,2024-04-01,Completed,Card
3796,1500,2025-09-22,Completed,Card
3797,985,2025-12-23,Completed,Card
3798,3554,2025-11-02,Completed,PayPal
3799,2365,2024-04-10,Completed,Card
3800,3306,2025-05-21,Completed,Card
3801,2216,2024-06-27,Completed,PayPal
3802,2791,2024-10-10,Completed,Card
3803,126,2024-12-20,Completed,PayPal
3804,2621,2024-10-23,Completed,Card
3805,4216,2025-06-18,Completed,PayPal
3806,1452,2025-05-02,Completed,Card
3807,1009,2024-10-05,Completed,Card
3808,1214,2025-06-27,Completed,PayPal
3809,3705,2025-10-11,Completed,Card
3810,3131,2025-08-15,Completed,Card
3811,697,2024-12-20,Returned,Card
3812,2271,2024-11-14,Completed,Card
3813,1516,2024-07-13,Completed,Card
3814,1035,2024-04-02,Completed,PayPal
3815,2841,2025-03-08,Completed,Card
3816,1536,2025-07-11,Completed,Card
3817,814,2024-01-27,Completed,Card
3818,310,2025-02-18,Cancelled,Card
3819,1012,2024-06-10,Cancelled,Card
3820,1019,2024-04-10,Completed,Bank Transfer
3821,3412,2025-11-29,Completed,Card
3822,3719,2025-04-17,Completed,PayPal
3823,4921,2025-12-06,Completed,Card
3824,3811,2024-06-06,Completed,Card
3825,2045,2025-05-06,Completed,Card
3826,1117,2024-01-09,Completed,Card
3827,4724,2024-07-30,Returned,Bank Transfer
3828,1157,2025-03-14,Completed,Card
3829,989,2025-11-09,Completed,Card
3830,2467,2024-04-20,Completed,PayPal
3831,1829,2024-07-21,Returned,Card
3832,2078,2024-03-05,Completed,PayPal
3833,2346,2025-12-15,Returned,Card
3834,1085,2024-06-09,Cancelled,Card
3835,2506,2025-02-17,Completed,Card
3836,4045,2025-10-06,Completed,Card
3837,2352,2025-11-20,Completed,Card
3838,3006,2025-12-05,Returned,Card
3839,4436,2024-09-22,Returned,Card
3840,2496,2025-07-25,Completed,Card
3841,77,2024-07-23,Completed,Card
3842,2563,2025-10-28,Completed,PayPal
3843,1573,2025-08-06,Completed,PayPal
3844,4188,2024-06-04,Completed,Card
3845,4562,2024-06-21,Completed,Card
3846,3671,2024-11-03,Completed,Bank Transfer
3847,3112,2025-03-25,Completed,PayPal
3848,2738,2024-03-02,Completed,Card
3849,1353,2025-01-07,Completed,PayPal
3850,947,2025-04-04,Completed,Card
3851,4650,2025-04-19,Completed,PayPal
3852,3869,2025-01-15,Cancelled,Card
3853,3138,2025-12-17,Completed,Card
3854,3487,2025-07-25,Completed,Card
3855,4188,2024-03-26,Completed,PayPal
3856,1003,2024-05-22,Completed,PayPal
3857,4464,2024-01-07,Returned,Card
3858,820,2024-10-21,Completed,Card
3859,423,2025-11-21,Completed,PayPal
3860,572,2025-06-02,Completed,PayPal
3861,2910,2025-10-13,Completed,PayPal
3862,4531,2025-06-09,Completed,Card
3863,1424,2024-02-03,Completed,Card
3864,1634,2024-11-24,Completed,Card
3865,1754,2025-08-31,Cancelled,Card
3866,468,2025-09-29,Completed,Card
3867,4888,2024-02-03,Completed,PayPal
3868,2923,2025-02-09,Completed,Card
3869,2304,2024-01-18,Completed,Bank Transfer
3870,1707,2025-03-05,Completed,Bank Transfer
3871,73,2025-03-03,Completed,PayPal
3872,147,2024-10-19,Completed,Bank Transfer
3873,317,2025-08-02,Completed,Card
3874,606,2024-03-20,Completed,Card
3875,575,2024-03-26,Completed,Card
3876,1178,2025-07-25,Completed,PayPal
3877,3327,2024-02-17,Completed,Bank Transfer
3878,3423,2025-11-21,Completed,PayPal
3879,2595,2024-03-24,Completed,Card
3880,2883,2025-08-29,Completed,Card
3881,312,2024-11-03,Completed,Card
3882,2856,2024-09-08,Completed,Card
3883,765,2025-04-25,Completed,Card
3884,2996,2024-06-28,Completed,Card
3885,3201,2025-08-18,Completed,PayPal
3886,436,2024-11-05,Completed,Bank Transfer
3887,3352,2025-03-01,Completed,Card
3888,4454,2025-04-30,Completed,PayPal
3889,2978,2025-10-23,Completed,Card
3890,2931,2024-02-08,Completed,PayPal
3891,2300,2024-10-05,Completed,PayPal
3892,135,2025-09-16,Completed,PayPal
3893,3915,2025-01-10,Completed,Bank Transfer
3894,4619,2025-09-30,Completed,PayPal
3895,804,2024-02-10,Completed,Card
3896,2708,2025-10-31,Completed,Card
3897,2367,2025-12-18,Completed,Bank Transfer
3898,4176,2024-02-16,Completed,Card
3899,3263,2025-04-28,Completed,PayPal
3900,1477,2024-07-03,Returned,Card
3901,3416,2024-03-12,Completed,Card
3902,2462,2025-07-22,Completed,Card
3903,3943,2025-07-27,Completed,Card
3904,2041,2024-12-07,Completed,PayPal
3905,4464,2025-07-22,Completed,Card
3906,1007,2024-08-30,Completed,Card
3907,993,2024-11-23,Completed,Card
3908,4692,2025-09-27,Completed,PayPal
3909,1897,2024-06-01,Completed,Card
3910,3066,2024-09-11,Completed,Card
3911,2749,2025-12-29,Completed,Card
3912,2662,2025-02-27,Completed,Card
3913,2979,2024-08-19,Completed,PayPal
3914,1824,2025-06-12,Completed,PayPal
3915,3408,2025-08-14,Completed,PayPal
3916,4507,2025-05-10,Completed,Card
3917,4483,2024-06-24,Completed,Card
3918,1749,2025-07-04,Completed,Card
3919,2662,2024-05-22,Completed,Card
3920,19,2024-01-17,Completed,Card
3921,3359,2024-09-05,Completed,Card
3922,276,2024-02-04,Completed,Card
3923,4079,2024-05-25,Cancelled,Card
3924,4755,2025-12-27,Completed,Card
3925,2946,2024-06-13,Completed,Card
3926,4648,2024-04-20,Completed,PayPal
3927,4775,2025-10-08,Completed,Card
3928,4699,2024-03-14,Completed,PayPal
3929,365,2025-10-29,Completed,PayPal
3930,1974,2025-12-27,Completed,Card
3931,795,2024-12-19,Completed,PayPal
3932,590,2024-09-30,Cancelled,Card
3933,4295,2024-10-05,Completed,Card
3934,4314,2025-10-21,Completed,Card
3935,741,2024-01-31,Completed,PayPal
3936,4746,2025-06-09,Cancelled,Card
3937,2195,2025-06-18,Completed,Bank Transfer
3938,670,2025-05-24,Completed,Card
3939,1438,2025-05-28,Completed,PayPal
3940,4761,2024-06-26,Completed,PayPal
3941,856,2024-11-24,Completed,PayPal
3942,2378,2025-07-24,Completed,Card
3943,4991,2025-11-18,Completed,Card
3944,4034,2024-06-20,Completed,Card
3945,1894,2025-01-30,Completed,Card
3946,1187,2025-08-17,Completed,Card
3947,1843,2024-02-04,Completed,Card
3948,327,2024-10-23,Completed,PayPal
3949,3227,2025-04-13,Completed,Card
3950,2401,2025-05-09,Completed,Card
3951,4279,2025-09-13,Completed,Card
3952,4551,2024-08-22,Completed,PayPal
3953,4102,2024-02-08,Cancelled,Card
3954,4016,2024-08-06,Completed,Card
3955,4307,2024-08-04,Returned,PayPal
3956,51,2025-12-06,Cancelled,PayPal
3957,1469,2025-11-05,Completed,Card
3958,1010,2025-09-19,Completed,Card
3959,4473,2025-11-03,Completed,PayPal
3960,3558,2025-08-23,Completed,PayPal
3961,1075,2025-02-23,Completed,Card
3962,154,2025-10-14,Completed,Card
3963,582,2024-06-22,Completed,Card
3964,788,2025-12-13,Completed,PayPal
3965,4887,2024-04-22,Completed,Card
3966,3382,2024-06-22,Completed,Bank Transfer
3967,2268,2024-03-14,Completed,Card
3968,4259,2025-09-28,Completed,Card
3969,971,2025-06-19,Completed,Card
3970,648,2024-02-01,Completed,Card
3971,946,2024-09-10,Completed,Card
3972,4785,2025-05-11,Completed,Card
3973,1496,2024-04-22,Completed,PayPal
3974,2048,2024-07-13,Completed,Bank Transfer
3975,1173,2025-06-11,Completed,PayPal
3976,4219,2025-03-16,Completed,PayPal
3977,4900,2025-05-03,Completed,Card
3978,2887,2025-05-11,Completed,Card
3979,4159,2025-12-24,Completed,PayPal
3980,733,2025-09-11,Completed,PayPal
3981,3088,2024-01-24,Completed,PayPal
3982,3462,2024-10-16,Completed,Card
3983,1658,2024-11-03,Completed,PayPal
3984,479,2024-10-30,Completed,Card
3985,1138,2025-09-22,Returned,PayPal
3986,3954,2025-11-23,Completed,PayPal
3987,977,2024-02-07,Completed,Card
3988,237,2025-01-20,Completed,Card
3989,2524,2025-08-03,Completed,Card
3990,4044,2024-03-22,Completed,Card
3991,598,2024-04-27,Completed,Card
3992,1703,2024-02-19,Completed,Card
3993,2177,2025-10-30,Completed,Card
3994,2558,2024-03-14,Completed,Card
3995,165,2025-11-25,Completed,PayPal
3996,2325,2024-04-15,Completed,Bank Transfer
3997,3040,2025-12-01,Completed,Bank Transfer
3998,570,2025-08-21,Completed,Card
3999,3329,2024-11-21,Completed,Card
4000,141,2025-11-14,Completed,Card
4001,686,2024-12-21,Completed,Bank Transfer
4002,687,2025-04-12,Completed,Bank Transfer
4003,3281,2025-10-17,Completed,Bank Transfer
4004,2764,2024-10-10,Completed,Card
4005,3591,2024-07-03,Completed,Card
4006,2039,2024-06-02,Completed,Card
4007,1075,2024-04-27,Completed,Card
4008,2226,2024-09-23,Completed,PayPal
4009,1342,2025-01-19,Returned,PayPal
4010,1690,2024-09-11,Completed,Card
4011,3011,2024-08-28,Completed,PayPal
4012,364,2024-06-19,Completed,Card
4013,1068,2025-09-08,Completed,PayPal
4014,2641,2025-07-01,Completed,Card
4015,3750,2025-07-31,Completed,Card
4016,2031,2024-07-03,Completed,PayPal
4017,618,2025-12-02,Completed,Card
4018,4455,2025-10-28,Completed,Card
4019,3147,2025-02-13,Completed,PayPal
4020,1983,2025-10-14,Completed,PayPal
4021,194,2025-08-10,Completed,Card
4022,4459,2024-05-25,Completed,Card
4023,1120,2024-02-07,Returned,Card
4024,4203,2025-05-04,Completed,Card
4025,527,2024-09-18,Completed,Card
4026,1953,2024-05-05,Completed,Bank Transfer
4027,4880,2025-08-26,Returned,Card
4028,1783,2024-12-10,Completed,PayPal
4029,2674,2024-09-17,Completed,Card
4030,2398,2025-03-18,Completed,Card
4031,3725,2024-04-17,Completed,Card
4032,2590,2025-07-10,Completed,PayPal
4033,3527,2025-03-12,Completed,PayPal
4034,3850,2025-05-28,Completed,Card
4035,1635,2025-12-13,Completed,Card
4036,3010,2024-03-30,Completed,Card
4037,94,2024-08-02,Completed,Card
4038,3795,2025-09-18,Completed,Card
4039,3367,2024-11-14,Completed,Card
4040,2947,2025-08-26,Completed,Card
4041,89,2025-11-28,Completed,Card
4042,2551,2025-10-31,Completed,Card
4043,2815,2024-02-26,Completed,Card
4044,1446,2025-07-12,Cancelled,Card
4045,4622,2025-02-05,Completed,Card
4046,1831,2024-08-09,Completed,Card
4047,2742,2025-04-19,Completed,Card
4048,555,2024-04-17,Completed,PayPal
4049,3765,2024-06-28,Completed,Card
4050,2435,2024-06-25,Completed,Card
4051,681,2025-05-01,Cancelled,Card
4052,1632,2025-02-17,Completed,PayPal
4053,203,2025-11-22,Cancelled,Card
4054,4543,2024-02-06,Completed,Card
4055,3919,2025-07-28,Completed,Bank Transfer
4056,3140,2024-09-24,Completed,Card
4057,4874,2025-01-22,Completed,Card
4058,2226,2024-12-19,Completed,PayPal
4059,1687,2024-09-26,Completed,PayPal
4060,829,2024-09-25,Cancelled,Bank Transfer
4061,4655,2025-03-17,Completed,Bank Transfer
4062,2023,2024-10-31,Completed,Card
4063,103,2024-09-02,Cancelled,Card
4064,1558,2024-06-26,Completed,Bank Transfer
4065,4212,2024-03-07,Completed,PayPal
4066,4955,2024-10-03,Completed,Card
4067,4088,2024-07-26,Completed,Card
4068,2512,2024-11-02,Completed,Card
4069,104,2025-07-03,Completed,Card
4070,3439,2025-09-22,Completed,Bank Transfer
4071,2858,2025-06-21,Completed,PayPal
4072,807,2025-06-01,Completed,Bank Transfer
4073,4656,2024-09-30,Cancelled,Card
4074,2075,2024-08-20,Cancelled,PayPal
4075,527,2024-04-23,Completed,Card
4076,3437,2024-05-13,Completed,Card
4077,298,2025-02-28,Cancelled,Card
4078,4873,2025-11-20,Completed,Card
4079,361,2024-01-25,Completed,PayPal
4080,3718,2025-07-13,Completed,Card
4081,4600,2024-10-06,Completed,Card
4082,1977,2024-12-08,Completed,PayPal
4083,2078,2024-03-12,Completed,PayPal
4084,3412,2024-07-19,Completed,PayPal
4085,2174,2024-11-21,Completed,PayPal
4086,4692,2024-02-02,Completed,PayPal
4087,1590,2024-04-06,Completed,Bank Transfer
4088,1390,2025-07-10,Completed,PayPal
4089,3515,2024-09-19,Completed,Card
4090,263,2024-03-10,Cancelled,Card
4091,2984,2024-10-19,Completed,PayPal
4092,2920,2025-12-30,Completed,Card
4093,1864,2024-07-25,Completed,Card
4094,2,2024-06-20,Completed,PayPal
4095,1934,2025-01-29,Completed,PayPal
4096,394,2024-09-12,Completed,Card
4097,306,2024-09-20,Completed,Card
4098,530,2024-09-20,Completed,Card
4099,4624,2025-05-31,Completed,Card
4100,3380,2024-01-10,Completed,Card
4101,965,2024-09-27,Completed,PayPal
4102,4020,2024-11-07,Completed,Card
4103,671,2025-01-04,Completed,PayPal
4104,4069,2025-07-20,Completed,Card
4105,2253,2025-07-06,Completed,PayPal
4106,2673,2025-10-11,Cancelled,Card
4107,1714,2025-01-25,Completed,PayPal
4108,4045,2024-04-24,Completed,Card
4109,4817,2025-07-28,Completed,Bank Transfer
4110,636,2024-12-09,Completed,PayPal
4111,3500,2025-02-13,Completed,PayPal
4112,4653,2025-06-29,Completed,Card
4113,1118,2025-01-12,Completed,Bank Transfer
4114,2155,2025-03-31,Completed,PayPal
4115,4224,2025-02-26,Completed,PayPal
4116,38,2025-03-19,Cancelled,Card
4117,1633,2024-07-15,Completed,PayPal
4118,4294,2024-12-28,Completed,Card
4119,3776,2025-02-13,Cancelled,Card
4120,2055,2025-07-27,Completed,Card
4121,4086,2025-01-28,Completed,PayPal
4122,3404,2025-05-23,Completed,Card
4123,519,2025-07-19,Completed,Card
4124,2242,2025-11-01,Completed,PayPal
4125,2364,2024-10-20,Completed,Card
4126,1042,2024-01-25,Completed,PayPal
4127,4716,2024-08-24,Completed,Card
4128,1395,2025-04-05,Completed,Card
4129,2870,2024-11-16,Completed,Card
4130,3677,2024-04-09,Completed,Card
4131,3722,2025-11-20,Completed,PayPal
4132,3773,2025-02-11,Completed,Card
4133,235,2024-06-03,Completed,PayPal
4134,3141,2025-03-09,Completed,Card
4135,447,2025-03-09,Completed,PayPal
4136,4706,2024-05-22,Completed,Card
4137,8,2025-06-12,Completed,Card
4138,4558,2024-10-11,Completed,PayPal
4139,1000,2024-01-05,Cancelled,Bank Transfer
4140,1335,2025-06-06,Completed,PayPal
4141,134,2025-12-20,Completed,Card
4142,2433,2025-03-11,Cancelled,Card
4143,56,2025-02-21,Completed,PayPal
4144,3186,2024-03-21,Completed,Bank Transfer
4145,1112,2025-06-28,Completed,Card
4146,3180,2025-01-11,Completed,Card
4147,1524,2024-06-07,Completed,Card
4148,144,2025-09-18,Completed,Card
4149,2917,2024-08-04,Completed,Card
4150,2104,2025-10-31,Completed,Card
4151,620,2024-02-14,Completed,PayPal
4152,1887,2025-09-23,Completed,Card
4153,2021,2024-08-02,Completed,Bank Transfer
4154,1409,2025-05-25,Completed,PayPal
4155,2922,2024-05-07,Completed,Card
4156,4735,2024-09-10,Completed,PayPal
4157,3374,2025-07-03,Completed,PayPal
4158,3477,2025-12-22,Cancelled,Card
4159,837,2024-12-17,Completed,Card
4160,3903,2025-08-28,Completed,Card
4161,1586,2025-06-24,Completed,Card
4162,4876,2024-06-12,Completed,Card
4163,837,2025-10-10,Completed,PayPal
4164,2558,2025-06-18,Completed,PayPal
4165,2860,2024-05-10,Returned,Bank Transfer
4166,4361,2025-08-20,Completed,PayPal
4167,1398,2025-11-26,Completed,PayPal
4168,3823,2025-05-18,Completed,Card
4169,4398,2025-02-27,Completed,Card
4170,3431,2024-07-02,Completed,PayPal
4171,805,2025-11-01,Completed,Card
4172,1076,2025-06-06,Completed,Card
4173,4195,2025-07-07,Completed,Card
4174,2641,2024-08-22,Completed,PayPal
4175,3085,2024-05-10,Completed,PayPal
4176,1414,2025-11-27,Completed,Bank Transfer
4177,4453,2024-01-14,Completed,Bank Transfer
4178,1664,2025-10-20,Completed,Card
4179,2976,2025-01-14,Completed,Card
4180,4107,2024-02-29,Completed,Card
4181,4177,2024-10-18,Completed,Card
4182,2054,2024-06-08,Completed,Card
4183,2421,2025-03-22,Completed,PayPal
4184,2529,2025-06-21,Completed,PayPal
4185,4318,2025-07-30,Completed,Card
4186,1941,2025-01-20,Completed,Card
4187,3153,2024-03-10,Completed,PayPal
4188,1947,2025-01-16,Completed,Card
4189,515,2025-11-15,Completed,Bank Transfer
4190,221,2024-08-12,Completed,Card
4191,228,2025-05-22,Completed,Card
4192,2338,2025-10-26,Completed,Card
4193,4389,2024-02-09,Completed,Card
4194,3265,2024-05-25,Completed,Bank Transfer
4195,956,2024-12-31,Completed,PayPal
4196,1498,2025-09-01,Completed,PayPal
4197,1281,2024-09-04,Cancelled,PayPal
4198,1979,2024-01-12,Completed,Card
4199,1530,2025-06-19,Completed,Card
4200,4484,2025-05-24,Completed,PayPal
4201,2663,2024-09-01,Completed,PayPal
4202,2414,2024-06-19,Completed,Card
4203,2706,2024-02-01,Completed,Card
4204,3536,2025-09-17,Completed,Card
4205,4285,2025-12-21,Completed,PayPal
4206,918,2025-03-04,Completed,Card
4207,1202,2024-02-04,Completed,Bank Transfer
4208,2423,2024-07-23,Completed,PayPal
4209,1622,2025-01-18,Completed,PayPal
4210,760,2024-09-22,Completed,Card
4211,4290,2025-07-30,Completed,PayPal
4212,1489,2025-03-18,Completed,PayPal
4213,4259,2025-09-01,Completed,Card
4214,4372,2025-11-27,Completed,Card
4215,4460,2025-04-29,Completed,Card
4216,1666,2025-04-14,Completed,Card
4217,2003,2024-09-22,Cancelled,PayPal
4218,460,2024-04-18,Completed,Bank Transfer
4219,3022,2025-05-03,Returned,Card
4220,2291,2024-06-26,Completed,Bank Transfer
4221,1366,2024-09-05,Completed,Card
4222,3202,2024-01-05,Completed,Card
4223,4753,2024-06-05,Completed,Card
4224,1384,2024-08-17,Completed,PayPal
4225,2136,2025-09-19,Completed,Card
4226,4838,2024-09-17,Completed,Card
4227,3033,2024-11-16,Completed,PayPal
4228,3710,2024-05-06,Completed,PayPal
4229,1522,2024-01-28,Completed,Card
4230,1624,2025-05-24,Cancelled,PayPal
4231,682,2024-08-15,Completed,PayPal
4232,3135,2025-10-02,Completed,Card
4233,3262,2025-06-24,Completed,PayPal
4234,4995,2024-06-27,Completed,Card
4235,4697,2025-11-06,Completed,PayPal
4236,3420,2025-11-02,Completed,PayPal
4237,1868,2024-10-14,Completed,Card
4238,3610,2025-05-08,Completed,Card
4239,1200,2024-09-21,Cancelled,PayPal
4240,2824,2025-04-11,Completed,Card
4241,2949,2025-01-29,Completed,Card
4242,3979,2025-03-07,Completed,Card
4243,3626,2025-03-10,Completed,PayPal
4244,4579,2025-01-22,Completed,Card
4245,169,2025-06-20,Completed,Card
4246,2022,2024-05-24,Completed,PayPal
4247,2195,2024-06-23,Completed,Card
4248,439,2025-06-03,Completed,Card
4249,3261,2024-11-09,Completed,Card
4250,4256,2025-09-12,Completed,PayPal
4251,4910,2024-05-08,Completed,Card
4252,2450,2025-05-28,Completed,Card
4253,4682,2024-01-10,Completed,Card
4254,864,2024-12-12,Completed,Card
4255,140,2024-04-26,Completed,Card
4256,4424,2025-02-14,Completed,PayPal
4257,225,2025-01-31,Completed,Card
4258,558,2024-01-11,Completed,PayPal
4259,1574,2025-02-01,Completed,Card
4260,386,2025-08-30,Completed,Card
4261,521,2024-04-02,Completed,PayPal
4262,3973,2024-04-11,Cancelled,Card
4263,2835,2024-04-07,Completed,Card
4264,3143,2024-10-08,Returned,Card
4265,1834,2025-10-29,Completed,PayPal
4266,4543,2025-10-18,Completed,Card
4267,3162,2025-02-24,Completed,Bank Transfer
4268,3502,2024-12-29,Completed,Card
4269,4203,2024-07-29,Completed,Bank Transfer
4270,1500,2025-10-28,Completed,Card
4271,2964,2025-05-22,Completed,Card
4272,1478,2024-03-16,Completed,PayPal
4273,904,2024-11-18,Cancelled,Card
4274,1632,2025-03-27,Returned,Card
4275,3987,2025-11-17,Completed,Card
4276,1171,2025-09-14,Completed,Card
4277,2328,2024-01-18,Completed,Card
4278,4120,2024-10-17,Completed,Card
4279,1745,2024-07-16,Completed,Card
4280,2040,2024-06-10,Completed,PayPal
4281,120,2025-02-20,Completed,Card
4282,3858,2025-01-18,Completed,PayPal
4283,1676,2024-07-18,Cancelled,Card
4284,1321,2025-05-12,Completed,Card
4285,4951,2024-02-12,Completed,Card
4286,1016,2024-03-22,Completed,Bank Transfer
4287,4544,2025-06-22,Completed,Card
4288,1744,2024-10-30,Completed,Card
4289,1943,2025-08-03,Completed,Card
4290,3542,2024-07-17,Cancelled,Card
4291,1447,2025-02-09,Completed,Bank Transfer
4292,3617,2025-03-02,Cancelled,Card
4293,3895,2025-04-05,Completed,Bank Transfer
4294,1725,2025-04-24,Cancelled,Bank Transfer
4295,2273,2025-12-28,Completed,PayPal
4296,4063,2024-05-03,Completed,Card
4297,4282,2025-06-11,Completed,Card
4298,72,2025-09-29,Completed,PayPal
4299,4170,2025-06-09,Completed,Card
4300,2201,2024-02-08,Completed,Bank Transfer
4301,2144,2024-07-17,Completed,Card
4302,3758,2024-04-17,Cancelled,Card
4303,3182,2024-09-24,Completed,Bank Transfer
4304,1482,2024-12-18,Completed,Card
4305,2876,2024-11-06,Completed,Card
4306,4861,2025-01-24,Completed,Card
4307,4080,2024-02-09,Completed,PayPal
4308,1097,2025-08-03,Completed,Card
4309,4308,2024-05-31,Completed,PayPal
4310,724,2024-07-05,Completed,PayPal
4311,3240,2025-03-05,Completed,Card
4312,2379,2025-04-01,Returned,Card
4313,4847,2024-08-14,Completed,Card
4314,3215,2025-03-03,Completed,Card
4315,2872,2024-07-22,Completed,Card
4316,4490,2024-04-27,Completed,Card
4317,4608,2025-01-28,Completed,PayPal
4318,4782,2024-08-09,Completed,PayPal
4319,3920,2024-03-03,Completed,Card
4320,1721,2025-01-30,Completed,Card
4321,3400,2024-01-05,Returned,Card
4322,1858,2024-11-29,Completed,PayPal
4323,2766,2024-10-18,Completed,Card
4324,2397,2025-05-22,Completed,PayPal
4325,3765,2024-05-24,Completed,PayPal
4326,4022,2025-10-23,Completed,Card
4327,3887,2024-06-07,Completed,PayPal
4328,2563,2024-01-11,Completed,Card
4329,2447,2024-03-09,Completed,PayPal
4330,3668,2025-12-04,Completed,Bank Transfer
4331,2262,2025-09-05,Completed,Card
4332,3618,2025-06-27,Completed,Card
4333,1313,2024-07-20,Completed,Card
4334,1865,2024-09-22,Completed,Card
4335,2306,2024-04-17,Completed,Card
4336,1808,2024-02-23,Completed,PayPal
4337,2742,2024-12-03,Cancelled,PayPal
4338,3337,2024-07-08,Completed,PayPal
4339,998,2024-08-26,Completed,Card
4340,2320,2024-12-08,Completed,Bank Transfer
4341,3208,2024-10-17,Completed,PayPal
4342,599,2024-11-18,Completed,Card
4343,1084,2024-11-16,Completed,PayPal
4344,3582,2024-02-11,Completed,Card
4345,3087,2024-07-16,Completed,PayPal
4346,2303,2025-09-24,Completed,Bank Transfer
4347,2785,2024-10-10,Completed,PayPal
4348,722,2024-06-30,Completed,Card
4349,1155,2025-09-03,Completed,Card
4350,17,2024-01-11,Completed,Card
4351,992,2025-03-17,Completed,Card
4352,4974,2025-09-20,Completed,Card
4353,2233,2025-02-27,Completed,Card
4354,3463,2025-05-14,Completed,Card
4355,1447,2025-01-22,Returned,Card
4356,1466,2025-07-29,Cancelled,PayPal
4357,3768,2025-11-18,Completed,PayPal
4358,3628,2025-03-29,Completed,Card
4359,3084,2025-08-17,Completed,Card
4360,1544,2024-01-02,Completed,PayPal
4361,80,2025-12-29,Completed,Card
4362,3288,2024-08-29,Completed,Card
4363,1272,2024-02-29,Completed,PayPal
4364,1565,2025-01-02,Completed,Card
4365,1714,2025-12-15,Completed,Card
4366,1010,2024-02-09,Completed,Card
4367,773,2024-11-10,Completed,Card
4368,483,2025-07-10,Completed,PayPal
4369,2393,2024-10-24,Completed,PayPal
4370,3180,2025-09-22,Completed,Card
4371,1582,2025-10-04,Completed,Card
4372,2522,2025-03-25,Completed,PayPal
4373,1106,2025-01-29,Completed,Card
4374,3710,2025-07-15,Completed,Bank Transfer
4375,3362,2024-03-28,Completed,Card
4376,4271,2025-06-16,Completed,Card
4377,842,2025-01-22,Completed,Card
4378,3535,2025-01-15,Completed,PayPal
4379,1873,2025-07-08,Completed,Card
4380,3506,2025-03-06,Completed,PayPal
4381,3321,2025-06-18,Completed,Card
4382,2729,2024-08-03,Completed,PayPal
4383,955,2024-10-03,Completed,Card
4384,1596,2024-07-12,Completed,Card
4385,2289,2025-12-27,Completed,Card
4386,4436,2024-06-27,Returned,Card
4387,744,2024-05-22,Completed,Bank Transfer
4388,1495,2025-06-21,Completed,PayPal
4389,3347,2024-08-05,Completed,PayPal
4390,4111,2025-05-25,Cancelled,Card
4391,1989,2024-02-28,Completed,Card
4392,208,2024-12-11,Completed,PayPal
4393,1084,2025-07-10,Completed,Card
4394,2413,2025-02-22,Cancelled,Card
4395,3312,2024-08-11,Completed,Card
4396,4011,2024-12-15,Completed,Card
4397,397,2025-09-13,Returned,Bank Transfer
4398,1958,2024-03-17,Completed,Card
4399,4890,2025-08-21,Completed,Bank Transfer
4400,209,2024-07-26,Completed,Bank Transfer
4401,433,2024-06-07,Completed,Card
4402,2657,2025-06-07,Completed,Bank Transfer
4403,2437,2024-08-12,Completed,PayPal
4404,4679,2024-12-23,Completed,PayPal
4405,4528,2025-01-18,Completed,PayPal
4406,4447,2025-06-27,Completed,Card
4407,134,2025-07-19,Completed,PayPal
4408,639,2025-05-18,Cancelled,Card
4409,1229,2025-03-25,Completed,PayPal
4410,3370,2024-08-29,Completed,Card
4411,4213,2025-01-03,Cancelled,PayPal
4412,4020,2025-09-18,Completed,Card
4413,1291,2025-04-15,Completed,Card
4414,2197,2024-10-14,Completed,PayPal
4415,1704,2025-02-02,Completed,Card
4416,2227,2024-04-13,Completed,PayPal
4417,2196,2024-11-06,Completed,PayPal
4418,4561,2024-05-06,Completed,Card
4419,976,2024-02-09,Completed,PayPal
4420,1029,2024-03-12,Completed,Card
4421,526,2024-09-03,Completed,PayPal
4422,2328,2024-09-03,Cancelled,PayPal
4423,2547,2024-11-07,Completed,Card
4424,836,2024-02-03,Completed,Card
4425,2484,2024-05-08,Completed,Bank Transfer
4426,2864,2024-01-10,Completed,Card
4427,2735,2024-06-16,Completed,Card
4428,1539,2024-08-03,Completed,Bank Transfer
4429,1911,2025-02-11,Completed,Card
4430,4050,2025-06-09,Completed,Card
4431,2643,2025-08-24,Completed,Bank Transfer
4432,1304,2024-01-18,Completed,PayPal
4433,132,2024-12-05,Completed,Card
4434,393,2025-11-11,Completed,Card
4435,4577,2025-07-21,Completed,Card
4436,3585,2025-11-06,Completed,Card
4437,2676,2025-10-25,Completed,Card
4438,2467,2024-03-30,Completed,Card
4439,1226,2024-10-11,Cancelled,Card
4440,2706,2025-06-17,Cancelled,Bank Transfer
4441,462,2024-09-23,Completed,Bank Transfer
4442,1802,2025-03-08,Completed,Card
4443,3274,2025-10-12,Completed,Card
4444,3986,2024-02-21,Completed,Bank Transfer
4445,152,2024-03-07,Completed,Card
4446,2270,2025-08-19,Completed,PayPal
4447,4175,2024-09-06,Completed,PayPal
4448,1786,2024-11-26,Completed,Card
4449,3461,2025-02-18,Completed,Card
4450,1837,2024-05-02,Completed,PayPal
4451,1398,2024-07-20,Cancelled,PayPal
4452,1076,2024-01-06,Completed,Card
4453,4507,2025-04-30,Completed,PayPal
4454,2009,2024-07-17,Completed,PayPal
4455,1494,2024-01-13,Completed,Card
4456,1136,2024-01-06,Completed,Card
4457,1549,2025-02-14,Cancelled,Card
4458,785,2024-04-30,Completed,PayPal
4459,1421,2025-07-10,Completed,Card
4460,4839,2024-12-27,Completed,Card
4461,2436,2025-06-21,Completed,Card
4462,3482,2024-01-04,Completed,Card
4463,3652,2024-10-10,Completed,Bank Transfer
4464,2064,2025-12-22,Completed,PayPal
4465,2021,2024-12-24,Cancelled,Card
4466,4758,2025-11-23,Completed,PayPal
4467,2150,2024-10-08,Completed,Card
4468,951,2025-10-18,Completed,PayPal
4469,25,2025-09-19,Completed,PayPal
4470,18,2024-12-14,Returned,Card
4471,3826,2024-01-30,Completed,PayPal
4472,570,2025-05-31,Completed,PayPal
4473,1356,2025-01-08,Completed,PayPal
4474,1593,2025-09-09,Completed,Card
4475,831,2024-05-03,Completed,PayPal
4476,3083,2025-03-21,Completed,PayPal
4477,872,2025-01-28,Completed,Card
4478,835,2025-10-11,Cancelled,PayPal
4479,3313,2025-09-09,Completed,PayPal
4480,4953,2025-12-25,Completed,PayPal
4481,3117,2024-02-25,Completed,Card
4482,970,2024-05-11,Completed,PayPal
4483,593,2024-05-01,Completed,Card
4484,255,2024-07-20,Completed,Card
4485,2115,2025-12-20,Completed,Card
4486,2966,2025-08-24,Completed,Card
4487,2662,2025-12-02,Completed,Card
4488,603,2024-09-21,Completed,PayPal
4489,1066,2025-07-11,Completed,PayPal
4490,1840,2024-02-09,Completed,Card
4491,2432,2025-08-01,Completed,Card
4492,966,2024-04-22,Completed,PayPal
4493,1738,2024-12-04,Completed,Card
4494,485,2024-03-02,Completed,PayPal
4495,4135,2024-08-14,Completed,Card
4496,11,2024-06-22,Completed,Bank Transfer
4497,4720,2024-05-13,Completed,PayPal
4498,4505,2024-10-11,Cancelled,Card
4499,2028,2025-09-17,Completed,Card
4500,3365,2024-04-17,Completed,Card
4501,3088,2024-05-22,Completed,PayPal
4502,3039,2025-07-22,Completed,Card
4503,605,2024-10-20,Completed,Card
4504,969,2024-10-03,Completed,Card
4505,4261,2025-05-06,Completed,Card
4506,437,2025-07-16,Completed,Card
4507,2775,2025-04-15,Completed,Bank Transfer
4508,1810,2024-10-02,Completed,Card
4509,4910,2024-08-21,Completed,PayPal
4510,2770,2024-08-29,Completed,Card
4511,1830,2024-09-14,Completed,Card
4512,293,2024-02-01,Completed,PayPal
4513,3952,2025-01-01,Cancelled,Card
4514,462,2024-12-13,Cancelled,Card
4515,3885,2024-05-11,Completed,Card
4516,3234,2025-01-02,Completed,PayPal
4517,2092,2024-09-21,Completed,Card
4518,3937,2024-08-02,Completed,PayPal
4519,2940,2024-08-02,Completed,Card
4520,4807,2024-10-08,Completed,PayPal
4521,89,2025-06-13,Returned,Card
4522,1664,2024-01-02,Completed,Card
4523,3302,2025-05-27,Completed,PayPal
4524,2721,2025-04-08,Completed,PayPal
4525,2938,2025-03-22,Completed,Bank Transfer
4526,422,2024-12-28,Completed,Card
4527,3750,2024-08-03,Completed,Bank Transfer
4528,4972,2024-06-12,Completed,PayPal
4529,4434,2025-12-03,Cancelled,Card
4530,266,2025-08-09,Completed,PayPal
4531,2851,2025-06-21,Completed,Bank Transfer
4532,1379,2025-05-25,Completed,PayPal
4533,1815,2024-08-08,Completed,Card
4534,2265,2025-07-08,Completed,Card
4535,4417,2025-09-25,Completed,Card
4536,850,2025-10-02,Completed,PayPal
4537,4815,2024-10-09,Completed,PayPal
4538,3737,2024-03-11,Completed,PayPal
4539,992,2025-01-08,Completed,PayPal
4540,3765,2024-09-15,Completed,PayPal
4541,1809,2025-03-20,Completed,Card
4542,3275,2024-07-19,Cancelled,PayPal
4543,717,2025-10-03,Completed,Bank Transfer
4544,896,2025-01-14,Completed,PayPal
4545,1177,2025-08-15,Completed,PayPal
4546,3754,2025-02-18,Cancelled,Card
4547,1777,2024-03-05,Completed,Card
4548,2805,2025-01-12,Completed,Card
4549,3393,2025-10-19,Completed,Card
4550,1460,2025-10-07,Completed,Card
4551,2544,2024-04-11,Completed,PayPal
4552,4638,2024-02-11,Completed,PayPal
4553,4731,2024-07-14,Cancelled,PayPal
4554,3554,2024-12-25,Completed,Card
4555,1350,2024-04-08,Completed,Card
4556,2987,2025-01-22,Completed,Card
4557,3331,2024-03-05,Completed,PayPal
4558,4794,2024-10-23,Completed,PayPal
4559,2123,2025-03-02,Cancelled,Card
4560,3629,2024-08-10,Completed,Card
4561,498,2025-11-25,Completed,Card
4562,3488,2024-05-28,Completed,Card
4563,722,2025-05-23,Completed,Card
4564,1364,2025-03-17,Completed,Card
4565,308,2025-02-17,Completed,PayPal
4566,2752,2024-04-25,Completed,Card
4567,884,2025-03-28,Completed,Card
4568,1265,2024-11-15,Cancelled,Card
4569,4349,2025-03-26,Completed,Card
4570,2445,2024-03-19,Completed,Card
4571,3034,2024-12-22,Completed,Card
4572,1053,2024-04-28,Completed,PayPal
4573,494,2025-08-08,Completed,PayPal
4574,2022,2025-06-04,Completed,Card
4575,1748,2024-10-05,Cancelled,Card
4576,3303,2025-07-19,Cancelled,Card
4577,2280,2024-02-14,Completed,Card
4578,932,2024-08-12,Completed,Card
4579,1926,2025-06-11,Completed,Card
4580,757,2025-12-24,Completed,Card
4581,1055,2025-12-12,Completed,Card
4582,3931,2024-08-28,Completed,Card
4583,4552,2025-09-05,Completed,PayPal
4584,4355,2025-04-26,Completed,Card
4585,4527,2024-04-04,Completed,Card
4586,3454,2024-12-30,Completed,PayPal
4587,2517,2024-07-03,Completed,PayPal
4588,1965,2024-05-15,Completed,Card
4589,647,2024-01-25,Completed,Card
4590,4543,2024-11-13,Completed,Card
4591,2831,2024-11-28,Completed,Card
4592,195,2025-07-15,Cancelled,Bank Transfer
4593,1146,2025-11-11,Completed,Card
4594,2510,2024-04-09,Completed,PayPal
4595,4292,2025-01-04,Completed,Card
4596,2084,2025-08-15,Returned,PayPal
4597,4741,2024-01-12,Completed,Card
4598,3353,2025-12-20,Completed,Card
4599,322,2024-03-17,Completed,Card
4600,2288,2025-08-09,Completed,Card
4601,3132,2025-11-12,Completed,Card
4602,4746,2024-12-13,Completed,Bank Transfer
4603,1703,2025-03-18,Completed,Bank Transfer
4604,2213,2025-11-21,Completed,Card
4605,831,2024-03-28,Completed,Card
4606,189,2025-04-09,Completed,Card
4607,4053,2025-05-08,Completed,Bank Transfer
4608,92,2024-08-09,Completed,PayPal
4609,3878,2025-05-29,Completed,PayPal
4610,1912,2024-04-27,Completed,Card
4611,2337,2024-05-15,Completed,Card
4612,1581,2024-07-05,Completed,Card
4613,1409,2025-06-25,Completed,Card
4614,175,2025-08-01,Completed,PayPal
4615,474,2024-11-06,Completed,Card
4616,3433,2025-01-13,Completed,Card
4617,270,2025-02-15,Completed,PayPal
4618,2045,2025-02-24,Completed,Card
4619,3196,2024-08-04,Completed,Card
4620,694,2025-10-31,Completed,Card
4621,4472,2024-03-11,Completed,PayPal
4622,1416,2024-04-19,Completed,PayPal
4623,2084,2024-10-11,Completed,Bank Transfer
4624,1236,2025-08-24,Completed,PayPal
4625,3968,2025-07-22,Completed,Card
4626,1972,2024-10-24,Completed,Card
4627,134,2025-05-13,Cancelled,Card
4628,2913,2025-07-14,Completed,Card
4629,4786,2025-11-27,Completed,Card
4630,841,2025-12-11,Completed,Card
4631,1462,2025-06-13,Completed,PayPal
4632,4935,2024-07-16,Completed,Card
4633,3473,2025-05-21,Completed,Card
4634,4844,2025-05-03,Completed,Card
4635,2876,2024-01-27,Completed,PayPal
4636,2510,2024-04-27,Completed,Card
4637,966,2024-02-23,Completed,Card
4638,2039,2025-05-18,Completed,Card
4639,4241,2024-05-31,Completed,Card
4640,1851,2025-04-23,Completed,Bank Transfer
4641,735,2024-06-10,Cancelled,Card
4642,2454,2025-10-23,Completed,Bank Transfer
4643,3017,2024-08-03,Completed,Bank Transfer
4644,3003,2025-02-23,Completed,Card
4645,2316,2024-12-13,Completed,Card
4646,4004,2024-12-05,Completed,Card
4647,2314,2025-07-07,Completed,Card
4648,4624,2024-12-17,Completed,Card
4649,3164,2025-11-03,Completed,PayPal
4650,3320,2025-08-08,Completed,Card
4651,3462,2025-01-09,Completed,PayPal
4652,430,2025-06-20,Completed,Card
4653,2989,2024-10-29,Completed,Card
4654,3797,2024-08-29,Completed,PayPal
4655,1597,2025-01-12,Completed,Bank Transfer
4656,3363,2025-11-15,Completed,Card
4657,2351,2025-01-23,Cancelled,Card
4658,1780,2024-10-13,Completed,Card
4659,3989,2024-06-07,Completed,Card
4660,2449,2024-12-19,Completed,Card
4661,2871,2025-12-30,Completed,PayPal
4662,2911,2025-03-30,Completed,Card
4663,4614,2025-09-18,Completed,Card
4664,4261,2024-08-28,Completed,Card
4665,2073,2024-07-30,Completed,PayPal
4666,3808,2024-12-28,Completed,Card
4667,4225,2025-08-20,Completed,PayPal
4668,2865,2024-05-12,Completed,Card
4669,3619,2025-05-23,Completed,PayPal
4670,1018,2024-10-03,Completed,Card
4671,4691,2024-09-21,Completed,Bank Transfer
4672,1333,2025-08-27,Completed,Card
4673,2484,2025-08-25,Completed,Card
4674,182,2025-10-18,Completed,PayPal
4675,4840,2024-12-25,Completed,Card
4676,1839,2025-10-25,Completed,Card
4677,2452,2025-10-28,Completed,PayPal
4678,1953,2024-05-15,Cancelled,Card
4679,4701,2025-03-03,Completed,Card
4680,263,2024-01-29,Completed,Card
4681,661,2025-08-17,Completed,PayPal
4682,1316,2024-11-25,Completed,Card
4683,2920,2024-02-03,Completed,Card
4684,4918,2025-05-18,Completed,Card
4685,2195,2024-04-13,Completed,Card
4686,2073,2025-05-08,Completed,Card
4687,2020,2025-01-05,Completed,Card
4688,2741,2025-01-22,Completed,Bank Transfer
4689,816,2024-08-24,Completed,Card
4690,4778,2024-03-30,Completed,Bank Transfer
4691,3419,2024-11-28,Completed,Card
4692,4098,2025-01-11,Completed,Bank Transfer
4693,3718,2024-08-27,Completed,Card
4694,4735,2025-12-30,Completed,Card
4695,3630,2024-06-30,Completed,PayPal
4696,2754,2024-09-13,Completed,Card
4697,3368,2024-07-07,Completed,Card
4698,4686,2025-02-18,Completed,Card
4699,202,2024-09-11,Completed,PayPal
4700,1005,2024-02-14,Completed,Card
4701,1313,2025-08-20,Cancelled,Card
4702,2026,2024-07-19,Completed,Bank Transfer
4703,3134,2024-12-24,Completed,Card
4704,3574,2024-12-08,Returned,PayPal
4705,4222,2024-07-30,Cancelled,Card
4706,3672,2025-09-22,Completed,Card
4707,4942,2024-10-24,Completed,PayPal
4708,1797,2024-06-03,Completed,PayPal
4709,4275,2025-11-28,Completed,Card
4710,1605,2024-07-15,Completed,Card
4711,1903,2025-04-26,Completed,Card
4712,4000,2025-12-13,Completed,Card
4713,4589,2025-01-13,Completed,PayPal
4714,3505,2025-12-06,Completed,Card
4715,2620,2025-01-01,Completed,PayPal
4716,2350,2025-06-20,Completed,PayPal
4717,4365,2024-03-11,Completed,Bank Transfer
4718,4720,2024-01-28,Completed,Card
4719,2673,2025-01-27,Cancelled,Card
4720,819,2025-06-06,Completed,PayPal
4721,2678,2024-12-14,Completed,PayPal
4722,548,2024-04-27,Returned,Card
4723,4433,2025-01-14,Completed,PayPal
4724,359,2024-07-26,Cancelled,Card
4725,3362,2025-02-26,Completed,Card
4726,1925,2024-04-02,Completed,Card
4727,4912,2024-05-20,Completed,Card
4728,4456,2024-12-20,Completed,PayPal
4729,4443,2025-06-06,Completed,Card
4730,4648,2024-03-09,Completed,Card
4731,2702,2025-08-04,Completed,Card
4732,1931,2025-11-27,Completed,PayPal
4733,422,2024-05-03,Completed,PayPal
4734,336,2025-02-22,Completed,PayPal
4735,1527,2025-06-06,Completed,PayPal
4736,57,2025-11-08,Completed,Card
4737,3951,2025-08-25,Completed,Card
4738,3148,2024-12-06,Completed,Card
4739,3538,2024-10-31,Completed,PayPal
4740,722,2024-06-05,Completed,Card
4741,4078,2024-03-28,Completed,Card
4742,386,2024-08-15,Completed,Card
4743,2818,2024-12-30,Cancelled,PayPal
4744,2888,2025-10-07,Completed,Card
4745,2720,2024-09-22,Completed,Bank Transfer
4746,260,2024-03-24,Cancelled,Card
4747,4489,2024-07-30,Completed,Card
4748,600,2024-08-05,Completed,Card
4749,3256,2024-05-30,Completed,PayPal
4750,1040,2025-11-16,Completed,Card
4751,4049,2024-05-19,Completed,PayPal
4752,756,2024-02-24,Completed,Card
4753,3578,2024-05-20,Completed,PayPal
4754,3158,2024-03-14,Completed,Bank Transfer
4755,2759,2024-05-14,Completed,Card
4756,477,2025-10-03,Completed,PayPal
4757,1600,2024-01-26,Returned,Card
4758,2360,2025-05-02,Completed,Card
4759,1262,2025-03-10,Cancelled,Card
4760,1583,2025-08-03,Completed,Card
4761,2839,2024-03-02,Completed,PayPal
4762,4826,2024-07-18,Completed,PayPal
4763,3571,2025-05-04,Completed,Card
4764,1499,2025-05-07,Completed,Card
4765,749,2025-11-09,Completed,Card
4766,4812,2025-04-12,Completed,Card
4767,2387,2024-04-25,Completed,Card
4768,531,2025-01-05,Completed,PayPal
4769,4788,2025-10-12,Completed,PayPal
4770,2210,2024-08-19,Completed,Card
4771,4064,2025-03-23,Completed,PayPal
4772,3869,2024-08-01,Completed,Card
4773,1109,2024-07-26,Completed,Card
4774,490,2024-04-11,Completed,Card
4775,5,2024-01-10,Completed,Card
4776,76,2025-04-17,Completed,PayPal
4777,2729,2024-05-02,Completed,Card
4778,473,2024-01-04,Completed,PayPal
4779,3210,2025-04-11,Completed,Card
4780,1382,2024-09-15,Completed,Card
4781,838,2025-12-21,Completed,PayPal
4782,603,2024-10-13,Completed,Card
4783,1187,2024-01-31,Completed,Bank Transfer
4784,1482,2025-11-18,Completed,PayPal
4785,3273,2025-06-04,Completed,Card
4786,232,2025-12-16,Completed,PayPal
4787,328,2025-09-11,Completed,Bank Transfer
4788,950,2024-05-03,Completed,Card
4789,1887,2024-05-09,Completed,PayPal
4790,4096,2025-05-30,Completed,Bank Transfer
4791,2298,2025-04-24,Completed,Card
4792,1308,2025-06-25,Completed,Card
4793,198,2024-03-17,Completed,PayPal
4794,4512,2024-07-01,Completed,Bank Transfer
4795,2780,2024-12-31,Cancelled,PayPal
4796,3337,2024-10-18,Completed,Card
4797,1339,2025-12-14,Completed,Card
4798,1692,2025-01-23,Completed,Bank Transfer
4799,216,2024-06-05,Completed,Card
4800,1650,2024-04-09,Returned,Card
4801,2863,2025-09-25,Completed,Card
4802,610,2024-04-19,Completed,Card
4803,2559,2025-11-09,Completed,Card
4804,918,2025-10-03,Completed,Card
4805,4253,2024-09-26,Completed,Card
4806,162,2024-05-17,Completed,Card
4807,4138,2025-11-18,Completed,Bank Transfer
4808,2812,2024-03-04,Completed,Card
4809,3422,2025-10-04,Completed,PayPal
4810,4216,2025-05-21,Completed,PayPal
4811,1099,2025-11-30,Completed,PayPal
4812,2722,2024-12-15,Completed,PayPal
4813,2709,2024-05-26,Completed,Card
4814,123,2024-11-30,Cancelled,Card
4815,2701,2025-06-15,Completed,PayPal
4816,3254,2025-07-07,Completed,PayPal
4817,3062,2025-02-10,Completed,Card
4818,3962,2024-12-09,Completed,Card
4819,789,2025-10-13,Completed,Card
4820,257,2025-06-04,Completed,Card
4821,4026,2025-08-13,Completed,Bank Transfer
4822,3655,2025-10-21,Completed,Card
4823,3252,2025-12-05,Completed,Card
4824,3590,2024-05-15,Cancelled,PayPal
4825,4776,2024-02-08,Completed,Card
4826,608,2024-11-15,Completed,Card
4827,4427,2024-10-13,Completed,Card
4828,3928,2025-04-07,Completed,Card
4829,2153,2025-10-23,Completed,Card
4830,547,2024-12-17,Completed,PayPal
4831,4889,2024-01-05,Completed,Bank Transfer
4832,1905,2024-08-23,Completed,Card
4833,1683,2024-08-23,Completed,PayPal
4834,489,2025-05-15,Completed,Card
4835,1823,2024-04-14,Completed,Card
4836,3122,2024-07-25,Completed,Card
4837,3775,2024-08-26,Completed,PayPal
4838,3073,2024-02-21,Completed,Card
4839,3453,2024-04-17,Completed,Card
4840,650,2024-12-22,Completed,Bank Transfer
4841,648,2024-02-02,Completed,Card
4842,381,2024-01-22,Completed,Card
4843,2067,2024-11-02,Completed,Card
4844,1864,2024-01-11,Completed,PayPal
4845,2291,2025-09-30,Completed,Bank Transfer
4846,4225,2025-03-17,Completed,PayPal
4847,1200,2025-07-15,Returned,Card
4848,4505,2024-07-16,Cancelled,Card
4849,4888,2025-06-12,Completed,Card
4850,2991,2024-02-13,Completed,Card
4851,1108,2024-07-03,Completed,Card
4852,3448,2025-01-23,Completed,Card
4853,222,2025-07-04,Completed,Card
4854,1440,2025-05-21,Completed,Card
4855,618,2025-03-17,Completed,Card
4856,2571,2025-05-10,Completed,Card
4857,2756,2025-05-19,Completed,Card
4858,2791,2024-05-16,Completed,Bank Transfer
4859,3943,2024-10-05,Completed,PayPal
4860,3310,2024-06-12,Completed,Card
4861,4055,2025-06-26,Completed,Card
4862,225,2024-01-23,Cancelled,Card
4863,2242,2025-12-11,Returned,Card
4864,4153,2025-05-21,Completed,Card
4865,3697,2025-11-16,Completed,PayPal
4866,3351,2025-05-24,Completed,Card
4867,3828,2025-07-23,Completed,Card
4868,1404,2025-12-08,Completed,Card
4869,4213,2025-08-22,Completed,Card
4870,410,2025-03-19,Completed,Card
4871,1917,2024-05-21,Completed,PayPal
4872,3439,2024-10-07,Completed,Bank Transfer
4873,4068,2024-07-25,Completed,Card
4874,2860,2025-11-14,Completed,PayPal
4875,1984,2024-10-28,Completed,Card
4876,2052,2025-01-31,Cancelled,Card
4877,3702,2024-11-13,Completed,Card
4878,23,2024-02-17,Completed,Card
4879,2969,2025-11-03,Completed,Card
4880,745,2025-11-07,Completed,Card
4881,602,2025-01-24,Completed,Card
4882,3036,2025-01-13,Completed,Card
4883,1843,2024-08-04,Completed,Card
4884,2675,2025-09-20,Completed,PayPal
4885,4177,2024-09-07,Cancelled,Card
4886,2663,2025-03-09,Completed,Card
4887,483,2025-08-07,Completed,Bank Transfer
4888,4037,2024-10-10,Completed,Card
4889,2640,2025-04-27,Completed,Bank Transfer
4890,3312,2025-12-07,Completed,Card
4891,4129,2024-09-23,Completed,Card
4892,4376,2025-08-21,Completed,PayPal
4893,3826,2024-09-02,Completed,Bank Transfer
4894,2200,2024-06-06,Completed,Card
4895,1683,2024-12-22,Completed,PayPal
4896,4797,2025-07-01,Cancelled,Card
4897,3609,2024-08-23,Completed,PayPal
4898,1019,2025-04-04,Completed,Card
4899,4761,2024-04-09,Completed,PayPal
4900,2971,2024-04-28,Completed,Card
4901,1312,2024-12-19,Completed,Bank Transfer
4902,1419,2025-12-08,Completed,Card
4903,2501,2024-03-28,Returned,Card
4904,2668,2024-02-05,Completed,Bank Transfer
4905,1387,2024-11-09,Completed,Card
4906,1145,2025-06-23,Completed,Card
4907,2064,2025-07-04,Completed,Card
4908,4835,2024-11-17,Completed,Card
4909,1547,2025-03-02,Cancelled,Card
4910,2146,2025-05-31,Completed,Card
4911,2164,2025-10-14,Completed,PayPal
4912,3013,2024-01-09,Completed,Card
4913,4445,2024-12-24,Cancelled,Card
4914,4328,2025-04-22,Completed,PayPal
4915,3183,2024-02-26,Completed,Card
4916,3424,2024-10-09,Completed,Card
4917,4002,2025-03-20,Completed,PayPal
4918,3560,2025-04-05,Completed,Card
4919,1557,2025-05-04,Completed,Card
4920,2687,2024-12-24,Completed,PayPal
4921,2333,2025-11-20,Completed,Card
4922,1657,2025-08-16,Completed,Bank Transfer
4923,545,2025-08-19,Completed,Card
4924,392,2024-03-05,Completed,Card
4925,1989,2025-03-04,Completed,Card
4926,4086,2025-04-01,Completed,Card
4927,297,2024-05-15,Completed,PayPal
4928,1087,2025-08-28,Completed,PayPal
4929,4366,2024-02-17,Completed,Card
4930,3262,2025-09-03,Completed,PayPal
4931,4606,2024-07-12,Completed,Bank Transfer
4932,1117,2024-04-26,Completed,PayPal
4933,1077,2024-06-12,Completed,Card
4934,496,2025-04-23,Completed,Card
4935,2996,2024-10-13,Completed,Bank Transfer
4936,94,2025-06-19,Completed,PayPal
4937,4721,2025-05-08,Completed,Card
4938,4325,2025-02-08,Completed,Card
4939,721,2024-04-05,Completed,Card
4940,4363,2025-05-11,Completed,PayPal
4941,4377,2024-09-10,Completed,Card
4942,4027,2025-02-17,Completed,Bank Transfer
4943,4056,2025-09-24,Returned,PayPal
4944,1107,2025-08-06,Completed,Card
4945,3933,2025-01-05,Completed,PayPal
4946,3723,2025-07-29,Completed,Card
4947,1372,2024-08-30,Completed,PayPal
4948,423,2025-09-30,Completed,Card
4949,2006,2025-01-07,Completed,Card
4950,4550,2024-02-08,Returned,Card
4951,4603,2024-12-18,Completed,Card
4952,4412,2025-03-01,Completed,Card
4953,764,2024-03-17,Completed,PayPal
4954,3369,2025-05-24,Completed,Card
4955,898,2025-05-31,Completed,PayPal
4956,953,2024-05-19,Completed,Card
4957,2923,2024-09-08,Completed,Card
4958,4480,2025-10-30,Completed,PayPal
4959,3198,2024-11-12,Cancelled,Card
4960,4199,2025-02-23,Completed,Card
4961,900,2024-03-15,Completed,PayPal
4962,4024,2024-01-29,Cancelled,Card
4963,4206,2024-02-10,Completed,PayPal
4964,3642,2025-06-24,Completed,Card
4965,3544,2025-05-06,Completed,PayPal
4966,3642,2024-04-09,Completed,Card
4967,4766,2024-11-15,Completed,Card
4968,3091,2025-07-23,Completed,Card
4969,4480,2025-12-23,Completed,PayPal
4970,762,2025-10-11,Completed,PayPal
4971,2408,2025-06-06,Completed,Card
4972,886,2024-07-07,Completed,Bank Transfer
4973,2644,2025-03-25,Completed,Bank Transfer
4974,3244,2024-04-03,Completed,Card
4975,1236,2024-06-29,Completed,Card
4976,2934,2024-11-16,Completed,Card
4977,1469,2024-10-09,Completed,Bank Transfer
4978,10,2025-01-25,Completed,PayPal
4979,792,2024-11-16,Completed,Bank Transfer
4980,1663,2025-07-23,Cancelled,Card
4981,744,2024-01-25,Completed,Bank Transfer
4982,2429,2024-09-16,Cancelled,PayPal
4983,3494,2025-05-11,Completed,Card
4984,4547,2024-07-31,Completed,Card
4985,1117,2024-04-24,Completed,PayPal
4986,2442,2025-03-27,Completed,Card
4987,1355,2025-11-30,Completed,PayPal
4988,2481,2025-10-09,Completed,PayPal
4989,3002,2025-05-04,Completed,Card
4990,1187,2025-08-24,Completed,Card
4991,4088,2025-06-11,Completed,PayPal
4992,2832,2025-10-20,Completed,Bank Transfer
4993,3662,2025-01-19,Cancelled,Card
4994,1749,2025-09-04,Completed,PayPal
4995,2864,2025-02-21,Completed,Card
4996,1115,2024-08-06,Completed,Card
4997,3265,2025-07-10,Completed,PayPal
4998,3091,2024-03-03,Completed,Card
4999,1064,2024-12-15,Completed,Card
5000,3749,2025-01-24,Completed,Card
5001,4546,2025-01-11,Completed,Card
5002,2733,2024-03-06,Completed,PayPal
5003,1873,2024-04-28,Completed,Bank Transfer
5004,4721,2024-01-08,Completed,Card
5005,1970,2025-12-07,Completed,Card
5006,885,2024-01-27,Completed,Bank Transfer
5007,3964,2024-10-16,Returned,Card
5008,3679,2024-01-28,Completed,PayPal
5009,319,2024-06-07,Completed,Bank Transfer
5010,3817,2024-05-24,Completed,Bank Transfer
5011,3718,2025-04-11,Completed,Card
5012,3196,2024-04-17,Completed,Card
5013,1375,2025-03-14,Completed,PayPal
5014,488,2024-07-21,Completed,Card
5015,451,2024-10-27,Completed,PayPal
5016,353,2025-03-13,Completed,Card
5017,1941,2024-01-11,Completed,Card
5018,2368,2025-08-29,Completed,Card
5019,3237,2025-10-03,Returned,Card
5020,248,2024-04-12,Completed,Card
5021,3504,2025-04-30,Completed,Card
5022,568,2024-04-19,Completed,PayPal
5023,684,2025-10-04,Completed,PayPal
5024,644,2025-12-03,Completed,Card
5025,479,2024-04-02,Cancelled,PayPal
5026,2761,2025-12-18,Completed,Card
5027,4464,2025-06-24,Completed,Card
5028,4453,2025-11-29,Completed,Card
5029,1369,2025-05-21,Completed,Card
5030,2227,2024-06-25,Completed,Card
5031,3497,2025-03-14,Completed,Card
5032,3613,2025-10-29,Completed,Card
5033,4008,2025-12-11,Completed,PayPal
5034,1843,2025-05-25,Completed,Card
5035,3378,2024-04-18,Completed,Card
5036,2415,2024-03-12,Completed,Bank Transfer
5037,1060,2025-05-03,Completed,Bank Transfer
5038,1645,2024-10-07,Completed,Card
5039,4924,2024-08-01,Completed,PayPal
5040,1812,2025-04-01,Completed,Card
5041,2194,2025-08-09,Completed,Card
5042,2428,2025-02-21,Completed,PayPal
5043,168,2025-05-24,Completed,Card
5044,4183,2025-10-23,Completed,PayPal
5045,154,2024-11-18,Completed,PayPal
5046,2545,2024-06-26,Completed,Card
5047,3869,2025-11-18,Completed,Card
5048,315,2024-04-13,Completed,Card
5049,723,2024-04-28,Cancelled,Card
5050,3632,2025-12-12,Completed,Card
5051,3346,2025-08-04,Completed,Card
5052,2812,2024-02-26,Completed,Card
5053,2310,2025-02-12,Cancelled,Card
5054,2502,2025-07-31,Completed,PayPal
5055,3334,2024-02-27,Completed,Card
5056,2024,2024-04-26,Cancelled,PayPal
5057,350,2025-02-28,Completed,Card
5058,824,2024-01-21,Completed,PayPal
5059,438,2024-03-19,Returned,Card
5060,169,2025-07-12,Completed,Card
5061,3820,2025-11-13,Completed,Card
5062,3415,2025-08-18,Completed,Card
5063,3302,2024-04-17,Completed,Card
5064,4119,2024-09-27,Completed,PayPal
5065,3036,2025-11-18,Completed,Card
5066,4377,2025-04-20,Completed,PayPal
5067,3591,2024-03-10,Completed,Card
5068,2770,2025-01-21,Completed,Bank Transfer
5069,2301,2024-06-14,Completed,PayPal
5070,4500,2024-02-27,Completed,Card
5071,2181,2025-03-26,Completed,Card
5072,3346,2024-09-01,Completed,PayPal
5073,2666,2024-02-14,Completed,PayPal
5074,232,2025-11-14,Cancelled,Card
5075,2593,2025-01-17,Completed,Card
5076,4175,2025-07-31,Completed,Card
5077,1059,2025-12-01,Completed,Card
5078,2543,2024-03-11,Completed,Card
5079,1134,2025-07-01,Completed,PayPal
5080,3647,2024-08-26,Cancelled,Bank Transfer
5081,2376,2025-08-02,Completed,Bank Transfer
5082,3881,2024-04-17,Completed,Bank Transfer
5083,2738,2024-07-26,Completed,PayPal
5084,2432,2025-12-22,Completed,Card
5085,1388,2024-10-28,Completed,Card
5086,3304,2025-03-05,Completed,PayPal
5087,1438,2024-12-13,Completed,Card
5088,3366,2024-04-16,Completed,PayPal
5089,4643,2025-06-11,Completed,Card
5090,1730,2025-02-09,Cancelled,PayPal
5091,2440,2024-09-12,Completed,Card
5092,3174,2024-10-27,Completed,PayPal
5093,3908,2024-05-24,Completed,Bank Transfer
5094,1317,2025-11-06,Completed,Bank Transfer
5095,685,2025-06-07,Completed,Card
5096,2589,2025-07-15,Completed,Card
5097,3544,2024-12-25,Completed,PayPal
5098,3088,2025-06-07,Completed,PayPal
5099,1676,2025-04-28,Completed,Card
5100,2114,2024-07-08,Completed,Bank Transfer
5101,958,2024-10-22,Completed,Card
5102,3544,2024-04-02,Completed,Card
5103,3095,2024-05-09,Completed,PayPal
5104,4798,2025-04-28,Returned,Card
5105,2808,2025-02-12,Cancelled,Card
5106,821,2024-12-06,Completed,Card
5107,888,2024-08-01,Completed,Card
5108,3729,2024-11-25,Completed,Bank Transfer
5109,3994,2024-06-23,Completed,Card
5110,3085,2025-03-19,Completed,Card
5111,876,2024-07-19,Completed,Card
5112,4262,2025-09-08,Completed,Bank Transfer
5113,3997,2024-04-07,Completed,Card
5114,557,2024-04-12,Completed,Card
5115,2215,2025-07-06,Completed,Card
5116,709,2024-05-30,Completed,Card
5117,718,2024-09-24,Returned,Card
5118,3666,2024-12-17,Completed,PayPal
5119,2145,2025-04-11,Completed,Card
5120,2020,2024-10-04,Completed,Card
5121,3780,2025-07-21,Completed,Card
5122,291,2024-01-16,Completed,PayPal
5123,2184,2025-03-31,Completed,Card
5124,3880,2024-06-27,Completed,Card
5125,2937,2024-05-13,Completed,Card
5126,2415,2024-09-14,Completed,Card
5127,2296,2024-03-02,Completed,Card
5128,2814,2025-04-26,Completed,PayPal
5129,1238,2025-04-21,Completed,PayPal
5130,2118,2025-09-26,Completed,Card
5131,4842,2024-02-11,Completed,Bank Transfer
5132,3044,2025-01-07,Completed,Card
5133,3088,2025-01-07,Completed,Card
5134,3559,2024-10-25,Completed,Card
5135,699,2024-02-21,Completed,Card
5136,2854,2025-01-13,Completed,Card
5137,3809,2024-11-07,Completed,Card
5138,4620,2025-08-01,Completed,Card
5139,1846,2024-02-28,Completed,Card
5140,4015,2024-10-30,Completed,Card
5141,3183,2024-02-04,Completed,PayPal
5142,464,2025-10-09,Completed,Card
5143,3861,2025-08-10,Completed,Card
5144,451,2025-05-07,Completed,PayPal
5145,1916,2025-05-05,Completed,PayPal
5146,924,2024-08-08,Completed,Card
5147,3623,2025-08-19,Completed,Card
5148,316,2024-05-02,Completed,Bank Transfer
5149,4767,2025-12-07,Cancelled,PayPal
5150,4794,2024-04-11,Completed,Bank Transfer
5151,1377,2025-05-29,Completed,PayPal
5152,2816,2024-11-08,Returned,Card
5153,1263,2025-05-20,Completed,Card
5154,1128,2025-05-08,Completed,Card
5155,2926,2025-10-21,Completed,Card
5156,1053,2024-07-17,Completed,PayPal
5157,4185,2025-09-24,Completed,Card
5158,2423,2025-11-11,Completed,Card
5159,3469,2025-05-27,Returned,PayPal
5160,4460,2024-11-25,Completed,Card
5161,4022,2025-09-12,Completed,Card
5162,4410,2024-11-22,Completed,PayPal
5163,548,2024-01-10,Completed,Bank Transfer
5164,4892,2024-05-06,Completed,Card
5165,3524,2025-10-30,Completed,PayPal
5166,1530,2024-08-18,Completed,Card
5167,107,2024-01-15,Completed,Card
5168,857,2025-05-01,Completed,PayPal
5169,2985,2025-03-17,Completed,PayPal
5170,4387,2025-07-11,Completed,Card
5171,4713,2024-09-30,Completed,PayPal
5172,1251,2025-09-09,Completed,Card
5173,1612,2024-01-03,Completed,Card
5174,1791,2024-11-21,Returned,PayPal
5175,868,2024-09-09,Completed,PayPal
5176,2770,2025-06-17,Returned,Card
5177,4254,2024-02-24,Completed,Card
5178,328,2025-03-23,Completed,Card
5179,3817,2024-10-23,Completed,Card
5180,3149,2025-09-13,Completed,Card
5181,3382,2025-01-07,Completed,Bank Transfer
5182,2375,2025-04-13,Completed,Card
5183,2556,2024-05-15,Completed,Card
5184,4966,2024-09-02,Returned,PayPal
5185,1131,2024-03-10,Completed,Card
5186,4337,2025-04-25,Completed,Bank Transfer
5187,2483,2025-06-13,Completed,Bank Transfer
5188,3100,2025-05-04,Completed,PayPal
5189,2752,2025-05-17,Completed,Card
5190,3321,2025-11-28,Completed,Card
5191,1557,2024-04-26,Completed,Card
5192,3544,2024-09-13,Completed,Card
5193,4509,2025-08-29,Completed,Bank Transfer
5194,569,2025-03-03,Completed,Card
5195,1655,2024-04-24,Completed,Card
5196,3237,2025-05-08,Completed,Card
5197,3120,2024-03-02,Completed,Card
5198,3734,2025-05-11,Cancelled,Card
5199,3230,2025-09-27,Completed,PayPal
5200,151,2024-03-20,Completed,PayPal
5201,2273,2025-10-20,Completed,Card
5202,4352,2025-04-29,Completed,Card
5203,2109,2024-01-22,Returned,PayPal
5204,1796,2025-08-17,Completed,Bank Transfer
5205,2428,2024-11-19,Completed,Card
5206,3515,2025-05-31,Completed,PayPal
5207,349,2024-09-17,Completed,PayPal
5208,2079,2024-05-08,Completed,Card
5209,397,2025-09-17,Completed,PayPal
5210,2977,2024-10-10,Completed,PayPal
5211,2610,2024-02-16,Completed,Bank Transfer
5212,1159,2024-07-06,Completed,Card
5213,146,2024-01-19,Completed,Card
5214,2227,2025-08-21,Completed,Card
5215,264,2025-10-15,Cancelled,PayPal
5216,4300,2024-01-08,Completed,PayPal
5217,3102,2024-02-06,Completed,PayPal
5218,2107,2025-08-20,Completed,Card
5219,3081,2024-03-12,Completed,Card
5220,988,2025-01-15,Completed,Card
5221,1348,2024-09-22,Completed,Card
5222,1361,2024-03-07,Completed,PayPal
5223,2839,2025-10-14,Cancelled,Card
5224,1727,2024-03-04,Completed,Card
5225,2290,2024-01-30,Completed,PayPal
5226,908,2025-07-10,Completed,Card
5227,1184,2025-10-07,Completed,PayPal
5228,2825,2024-01-16,Completed,PayPal
5229,1259,2024-10-04,Completed,Card
5230,199,2024-10-03,Completed,Card
5231,1057,2024-08-08,Completed,Card
5232,2456,2024-07-11,Cancelled,Card
5233,3366,2025-10-31,Completed,PayPal
5234,1261,2024-01-24,Completed,Card
5235,3979,2024-05-20,Completed,PayPal
5236,2836,2024-01-26,Completed,Bank Transfer
5237,1314,2024-04-07,Completed,Card
5238,1903,2024-10-02,Completed,Card
5239,3976,2025-07-26,Completed,Card
5240,578,2024-08-30,Completed,Bank Transfer
5241,4431,2025-03-08,Completed,Card
5242,1021,2024-01-09,Completed,PayPal
5243,3654,2024-09-28,Completed,Bank Transfer
5244,3845,2024-02-01,Completed,Card
5245,3574,2025-08-27,Completed,Card
5246,2294,2025-04-23,Completed,Card
5247,611,2024-05-07,Completed,Bank Transfer
5248,329,2024-01-17,Completed,Card
5249,547,2025-07-06,Cancelled,Card
5250,339,2025-04-17,Completed,Card
5251,3182,2024-10-27,Completed,Bank Transfer
5252,3042,2024-02-11,Completed,Card
5253,807,2024-02-21,Completed,Bank Transfer
5254,1034,2024-07-06,Returned,Bank Transfer
5255,3274,2024-05-30,Completed,Card
5256,3988,2024-08-31,Completed,Bank Transfer
5257,3334,2025-05-05,Completed,Card
5258,2741,2024-05-06,Completed,Card
5259,4526,2025-12-17,Completed,PayPal
5260,4902,2025-02-12,Completed,Card
5261,1697,2025-09-03,Completed,Bank Transfer
5262,3651,2024-12-09,Completed,PayPal
5263,2083,2025-08-13,Completed,PayPal
5264,1999,2025-11-25,Completed,Bank Transfer
5265,4653,2024-04-07,Completed,Card
5266,1686,2024-03-08,Completed,Card
5267,4587,2024-01-28,Completed,Card
5268,1604,2024-01-29,Completed,Card
5269,4350,2025-09-25,Completed,Card
5270,4113,2024-07-30,Completed,Card
5271,261,2025-11-18,Completed,PayPal
5272,3797,2025-09-08,Cancelled,Card
5273,2776,2025-04-24,Completed,PayPal
5274,501,2024-03-12,Completed,PayPal
5275,1016,2025-05-05,Completed,Card
5276,2334,2024-04-19,Completed,Card
5277,2055,2024-04-22,Completed,PayPal
5278,3964,2025-01-31,Completed,Card
5279,3675,2024-08-19,Completed,Card
5280,4056,2024-02-12,Completed,Card
5281,2707,2024-09-21,Completed,Card
5282,2100,2024-02-15,Completed,Card
5283,2566,2025-07-23,Completed,PayPal
5284,3018,2024-08-12,Completed,Card
5285,109,2025-10-13,Completed,Bank Transfer
5286,3423,2024-04-10,Completed,Card
5287,66,2024-10-07,Completed,Card
5288,3082,2024-08-25,Completed,Bank Transfer
5289,4298,2025-08-23,Completed,Card
5290,2949,2024-09-02,Completed,PayPal
5291,214,2025-11-21,Completed,PayPal
5292,4423,2024-04-08,Completed,Card
5293,1041,2025-12-27,Completed,Card
5294,4619,2024-07-18,Completed,Card
5295,988,2024-09-12,Completed,Card
5296,3196,2025-03-12,Completed,Card
5297,504,2025-05-08,Completed,Card
5298,756,2025-03-11,Completed,Card
5299,1342,2025-12-07,Cancelled,Card
5300,2589,2024-01-24,Completed,PayPal
5301,1382,2024-12-28,Completed,Card
5302,2988,2024-09-26,Completed,PayPal
5303,2845,2024-08-15,Completed,Bank Transfer
5304,2520,2024-05-07,Completed,Card
5305,3727,2025-06-26,Completed,Card
5306,1888,2024-02-27,Returned,Bank Transfer
5307,1324,2024-11-20,Completed,PayPal
5308,3810,2025-10-20,Completed,PayPal
5309,3748,2024-04-15,Completed,PayPal
5310,2132,2025-03-12,Completed,PayPal
5311,2425,2024-03-25,Completed,Bank Transfer
5312,3385,2024-01-02,Completed,Card
5313,2252,2025-03-12,Completed,Card
5314,1009,2025-03-26,Completed,PayPal
5315,1318,2025-07-18,Completed,PayPal
5316,3217,2025-03-16,Returned,Card
5317,4635,2024-08-09,Completed,PayPal
5318,17,2024-01-25,Completed,PayPal
5319,4671,2024-02-04,Completed,Card
5320,1803,2025-10-30,Completed,Card
5321,2624,2024-12-08,Completed,Card
5322,130,2024-12-31,Completed,Card
5323,1474,2025-10-18,Completed,Card
5324,950,2024-12-01,Completed,Card
5325,3997,2025-03-08,Completed,Card
5326,1069,2025-04-01,Completed,Card
5327,4312,2025-04-23,Completed,PayPal
5328,1624,2025-02-01,Completed,Card
5329,2896,2024-12-08,Completed,Card
5330,2737,2025-11-21,Completed,Card
5331,2313,2024-10-06,Completed,PayPal
5332,1947,2024-12-17,Completed,Card
5333,617,2024-07-15,Completed,PayPal
5334,1870,2024-08-12,Completed,Bank Transfer
5335,301,2024-02-16,Completed,PayPal
5336,985,2024-07-03,Completed,Bank Transfer
5337,3692,2024-06-10,Completed,Card
5338,4502,2025-10-04,Completed,Card
5339,3427,2024-10-21,Completed,Card
5340,161,2024-04-01,Completed,PayPal
5341,26,2025-08-09,Completed,Bank Transfer
5342,83,2025-10-11,Completed,Card
5343,173,2024-06-16,Completed,Card
5344,999,2024-09-14,Cancelled,PayPal
5345,3142,2025-07-10,Cancelled,Card
5346,2883,2024-11-04,Completed,Card
5347,4102,2025-10-10,Completed,Bank Transfer
5348,2844,2025-09-06,Completed,Card
5349,4621,2024-05-08,Completed,Card
5350,2111,2025-11-03,Completed,Card
5351,3085,2025-07-03,Completed,PayPal
5352,2046,2025-07-22,Completed,Card
5353,761,2024-06-09,Completed,Card
5354,205,2024-06-24,Completed,Card
5355,4993,2024-10-14,Completed,Card
5356,3103,2025-02-08,Returned,Card
5357,2036,2025-10-18,Completed,PayPal
5358,1553,2025-08-02,Completed,Card
5359,4973,2024-12-05,Completed,PayPal
5360,825,2024-09-24,Completed,Card
5361,2957,2024-08-05,Completed,Bank Transfer
5362,3749,2024-06-12,Completed,PayPal
5363,2446,2025-11-21,Completed,Card
5364,3897,2025-01-25,Completed,Card
5365,839,2025-02-20,Cancelled,Card
5366,4696,2024-02-17,Completed,Card
5367,3684,2024-07-12,Completed,Bank Transfer
5368,1962,2025-12-18,Completed,Card
5369,938,2024-03-24,Completed,Card
5370,2932,2025-09-04,Completed,Card
5371,425,2025-10-28,Completed,Bank Transfer
5372,3311,2024-02-16,Completed,Card
5373,3052,2024-08-21,Completed,Card
5374,2906,2024-10-25,Completed,Bank Transfer
5375,2138,2024-05-26,Completed,PayPal
5376,4047,2024-07-14,Completed,Bank Transfer
5377,3211,2024-01-22,Completed,Card
5378,2695,2024-07-12,Cancelled,PayPal
5379,3596,2025-01-20,Completed,PayPal
5380,1268,2024-12-29,Completed,Card
5381,3577,2024-09-30,Completed,Card
5382,422,2025-01-18,Completed,Card
5383,3267,2024-07-26,Completed,Card
5384,1658,2024-10-01,Completed,Card
5385,2101,2025-12-29,Completed,Card
5386,3940,2025-05-10,Completed,PayPal
5387,685,2025-06-22,Completed,PayPal
5388,2227,2025-06-10,Completed,PayPal
5389,4389,2024-06-07,Completed,Card
5390,2423,2025-12-26,Completed,Card
5391,1078,2025-04-04,Completed,Card
5392,3986,2025-01-28,Completed,Card
5393,3841,2025-03-14,Completed,Bank Transfer
5394,3317,2025-01-13,Completed,Card
5395,2844,2024-06-12,Completed,PayPal
5396,3440,2025-09-30,Completed,Card
5397,4112,2024-11-25,Cancelled,Card
5398,4272,2025-07-23,Completed,Card
5399,1904,2024-05-26,Completed,PayPal
5400,4225,2024-04-19,Completed,Card
5401,3295,2025-01-28,Completed,Card
5402,4980,2025-07-14,Completed,Card
5403,426,2024-06-30,Completed,PayPal
5404,2402,2025-07-26,Completed,Card
5405,750,2025-03-18,Completed,Card
5406,4840,2024-05-09,Completed,PayPal
5407,4575,2025-02-06,Completed,Card
5408,44,2025-05-19,Completed,PayPal
5409,1560,2025-12-20,Completed,Card
5410,4195,2025-10-15,Completed,Card
5411,3469,2024-01-22,Completed,Card
5412,3952,2024-01-17,Completed,Card
5413,4267,2025-09-25,Completed,Card
5414,148,2024-10-08,Cancelled,Card
5415,2171,2024-08-14,Completed,PayPal
5416,112,2025-02-23,Completed,PayPal
5417,4164,2025-01-07,Completed,PayPal
5418,828,2024-10-27,Completed,PayPal
5419,1753,2024-10-12,Completed,Card
5420,2940,2024-04-25,Completed,Card
5421,3729,2024-05-28,Completed,Bank Transfer
5422,3617,2025-02-07,Completed,PayPal
5423,3724,2025-11-12,Cancelled,Card
5424,2278,2024-03-30,Completed,PayPal
5425,160,2024-04-28,Completed,Card
5426,3366,2025-11-26,Completed,Card
5427,2234,2024-04-02,Completed,PayPal
5428,1014,2025-09-20,Completed,Bank Transfer
5429,4973,2025-03-22,Completed,Bank Transfer
5430,552,2024-11-07,Cancelled,Card
5431,1176,2024-11-13,Completed,PayPal
5432,1164,2024-04-30,Completed,Card
5433,1309,2024-11-12,Completed,Bank Transfer
5434,1493,2024-05-17,Completed,Bank Transfer
5435,1242,2025-10-21,Completed,PayPal
5436,4532,2024-10-10,Completed,Card
5437,4828,2025-10-15,Completed,Bank Transfer
5438,1778,2025-06-03,Completed,Card
5439,60,2025-05-19,Completed,Card
5440,1634,2025-01-25,Completed,Card
5441,2452,2024-01-05,Completed,PayPal
5442,336,2025-01-01,Completed,Card
5443,831,2025-05-06,Completed,PayPal
5444,1593,2025-04-10,Completed,Bank Transfer
5445,4381,2024-08-22,Completed,Card
5446,960,2024-12-27,Completed,Card
5447,4167,2025-06-05,Completed,PayPal
5448,1122,2024-08-29,Cancelled,Card
5449,2224,2025-03-17,Completed,Card
5450,3817,2024-07-06,Completed,PayPal
5451,4980,2025-02-07,Completed,Card
5452,1099,2025-03-02,Completed,Card
5453,143,2025-02-16,Completed,Card
5454,2979,2025-05-28,Completed,Card
5455,1047,2024-06-02,Completed,Card
5456,1069,2024-07-21,Completed,Card
5457,4188,2024-08-04,Completed,Card
5458,3341,2025-04-26,Returned,Card
5459,4774,2024-11-10,Completed,Card
5460,3436,2025-09-08,Completed,Card
5461,3780,2024-01-01,Completed,PayPal
5462,4478,2025-05-17,Cancelled,Card
5463,966,2024-10-04,Completed,Bank Transfer
5464,1180,2024-07-12,Completed,Bank Transfer
5465,2435,2024-09-04,Completed,Card
5466,501,2024-03-28,Completed,Card
5467,4555,2025-03-09,Completed,Card
5468,50,2025-02-23,Completed,Card
5469,970,2024-09-09,Completed,PayPal
5470,988,2025-03-04,Completed,Bank Transfer
5471,4628,2024-06-12,Completed,Card
5472,1116,2025-05-09,Cancelled,PayPal
5473,3933,2024-06-10,Cancelled,Bank Transfer
5474,1480,2025-05-21,Completed,Card
5475,4435,2024-09-21,Completed,PayPal
5476,3125,2024-04-19,Completed,Card
5477,3568,2025-12-19,Completed,Card
5478,1659,2024-11-14,Completed,PayPal
5479,1877,2024-05-11,Completed,Card
5480,2052,2024-05-12,Completed,Card
5481,4377,2025-01-28,Completed,Card
5482,2816,2025-09-11,Completed,Card
5483,971,2025-11-14,Cancelled,Card
5484,208,2025-07-05,Completed,Card
5485,260,2024-02-04,Completed,Card
5486,4359,2025-07-24,Completed,Card
5487,783,2025-12-05,Completed,Bank Transfer
5488,505,2025-12-22,Completed,PayPal
5489,1574,2025-01-06,Completed,Bank Transfer
5490,4299,2024-01-31,Completed,PayPal
5491,1760,2024-06-22,Completed,PayPal
5492,3795,2025-01-24,Completed,PayPal
5493,3591,2025-12-10,Completed,Card
5494,4141,2024-04-15,Completed,Card
5495,1402,2024-10-01,Completed,PayPal
5496,789,2024-04-05,Completed,Card
5497,3330,2025-11-12,Completed,Card
5498,2845,2024-01-30,Completed,PayPal
5499,3986,2024-06-09,Completed,Bank Transfer
5500,4013,2024-11-01,Cancelled,PayPal
5501,2093,2025-09-14,Completed,PayPal
5502,2968,2025-12-24,Completed,Card
5503,1070,2024-07-14,Cancelled,Card
5504,1676,2025-08-30,Completed,PayPal
5505,2613,2024-12-03,Completed,PayPal
5506,4397,2024-05-17,Completed,Card
5507,288,2025-03-22,Completed,PayPal
5508,786,2024-11-05,Completed,Card
5509,2317,2024-06-27,Completed,Bank Transfer
5510,2839,2024-12-02,Completed,PayPal
5511,3638,2024-08-21,Completed,Card
5512,2629,2024-09-05,Completed,Card
5513,1266,2024-05-11,Completed,Bank Transfer
5514,2984,2024-09-05,Completed,Card
5515,3016,2025-03-30,Completed,Card
5516,71,2025-05-13,Completed,Bank Transfer
5517,4931,2024-03-03,Completed,Card
5518,2461,2025-01-26,Completed,Card
5519,612,2024-09-13,Completed,PayPal
5520,3524,2024-09-04,Completed,PayPal
5521,3703,2024-09-20,Completed,PayPal
5522,2577,2025-04-11,Completed,PayPal
5523,191,2024-12-26,Completed,Bank Transfer
5524,1748,2025-01-27,Completed,Card
5525,2126,2024-06-27,Completed,Bank Transfer
5526,1629,2025-05-20,Completed,Card
5527,4985,2025-05-13,Returned,PayPal
5528,3373,2025-11-07,Completed,Card
5529,2997,2025-08-25,Completed,PayPal
5530,17,2025-12-04,Completed,PayPal
5531,4911,2024-10-18,Completed,Card
5532,1598,2025-08-10,Completed,Card
5533,1067,2024-04-08,Completed,Card
5534,3140,2025-08-29,Completed,Card
5535,3452,2024-06-29,Completed,PayPal
5536,2260,2025-02-06,Completed,PayPal
5537,2251,2025-10-27,Cancelled,Card
5538,2774,2025-01-08,Completed,PayPal
5539,4205,2025-09-15,Completed,Card
5540,284,2025-11-13,Completed,Card
5541,2989,2024-09-09,Completed,Card
5542,4833,2024-05-01,Cancelled,Card
5543,603,2025-03-17,Returned,Card
5544,1364,2025-12-17,Cancelled,Card
5545,3353,2024-09-01,Completed,PayPal
5546,4076,2025-09-30,Completed,Card
5547,4587,2025-05-05,Completed,PayPal
5548,801,2024-02-15,Completed,Card
5549,760,2025-03-27,Cancelled,Card
5550,1494,2024-10-22,Completed,PayPal
5551,4801,2024-05-20,Completed,PayPal
5552,3935,2025-09-24,Completed,PayPal
5553,815,2025-06-04,Completed,PayPal
5554,4899,2024-03-06,Completed,Card
5555,373,2025-04-27,Completed,Card
5556,2999,2024-11-04,Completed,Bank Transfer
5557,2892,2025-04-04,Completed,Card
5558,3792,2025-08-15,Completed,PayPal
5559,3320,2025-02-01,Completed,PayPal
5560,2190,2025-04-13,Completed,Card
5561,2450,2025-09-08,Completed,Card
5562,3968,2025-01-26,Completed,Card
5563,823,2024-04-06,Cancelled,PayPal
5564,222,2024-07-08,Completed,Bank Transfer
5565,3938,2024-07-13,Completed,Card
5566,1388,2024-11-29,Cancelled,Card
5567,3889,2024-03-23,Completed,Card
5568,2161,2024-09-07,Completed,Card
5569,3271,2024-03-10,Completed,Card
5570,1926,2024-10-18,Completed,Card
5571,4694,2024-12-05,Completed,Card
5572,2952,2025-01-19,Completed,Card
5573,4581,2025-11-30,Returned,Card
5574,3994,2025-04-02,Completed,Card
5575,2599,2024-05-20,Cancelled,Bank Transfer
5576,1667,2024-05-19,Completed,Card
5577,3082,2024-03-15,Completed,PayPal
5578,3886,2024-04-09,Completed,PayPal
5579,4758,2025-10-18,Cancelled,Card
5580,2115,2024-06-23,Completed,Bank Transfer
5581,2753,2024-11-18,Completed,PayPal
5582,3169,2025-04-21,Completed,Card
5583,1555,2024-01-10,Completed,Card
5584,1081,2024-02-15,Completed,Card
5585,3935,2025-09-20,Completed,Bank Transfer
5586,88,2025-05-30,Completed,Card
5587,2701,2024-11-08,Completed,Card
5588,2704,2024-08-25,Returned,Card
5589,2960,2024-01-31,Completed,Card
5590,2419,2025-05-24,Completed,PayPal
5591,2423,2024-05-09,Completed,PayPal
5592,4148,2025-01-19,Completed,Card
5593,1748,2025-08-15,Completed,Card
5594,41,2024-01-25,Completed,PayPal
5595,2139,2024-09-17,Completed,PayPal
5596,39,2025-07-13,Completed,Card
5597,3085,2025-02-01,Completed,PayPal
5598,3680,2025-07-17,Completed,PayPal
5599,2152,2024-11-25,Completed,PayPal
5600,3938,2024-05-28,Completed,Card
5601,2091,2025-02-12,Completed,Card
5602,209,2025-09-02,Completed,PayPal
5603,600,2025-08-01,Completed,PayPal
5604,605,2025-12-22,Completed,Bank Transfer
5605,2524,2024-04-28,Completed,Card
5606,3710,2025-03-09,Completed,PayPal
5607,2157,2024-08-15,Completed,PayPal
5608,214,2025-09-06,Completed,Card
5609,1577,2024-08-27,Completed,Card
5610,2819,2024-08-19,Completed,Bank Transfer
5611,2125,2024-10-16,Completed,Card
5612,269,2024-06-02,Completed,Card
5613,2409,2025-11-12,Completed,PayPal
5614,2578,2024-06-07,Completed,Card
5615,4779,2025-09-16,Completed,PayPal
5616,4258,2025-07-16,Completed,Card
5617,4561,2025-04-20,Completed,Card
5618,823,2025-07-01,Completed,Card
5619,3636,2024-01-13,Completed,PayPal
5620,2596,2025-05-21,Completed,PayPal
5621,3954,2024-08-05,Completed,PayPal
5622,3832,2025-12-20,Completed,Card
5623,2100,2024-08-09,Completed,Card
5624,4584,2024-10-14,Cancelled,Card
5625,3603,2025-06-07,Completed,Card
5626,3468,2025-05-01,Completed,Bank Transfer
5627,651,2025-11-29,Completed,Card
5628,1635,2025-11-11,Cancelled,PayPal
5629,4815,2024-11-19,Completed,Card
5630,1168,2025-09-09,Completed,Bank Transfer
5631,4077,2024-06-24,Completed,Card
5632,199,2024-02-10,Completed,PayPal
5633,1356,2024-11-20,Completed,PayPal
5634,3506,2024-09-23,Completed,PayPal
5635,803,2025-01-27,Completed,Card
5636,701,2024-04-22,Completed,PayPal
5637,503,2024-10-10,Completed,PayPal
5638,4565,2024-07-21,Completed,PayPal
5639,2414,2024-05-23,Completed,Bank Transfer
5640,4720,2024-08-30,Completed,Card
5641,2968,2024-02-04,Completed,Card
5642,2871,2024-02-22,Completed,PayPal
5643,4759,2025-05-17,Completed,Card
5644,4847,2024-12-21,Completed,PayPal
5645,3468,2024-05-29,Completed,Card
5646,1419,2025-03-12,Completed,Card
5647,1099,2025-03-25,Completed,PayPal
5648,3170,2025-06-08,Completed,Card
5649,383,2024-09-23,Completed,PayPal
5650,3941,2025-08-31,Completed,Card
5651,1394,2024-03-26,Completed,PayPal
5652,3328,2024-11-04,Completed,Card
5653,1653,2024-09-21,Completed,PayPal
5654,4272,2025-05-06,Completed,Bank Transfer
5655,4324,2025-08-05,Completed,Card
5656,2395,2024-01-17,Completed,Card
5657,2039,2024-07-07,Completed,Card
5658,1986,2025-06-05,Completed,Bank Transfer
5659,1263,2024-06-14,Completed,Card
5660,1712,2025-07-04,Completed,Card
5661,350,2024-12-10,Completed,Card
5662,4027,2024-08-06,Completed,Card
5663,441,2024-04-03,Completed,Card
5664,2809,2024-06-06,Completed,Card
5665,2563,2024-02-03,Completed,Card
5666,3153,2025-02-19,Completed,Card
5667,1385,2025-05-20,Completed,PayPal
5668,288,2025-05-04,Completed,PayPal
5669,2056,2025-06-07,Completed,Card
5670,998,2024-08-20,Completed,PayPal
5671,2334,2025-08-21,Completed,Card
5672,1423,2025-08-27,Completed,Card
5673,74,2024-04-16,Completed,Card
5674,1463,2024-07-11,Completed,Card
5675,3195,2025-04-12,Completed,Card
5676,2206,2025-06-05,Completed,Bank Transfer
5677,430,2025-09-28,Completed,PayPal
5678,1472,2024-10-05,Completed,Card
5679,3482,2024-05-07,Completed,PayPal
5680,3181,2024-12-06,Completed,PayPal
5681,4942,2025-11-27,Completed,Card
5682,1731,2024-02-28,Completed,Card
5683,36,2024-06-30,Completed,PayPal
5684,1021,2025-08-08,Completed,Card
5685,1998,2025-05-28,Cancelled,Bank Transfer
5686,2761,2024-08-30,Completed,Card
5687,3118,2024-08-15,Completed,PayPal
5688,2536,2025-07-13,Completed,PayPal
5689,4715,2025-06-01,Completed,Card
5690,4266,2025-07-08,Cancelled,Card
5691,146,2024-05-24,Cancelled,Card
5692,4964,2024-05-06,Completed,PayPal
5693,4516,2024-11-30,Completed,Card
5694,4669,2025-02-11,Completed,Card
5695,1027,2024-04-30,Completed,Card
5696,3666,2025-12-01,Completed,Card
5697,1287,2024-10-11,Completed,Card
5698,2847,2024-08-29,Completed,PayPal
5699,321,2024-03-18,Completed,Card
5700,4096,2025-07-23,Completed,Card
5701,2294,2025-03-25,Completed,Card
5702,1613,2025-04-14,Completed,Card
5703,477,2024-06-29,Completed,Card
5704,3165,2025-08-04,Completed,Card
5705,1827,2024-09-21,Completed,Card
5706,783,2025-12-16,Completed,PayPal
5707,4629,2025-11-12,Cancelled,Card
5708,1948,2024-10-21,Completed,PayPal
5709,3332,2024-09-03,Cancelled,PayPal
5710,4675,2025-02-27,Completed,Card
5711,1594,2024-02-28,Completed,Card
5712,1748,2025-04-02,Completed,Card
5713,2034,2024-01-11,Completed,Bank Transfer
5714,257,2024-12-12,Returned,Card
5715,2992,2024-01-05,Completed,PayPal
5716,1418,2025-12-17,Completed,Card
5717,4978,2025-01-04,Completed,PayPal
5718,4115,2025-04-02,Completed,Card
5719,110,2024-09-01,Completed,PayPal
5720,2553,2024-09-05,Completed,Card
5721,1058,2025-03-10,Completed,Card
5722,4351,2025-02-23,Completed,Card
5723,4734,2024-04-14,Completed,Card
5724,2043,2024-08-29,Completed,PayPal
5725,2182,2024-09-28,Completed,Card
5726,4493,2025-06-02,Completed,Card
5727,3559,2025-12-29,Completed,Card
5728,1622,2024-02-13,Completed,Card
5729,3659,2024-01-26,Completed,Bank Transfer
5730,2695,2024-06-29,Completed,Card
5731,3885,2025-08-26,Cancelled,Card
5732,4781,2025-03-03,Completed,Card
5733,3285,2024-09-24,Completed,Card
5734,2167,2025-08-02,Completed,Bank Transfer
5735,3887,2024-05-30,Completed,Card
5736,4398,2025-09-07,Completed,PayPal
5737,4323,2025-08-22,Cancelled,PayPal
5738,4452,2024-04-04,Completed,Card
5739,4797,2025-01-16,Completed,PayPal
5740,3393,2025-05-29,Completed,PayPal
5741,2271,2025-12-20,Cancelled,Card
5742,3712,2025-09-05,Completed,Card
5743,1587,2025-11-19,Completed,Card
5744,1215,2025-03-03,Cancelled,PayPal
5745,1646,2025-02-28,Completed,Card
5746,1351,2024-07-17,Completed,Bank Transfer
5747,3199,2024-01-08,Completed,PayPal
5748,365,2024-11-22,Completed,Card
5749,3940,2025-11-20,Completed,PayPal
5750,4615,2025-08-16,Completed,PayPal
5751,3200,2025-09-15,Completed,Card
5752,1627,2024-01-21,Completed,Card
5753,3202,2025-06-29,Completed,Bank Transfer
5754,1646,2024-09-11,Completed,PayPal
5755,982,2025-03-08,Completed,Bank Transfer
5756,2396,2025-05-19,Completed,Card
5757,2037,2024-01-27,Completed,PayPal
5758,3553,2025-06-03,Completed,PayPal
5759,922,2025-06-13,Completed,Card
5760,3747,2025-05-14,Completed,PayPal
5761,3659,2024-08-20,Returned,Card
5762,3783,2025-01-30,Completed,Card
5763,3996,2024-11-02,Cancelled,Card
5764,4457,2025-05-24,Completed,Card
5765,4278,2025-12-03,Completed,PayPal
5766,1475,2025-02-27,Completed,Bank Transfer
5767,4659,2024-05-29,Completed,Card
5768,4410,2025-01-26,Completed,PayPal
5769,2069,2025-05-04,Completed,Card
5770,3768,2025-10-29,Completed,Card
5771,2853,2024-02-16,Completed,Bank Transfer
5772,403,2024-11-07,Completed,Bank Transfer
5773,1148,2024-05-18,Completed,Card
5774,613,2025-02-08,Completed,PayPal
5775,1877,2025-10-15,Completed,Card
5776,1614,2024-01-14,Completed,Card
5777,3018,2025-06-02,Completed,Card
5778,4789,2025-07-04,Completed,Card
5779,1735,2024-07-03,Completed,PayPal
5780,3549,2024-04-24,Completed,PayPal
5781,2920,2024-04-19,Completed,PayPal
5782,4936,2025-07-30,Cancelled,PayPal
5783,2151,2024-10-07,Completed,Card
5784,2381,2025-06-26,Completed,Card
5785,1811,2024-03-26,Completed,Card
5786,3202,2024-05-17,Completed,Card
5787,753,2025-04-10,Completed,PayPal
5788,2473,2024-03-17,Completed,Card
5789,1342,2024-05-16,Completed,Card
5790,505,2025-09-25,Completed,Card
5791,3483,2024-04-06,Completed,PayPal
5792,1970,2025-06-14,Cancelled,Card
5793,4050,2024-01-09,Cancelled,Bank Transfer
5794,4148,2024-03-23,Completed,Card
5795,3638,2024-02-16,Completed,Card
5796,2423,2025-05-26,Completed,Card
5797,4485,2025-03-05,Completed,Card
5798,674,2024-03-30,Completed,PayPal
5799,593,2025-05-27,Completed,Bank Transfer
5800,2780,2025-11-04,Completed,PayPal
5801,3669,2025-10-26,Completed,PayPal
5802,2553,2025-02-17,Completed,PayPal
5803,4179,2025-05-27,Completed,Card
5804,3139,2025-10-19,Completed,PayPal
5805,4510,2025-11-03,Completed,Card
5806,2501,2025-10-08,Completed,Card
5807,2794,2024-03-17,Completed,Card
5808,4294,2024-03-21,Completed,Card
5809,1713,2025-07-07,Completed,PayPal
5810,2346,2025-09-27,Completed,Card
5811,300,2024-07-20,Completed,Card
5812,4225,2025-03-22,Completed,Card
5813,1907,2024-04-16,Completed,Card
5814,2486,2024-10-18,Completed,Card
5815,207,2025-11-16,Completed,Bank Transfer
5816,294,2024-11-07,Completed,Card
5817,1874,2025-08-21,Completed,Card
5818,3759,2025-05-31,Completed,Card
5819,2089,2025-11-14,Completed,Card
5820,1773,2025-09-24,Completed,Card
5821,2864,2025-10-29,Completed,Card
5822,4722,2025-08-21,Completed,Card
5823,4374,2025-03-01,Completed,Card
5824,3427,2025-09-01,Completed,Card
5825,529,2025-02-18,Completed,Card
5826,2134,2024-05-14,Completed,Card
5827,1925,2025-06-02,Completed,Card
5828,4789,2024-12-29,Completed,PayPal
5829,1361,2025-01-18,Completed,Bank Transfer
5830,863,2024-02-01,Cancelled,Card
5831,3217,2025-06-23,Completed,Card
5832,2363,2025-05-01,Completed,PayPal
5833,4321,2024-12-30,Completed,Bank Transfer
5834,3495,2024-09-20,Completed,Card
5835,1968,2024-05-21,Completed,Card
5836,68,2024-01-30,Cancelled,Card
5837,1643,2024-05-09,Completed,Card
5838,1021,2024-03-10,Completed,Card
5839,3144,2024-04-28,Cancelled,Card
5840,1471,2024-11-22,Completed,Card
5841,1383,2024-03-10,Completed,Card
5842,2931,2024-07-26,Completed,PayPal
5843,1337,2024-03-31,Completed,PayPal
5844,3167,2024-04-29,Completed,Card
5845,1243,2024-07-25,Completed,PayPal
5846,1706,2025-02-09,Completed,Card
5847,3200,2025-06-30,Completed,Card
5848,2595,2024-05-03,Completed,PayPal
5849,3938,2024-04-21,Completed,PayPal
5850,1680,2024-07-25,Completed,PayPal
5851,1316,2025-09-05,Completed,Card
5852,4827,2025-01-20,Completed,Card
5853,568,2025-12-06,Completed,Card
5854,2705,2024-05-26,Completed,Card
5855,2452,2024-05-11,Cancelled,PayPal
5856,1749,2024-04-13,Completed,Card
5857,4692,2025-07-06,Completed,Card
5858,648,2025-07-21,Completed,Card
5859,2194,2024-08-29,Cancelled,PayPal
5860,2809,2025-09-30,Completed,Bank Transfer
5861,125,2025-10-23,Completed,Card
5862,1538,2024-11-26,Completed,PayPal
5863,4576,2024-05-28,Completed,PayPal
5864,4808,2024-06-17,Completed,PayPal
5865,1971,2025-07-10,Completed,Card
5866,2763,2024-03-24,Completed,Card
5867,1818,2025-06-03,Completed,PayPal
5868,815,2024-04-16,Completed,Card
5869,3102,2024-09-21,Completed,PayPal
5870,4152,2025-10-19,Completed,Card
5871,1655,2024-01-31,Completed,Card
5872,132,2025-06-30,Completed,PayPal
5873,231,2024-09-03,Cancelled,Card
5874,395,2025-06-13,Completed,PayPal
5875,3574,2024-01-24,Completed,PayPal
5876,982,2025-05-12,Completed,Card
5877,933,2024-10-30,Completed,Card
5878,1410,2025-02-01,Completed,Bank Transfer
5879,2956,2025-02-06,Completed,PayPal
5880,4629,2024-11-11,Completed,PayPal
5881,4651,2024-10-04,Completed,PayPal
5882,2742,2025-06-25,Completed,Card
5883,2939,2024-05-22,Completed,Card
5884,3421,2025-02-13,Completed,Card
5885,2505,2024-12-21,Completed,Card
5886,3034,2025-06-07,Completed,Bank Transfer
5887,3980,2024-07-21,Completed,Bank Transfer
5888,3824,2024-09-06,Completed,Card
5889,4481,2024-04-12,Completed,Card
5890,712,2025-04-12,Cancelled,PayPal
5891,2977,2024-02-04,Completed,Bank Transfer
5892,1472,2024-11-19,Returned,Card
5893,3700,2025-06-15,Completed,PayPal
5894,3187,2025-07-12,Completed,Card
5895,4750,2025-08-18,Completed,Card
5896,1143,2024-09-24,Completed,Bank Transfer
5897,3982,2024-02-22,Completed,Card
5898,2569,2024-01-18,Completed,Card
5899,1609,2024-04-13,Completed,Bank Transfer
5900,4634,2024-05-31,Completed,Card
5901,3823,2025-11-07,Completed,Card
5902,1898,2025-02-17,Completed,Bank Transfer
5903,2193,2024-03-24,Completed,Bank Transfer
5904,4073,2024-11-03,Completed,Card
5905,1092,2024-05-30,Cancelled,Card
5906,700,2025-07-02,Completed,Card
5907,4093,2025-01-13,Cancelled,Card
5908,1902,2025-04-02,Completed,Bank Transfer
5909,2179,2024-12-18,Completed,Card
5910,733,2025-10-25,Completed,Card
5911,513,2025-01-10,Completed,PayPal
5912,2688,2024-07-26,Returned,Card
5913,4097,2025-07-15,Completed,Bank Transfer
5914,3757,2025-04-04,Completed,PayPal
5915,432,2025-02-07,Returned,Card
5916,4495,2025-07-12,Completed,Card
5917,808,2025-06-13,Cancelled,Bank Transfer
5918,1280,2025-04-29,Completed,PayPal
5919,2222,2024-05-01,Completed,Bank Transfer
5920,855,2024-04-29,Completed,Card
5921,3213,2024-09-07,Completed,PayPal
5922,2587,2024-10-25,Completed,Card
5923,4841,2024-02-16,Completed,PayPal
5924,2769,2025-08-19,Completed,Card
5925,4339,2024-10-25,Completed,PayPal
5926,3341,2025-11-02,Completed,Card
5927,3229,2025-06-02,Completed,Card
5928,1620,2024-09-01,Completed,Card
5929,276,2025-12-27,Completed,Bank Transfer
5930,4104,2025-12-24,Completed,Card
5931,3864,2025-12-24,Completed,Bank Transfer
5932,715,2024-08-05,Completed,PayPal
5933,2081,2024-12-09,Completed,Card
5934,810,2024-11-09,Completed,Card
5935,3727,2025-11-23,Completed,PayPal
5936,3979,2025-08-26,Completed,Card
5937,862,2025-12-30,Completed,Card
5938,37,2024-10-16,Completed,Card
5939,3812,2025-08-24,Completed,Card
5940,2082,2024-07-15,Completed,Card
5941,455,2025-11-26,Completed,Card
5942,4540,2025-07-31,Completed,PayPal
5943,3309,2025-02-19,Completed,Bank Transfer
5944,4308,2025-09-01,Completed,Bank Transfer
5945,3212,2024-11-01,Completed,PayPal
5946,2656,2025-04-22,Cancelled,Card
5947,982,2025-06-19,Completed,Card
5948,4392,2024-08-07,Completed,Card
5949,152,2025-11-16,Completed,PayPal
5950,3295,2025-09-17,Completed,PayPal
5951,600,2024-12-19,Completed,Card
5952,1323,2024-08-22,Completed,Card
5953,1512,2024-11-01,Completed,Bank Transfer
5954,2259,2024-04-19,Completed,Card
5955,232,2024-11-09,Cancelled,Card
5956,2743,2024-01-13,Completed,Card
5957,4463,2025-09-28,Returned,Card
5958,4577,2024-06-15,Completed,Card
5959,572,2024-02-22,Completed,PayPal
5960,1203,2024-07-04,Completed,PayPal
5961,1508,2024-10-02,Completed,Card
5962,1613,2025-03-22,Completed,Card
5963,3567,2024-12-17,Completed,PayPal
5964,4041,2024-01-10,Completed,PayPal
5965,1571,2025-02-13,Completed,Card
5966,1040,2024-05-26,Completed,Card
5967,1426,2025-04-21,Completed,Card
5968,4082,2025-09-21,Completed,PayPal
5969,171,2025-03-03,Completed,Card
5970,189,2025-05-02,Completed,PayPal
5971,4882,2025-06-13,Completed,Card
5972,4679,2025-01-11,Completed,Card
5973,600,2024-04-21,Completed,Card
5974,4942,2025-08-06,Completed,Card
5975,4018,2025-10-17,Completed,PayPal
5976,3333,2025-09-07,Completed,Card
5977,3577,2024-08-02,Completed,Card
5978,2390,2025-05-24,Completed,Card
5979,954,2025-05-25,Completed,Card
5980,1626,2025-08-11,Completed,Card
5981,1871,2024-01-26,Completed,Card
5982,4262,2024-07-11,Completed,Card
5983,2025,2024-04-12,Completed,Card
5984,4330,2024-07-23,Completed,PayPal
5985,641,2025-02-14,Completed,Card
5986,1828,2024-02-20,Completed,PayPal
5987,4703,2024-05-10,Completed,PayPal
5988,540,2024-12-08,Completed,Card
5989,2366,2025-07-31,Completed,Card
5990,4439,2025-02-03,Completed,PayPal
5991,3502,2024-07-20,Cancelled,PayPal
5992,3948,2024-10-26,Completed,Card
5993,3027,2024-05-25,Completed,Card
5994,4733,2025-04-06,Completed,Card
5995,3538,2025-05-18,Completed,Bank Transfer
5996,4175,2025-09-07,Completed,PayPal
5997,2497,2024-05-30,Completed,Card
5998,4287,2025-09-21,Completed,Card
5999,4740,2024-11-11,Completed,Card
6000,2090,2024-07-17,Completed,Card
6001,3322,2025-03-04,Completed,Bank Transfer
6002,3582,2024-10-29,Completed,Card
6003,2550,2025-05-12,Completed,PayPal
6004,1217,2024-04-14,Completed,Card
6005,4886,2024-01-10,Completed,PayPal
6006,3979,2025-09-16,Completed,Card
6007,742,2024-01-27,Completed,PayPal
6008,4186,2025-09-02,Cancelled,Bank Transfer
6009,1715,2024-11-22,Completed,PayPal
6010,4045,2025-05-09,Completed,Card
6011,648,2025-10-09,Completed,Card
6012,2798,2024-05-06,Completed,Card
6013,819,2024-04-25,Completed,Card
6014,243,2024-06-19,Completed,Card
6015,4315,2024-07-30,Returned,Card
6016,4105,2024-07-07,Completed,Card
6017,4526,2025-05-04,Cancelled,Card
6018,3878,2025-01-21,Completed,Card
6019,13,2025-12-26,Completed,Card
6020,3018,2025-08-23,Completed,PayPal
6021,690,2024-05-09,Completed,PayPal
6022,3139,2024-01-23,Completed,Card
6023,3741,2024-06-27,Completed,PayPal
6024,677,2025-02-04,Completed,Card
6025,3575,2025-05-19,Returned,Card
6026,4304,2025-02-14,Completed,Card
6027,1324,2025-06-15,Completed,Card
6028,2866,2024-11-24,Completed,PayPal
6029,1003,2025-04-15,Completed,Card
6030,2503,2025-02-23,Completed,Card
6031,1766,2025-02-15,Completed,Card
6032,1554,2024-01-29,Completed,Card
6033,2292,2024-09-01,Completed,Card
6034,1986,2025-09-23,Completed,Card
6035,4867,2025-06-27,Completed,Card
6036,238,2025-10-13,Completed,Bank Transfer
6037,3318,2025-10-31,Completed,PayPal
6038,2393,2024-02-29,Completed,Card
6039,3556,2024-05-18,Completed,Card
6040,1585,2024-12-22,Completed,Card
6041,1308,2024-07-30,Completed,PayPal
6042,2086,2024-05-18,Returned,PayPal
6043,1820,2025-01-02,Completed,Card
6044,32,2025-09-14,Completed,Card
6045,292,2025-04-30,Completed,Card
6046,3687,2025-05-07,Completed,Card
6047,4388,2024-12-01,Completed,Card
6048,1643,2025-09-02,Completed,Card
6049,578,2024-06-26,Completed,Card
6050,3910,2025-05-27,Cancelled,Card
6051,1224,2025-08-23,Completed,Card
6052,4077,2024-04-22,Completed,Card
6053,2653,2024-10-09,Completed,PayPal
6054,447,2024-04-25,Completed,Card
6055,3420,2025-06-27,Completed,Card
6056,4374,2024-02-10,Completed,Card
6057,3042,2024-06-15,Completed,PayPal
6058,2580,2024-08-08,Completed,Card
6059,1423,2025-12-26,Returned,Card
6060,2610,2024-11-08,Completed,Card
6061,3082,2024-12-11,Completed,Card
6062,59,2025-04-15,Returned,PayPal
6063,3160,2024-05-10,Completed,PayPal
6064,459,2024-02-17,Completed,PayPal
6065,104,2024-05-13,Completed,Bank Transfer
6066,4927,2025-06-02,Completed,Card
6067,789,2025-07-09,Cancelled,Card
6068,742,2024-11-12,Completed,PayPal
6069,3407,2025-03-13,Completed,Card
6070,1573,2025-03-10,Completed,Card
6071,2702,2024-03-26,Completed,PayPal
6072,4651,2024-02-17,Completed,Card
6073,4724,2025-05-04,Completed,PayPal
6074,3413,2025-02-27,Completed,PayPal
6075,2977,2025-01-21,Completed,PayPal
6076,2135,2024-08-27,Completed,Card
6077,428,2025-10-25,Completed,PayPal
6078,1945,2025-03-26,Completed,Card
6079,1272,2024-09-14,Completed,Card
6080,4980,2024-02-13,Completed,Card
6081,4582,2024-06-16,Completed,PayPal
6082,4700,2024-07-09,Completed,Card
6083,412,2025-10-25,Completed,PayPal
6084,1932,2025-07-15,Completed,Card
6085,2496,2024-10-02,Completed,PayPal
6086,247,2025-01-03,Completed,PayPal
6087,2818,2024-11-01,Completed,Card
6088,2172,2025-08-29,Completed,Card
6089,3332,2024-04-14,Completed,PayPal
6090,2925,2025-02-24,Cancelled,Card
6091,2061,2024-12-14,Completed,Card
6092,3335,2025-10-11,Completed,PayPal
6093,4896,2024-11-14,Completed,Card
6094,945,2025-02-23,Completed,Card
6095,2248,2025-11-25,Completed,Card
6096,1263,2024-02-26,Completed,Card
6097,176,2024-08-27,Completed,PayPal
6098,1053,2025-03-02,Completed,Card
6099,2725,2025-09-08,Completed,PayPal
6100,2583,2025-07-30,Completed,PayPal
6101,1318,2024-05-19,Completed,Card
6102,4573,2024-03-02,Completed,PayPal
6103,3368,2024-05-31,Completed,Card
6104,1675,2024-05-09,Completed,Card
6105,334,2025-03-06,Completed,PayPal
6106,1265,2025-09-29,Completed,PayPal
6107,3178,2025-03-15,Completed,Card
6108,2946,2024-07-30,Completed,PayPal
6109,4781,2025-02-03,Cancelled,PayPal
6110,4657,2025-11-04,Completed,Card
6111,4219,2025-12-17,Completed,Card
6112,2666,2025-06-24,Completed,PayPal
6113,4936,2024-06-30,Completed,PayPal
6114,416,2024-02-20,Completed,Bank Transfer
6115,708,2025-06-09,Completed,Card
6116,2685,2024-12-15,Completed,Card
6117,3367,2024-02-27,Completed,Bank Transfer
6118,3504,2025-02-22,Completed,Bank Transfer
6119,4443,2024-05-16,Completed,Card
6120,2560,2025-10-01,Completed,Card
6121,4945,2024-02-06,Completed,Bank Transfer
6122,3972,2025-05-08,Completed,Card
6123,4631,2024-12-24,Completed,Bank Transfer
6124,2958,2024-03-25,Completed,Bank Transfer
6125,1730,2025-12-22,Completed,Bank Transfer
6126,1902,2025-10-12,Completed,Bank Transfer
6127,4760,2025-06-22,Completed,Card
6128,1042,2024-12-09,Completed,Card
6129,27,2024-06-19,Completed,Card
6130,2584,2025-11-20,Returned,Card
6131,1053,2024-01-20,Cancelled,Card
6132,1675,2024-10-29,Completed,PayPal
6133,3056,2024-07-15,Completed,PayPal
6134,1659,2024-11-22,Cancelled,Card
6135,4736,2025-07-29,Completed,Card
6136,3952,2025-07-09,Completed,Card
6137,3189,2024-01-12,Completed,PayPal
6138,1742,2024-12-26,Completed,Card
6139,4088,2024-10-22,Completed,Card
6140,4138,2025-02-06,Completed,Card
6141,3232,2025-03-13,Cancelled,Card
6142,1715,2025-01-09,Completed,PayPal
6143,3197,2025-10-14,Completed,Card
6144,3332,2025-11-23,Completed,Card
6145,3348,2025-05-14,Completed,Card
6146,1987,2025-03-01,Completed,Card
6147,3545,2025-10-26,Returned,PayPal
6148,702,2024-02-13,Cancelled,Bank Transfer
6149,1455,2024-04-18,Completed,PayPal
6150,3787,2024-04-07,Completed,Card
6151,2472,2025-03-20,Completed,PayPal
6152,4261,2024-03-21,Completed,PayPal
6153,3045,2024-08-05,Cancelled,PayPal
6154,3884,2024-05-28,Completed,Card
6155,2941,2024-03-16,Completed,PayPal
6156,1821,2025-08-14,Completed,Card
6157,2803,2025-07-17,Completed,PayPal
6158,3796,2024-03-03,Completed,Card
6159,2464,2025-08-18,Completed,Bank Transfer
6160,3372,2025-01-28,Completed,PayPal
6161,336,2025-05-17,Completed,PayPal
6162,1925,2025-01-01,Completed,PayPal
6163,4977,2025-04-22,Completed,Bank Transfer
6164,3861,2024-09-11,Completed,Card
6165,2789,2024-02-28,Completed,Card
6166,4126,2025-06-03,Completed,PayPal
6167,3607,2025-01-23,Completed,Card
6168,1541,2025-08-10,Completed,Card
6169,575,2025-03-01,Completed,Card
6170,221,2025-08-12,Completed,Card
6171,4923,2025-09-27,Completed,Card
6172,2014,2025-05-16,Completed,PayPal
6173,2642,2025-06-07,Completed,Card
6174,754,2024-10-06,Completed,Bank Transfer
6175,1021,2024-02-14,Completed,Card
6176,1489,2025-07-18,Completed,Card
6177,1962,2024-06-29,Completed,Card
6178,3484,2025-02-04,Completed,PayPal
6179,438,2025-01-08,Completed,Card
6180,479,2024-08-21,Completed,Bank Transfer
6181,783,2024-07-04,Completed,Bank Transfer
6182,4168,2024-03-15,Completed,PayPal
6183,4678,2025-12-10,Completed,Card
6184,220,2025-08-13,Completed,Card
6185,1028,2024-08-20,Completed,Card
6186,290,2024-06-16,Completed,Card
6187,380,2025-06-18,Completed,Card
6188,3974,2025-02-10,Completed,Card
6189,2852,2024-08-17,Completed,Card
6190,1379,2025-10-08,Completed,PayPal
6191,1959,2024-10-19,Completed,Card
6192,2128,2025-02-03,Completed,Bank Transfer
6193,66,2024-02-07,Completed,Card
6194,2184,2024-08-19,Completed,Card
6195,4495,2024-06-16,Completed,Card
6196,3775,2024-10-11,Completed,PayPal
6197,4443,2024-04-12,Completed,Card
6198,3920,2024-05-24,Completed,Card
6199,778,2025-10-21,Completed,Card
6200,2567,2024-12-31,Completed,PayPal
6201,1904,2024-06-01,Completed,Card
6202,2762,2025-02-25,Completed,Card
6203,3852,2024-11-14,Completed,PayPal
6204,79,2025-09-29,Completed,Card
6205,1582,2025-12-04,Completed,Bank Transfer
6206,2163,2025-04-29,Completed,Card
6207,986,2024-03-23,Completed,Card
6208,1486,2025-06-16,Completed,Card
6209,2621,2024-10-14,Completed,Card
6210,965,2025-05-03,Completed,Bank Transfer
6211,2548,2024-09-24,Completed,Card
6212,829,2025-09-24,Completed,Card
6213,3174,2025-09-14,Completed,Card
6214,2674,2024-03-19,Completed,Card
6215,1719,2025-01-10,Completed,Card
6216,2433,2025-08-19,Completed,Card
6217,1229,2025-08-14,Returned,Card
6218,2411,2024-05-30,Completed,Card
6219,3779,2025-12-30,Completed,Card
6220,1841,2024-01-15,Completed,Card
6221,498,2024-04-10,Cancelled,Card
6222,537,2025-01-22,Completed,PayPal
6223,3306,2024-02-04,Returned,Bank Transfer
6224,1165,2024-12-16,Completed,Card
6225,1972,2024-10-09,Completed,Card
6226,3528,2025-09-28,Completed,Card
6227,300,2025-11-03,Completed,PayPal
6228,2387,2025-06-08,Completed,PayPal
6229,4399,2024-06-13,Completed,PayPal
6230,3964,2025-03-03,Cancelled,Card
6231,4688,2024-09-14,Completed,Card
6232,4172,2025-03-18,Cancelled,PayPal
6233,3860,2025-09-17,Completed,Bank Transfer
6234,914,2024-04-29,Completed,Card
6235,4876,2024-03-09,Completed,Card
6236,3696,2024-09-30,Completed,Card
6237,921,2025-07-13,Completed,PayPal
6238,1524,2024-11-17,Completed,PayPal
6239,1750,2024-12-27,Completed,PayPal
6240,3618,2025-07-23,Cancelled,PayPal
6241,2701,2025-08-12,Completed,Bank Transfer
6242,1006,2025-05-13,Cancelled,Card
6243,1702,2024-07-22,Completed,Card
6244,3303,2025-05-20,Completed,Card
6245,804,2025-09-06,Completed,PayPal
6246,3367,2024-04-18,Completed,Card
6247,2893,2024-09-21,Completed,Card
6248,3499,2025-01-22,Completed,PayPal
6249,4968,2025-02-19,Completed,PayPal
6250,3163,2025-07-21,Completed,Card
6251,115,2024-11-07,Completed,Card
6252,3330,2024-09-08,Completed,PayPal
6253,4469,2025-08-06,Completed,Card
6254,4946,2025-10-14,Completed,PayPal
6255,2138,2025-01-22,Completed,PayPal
6256,4853,2025-11-22,Completed,Card
6257,31,2024-07-21,Completed,PayPal
6258,1806,2024-04-19,Completed,Card
6259,3570,2024-03-22,Completed,Card
6260,1437,2025-08-18,Completed,Card
6261,4786,2024-07-11,Completed,Card
6262,3429,2024-05-18,Completed,Card
6263,457,2024-08-08,Completed,Card
6264,449,2024-07-07,Completed,PayPal
6265,68,2024-12-05,Completed,PayPal
6266,4090,2025-04-22,Completed,PayPal
6267,1863,2025-02-25,Returned,PayPal
6268,1803,2024-07-15,Completed,Card
6269,4970,2025-08-08,Completed,PayPal
6270,4563,2024-07-16,Completed,Card
6271,3432,2024-11-19,Completed,Card
6272,128,2024-09-16,Completed,Card
6273,4829,2024-07-17,Completed,PayPal
6274,3826,2024-05-16,Completed,PayPal
6275,1268,2024-12-11,Completed,Card
6276,4011,2025-05-14,Completed,Card
6277,1043,2024-06-23,Completed,Bank Transfer
6278,3739,2025-05-03,Completed,PayPal
6279,368,2025-04-13,Completed,PayPal
6280,2605,2024-11-11,Completed,Card
6281,2641,2025-01-14,Completed,Card
6282,4908,2025-03-17,Completed,Card
6283,59,2024-05-12,Completed,Card
6284,4257,2024-01-27,Completed,Bank Transfer
6285,103,2024-09-13,Completed,Bank Transfer
6286,4942,2025-07-16,Completed,Card
6287,4508,2025-10-17,Completed,Card
6288,786,2024-12-21,Completed,Card
6289,4279,2024-08-23,Completed,Bank Transfer
6290,3946,2025-11-02,Completed,Card
6291,2447,2024-12-24,Completed,PayPal
6292,957,2024-09-27,Completed,PayPal
6293,2703,2025-10-27,Completed,Bank Transfer
6294,437,2025-07-02,Completed,Card
6295,2366,2025-05-24,Returned,Bank Transfer
6296,4702,2025-12-29,Completed,PayPal
6297,497,2025-03-14,Cancelled,PayPal
6298,1367,2025-10-03,Completed,PayPal
6299,2866,2025-08-10,Completed,Card
6300,1852,2025-04-15,Completed,Bank Transfer
6301,1023,2025-12-09,Completed,PayPal
6302,3131,2024-11-06,Completed,PayPal
6303,2845,2024-08-04,Completed,Card
6304,1490,2025-09-02,Completed,Card
6305,2335,2024-11-07,Cancelled,PayPal
6306,4433,2024-08-17,Completed,Card
6307,3390,2025-09-12,Completed,Card
6308,203,2024-12-05,Completed,Card
6309,231,2025-05-09,Completed,Card
6310,3635,2024-06-12,Completed,PayPal
6311,3129,2024-04-25,Completed,Card
6312,2692,2024-03-11,Completed,Bank Transfer
6313,3492,2025-12-26,Completed,Card
6314,2963,2024-02-22,Completed,Bank Transfer
6315,2328,2025-08-19,Returned,PayPal
6316,4905,2024-12-07,Completed,Card
6317,4562,2025-08-10,Completed,Bank Transfer
6318,2785,2024-11-27,Completed,Card
6319,804,2024-03-19,Completed,PayPal
6320,4362,2024-04-16,Completed,Card
6321,3724,2024-03-22,Returned,Card
6322,2902,2024-07-20,Cancelled,Bank Transfer
6323,176,2025-01-26,Cancelled,Card
6324,1445,2024-08-17,Completed,Bank Transfer
6325,4004,2024-01-20,Completed,Bank Transfer
6326,3533,2024-11-18,Completed,Card
6327,4350,2025-04-12,Completed,Card
6328,1544,2025-11-20,Completed,PayPal
6329,4999,2025-10-13,Completed,Card
6330,2155,2024-11-05,Completed,Card
6331,2106,2025-04-16,Completed,Card
6332,3414,2025-08-14,Completed,Card
6333,3362,2025-11-24,Completed,PayPal
6334,4180,2024-03-14,Returned,Card
6335,1141,2025-10-20,Completed,Card
6336,4808,2025-10-15,Completed,Card
6337,1762,2025-03-11,Completed,PayPal
6338,1941,2025-04-06,Completed,Card
6339,1807,2024-05-29,Completed,Card
6340,4997,2025-10-05,Completed,Bank Transfer
6341,3174,2024-11-10,Completed,Card
6342,657,2025-11-04,Completed,Card
6343,2504,2024-09-06,Completed,PayPal
6344,659,2025-10-01,Completed,PayPal
6345,2839,2024-09-30,Completed,PayPal
6346,4947,2025-04-26,Completed,Card
6347,4237,2024-03-22,Completed,Card
6348,2454,2024-08-19,Completed,Card
6349,1055,2024-01-31,Returned,PayPal
6350,3042,2024-03-24,Completed,Card
6351,4004,2024-02-11,Cancelled,PayPal
6352,2339,2025-12-14,Completed,Card
6353,111,2024-09-07,Completed,PayPal
6354,1719,2025-05-24,Completed,Card
6355,4292,2025-01-21,Completed,Bank Transfer
6356,126,2025-08-19,Completed,Bank Transfer
6357,262,2025-11-25,Completed,PayPal
6358,2935,2024-09-22,Completed,Card
6359,2203,2025-08-05,Completed,Card
6360,1605,2024-01-22,Completed,Bank Transfer
6361,4204,2025-02-10,Completed,PayPal
6362,2083,2024-03-16,Completed,Card
6363,3943,2025-05-01,Cancelled,PayPal
6364,655,2025-11-10,Completed,PayPal
6365,2464,2024-12-16,Completed,Card
6366,285,2024-08-27,Completed,Card
6367,2566,2024-02-20,Completed,Bank Transfer
6368,3802,2025-04-20,Completed,PayPal
6369,27,2025-08-17,Completed,Card
6370,2275,2025-08-24,Completed,PayPal
6371,3868,2025-06-08,Returned,Card
6372,3973,2024-06-05,Completed,Bank Transfer
6373,1592,2024-07-17,Completed,PayPal
6374,3382,2025-03-06,Returned,Bank Transfer
6375,4944,2025-10-27,Completed,Card
6376,1129,2025-12-10,Completed,Card
6377,4114,2024-04-27,Completed,PayPal
6378,2137,2025-10-24,Completed,Card
6379,157,2024-03-15,Completed,Card
6380,1290,2025-12-25,Completed,PayPal
6381,2182,2025-01-01,Completed,Card
6382,2512,2024-06-26,Completed,Card
6383,1772,2024-04-17,Completed,Card
6384,1156,2025-11-19,Completed,PayPal
6385,2789,2025-04-23,Completed,Card
6386,2977,2025-11-16,Cancelled,Bank Transfer
6387,3500,2024-04-02,Completed,Card
6388,2914,2024-04-09,Completed,PayPal
6389,204,2024-06-29,Completed,PayPal
6390,1823,2025-11-01,Completed,PayPal
6391,1360,2024-04-05,Completed,Card
6392,2545,2024-08-19,Completed,Card
6393,442,2024-09-07,Completed,PayPal
6394,1316,2025-08-01,Completed,Bank Transfer
6395,4038,2024-01-19,Returned,Card
6396,1149,2024-10-13,Completed,Bank Transfer
6397,4967,2024-07-25,Completed,Card
6398,1199,2024-11-06,Completed,Card
6399,2917,2024-04-12,Completed,Card
6400,3886,2024-06-07,Completed,PayPal
6401,4176,2025-12-07,Completed,PayPal
6402,2860,2025-07-16,Completed,Card
6403,2963,2025-01-12,Completed,PayPal
6404,1368,2024-08-11,Completed,PayPal
6405,4666,2025-12-14,Completed,PayPal
6406,2910,2024-04-01,Completed,Bank Transfer
6407,2217,2025-10-28,Cancelled,PayPal
6408,3406,2024-06-24,Completed,Bank Transfer
6409,3060,2024-04-19,Completed,Card
6410,2284,2024-06-27,Cancelled,PayPal
6411,4495,2025-03-28,Completed,Bank Transfer
6412,821,2024-03-15,Completed,Card
6413,3061,2025-08-05,Completed,PayPal
6414,2525,2025-12-21,Cancelled,Card
6415,4941,2025-05-06,Completed,Card
6416,2633,2024-04-12,Completed,PayPal
6417,2663,2024-02-10,Completed,Card
6418,2826,2025-03-10,Completed,Card
6419,4454,2024-11-29,Completed,Card
6420,3130,2024-10-06,Completed,PayPal
6421,4015,2025-06-25,Completed,Bank Transfer
6422,4617,2025-05-20,Completed,Card
6423,4489,2024-08-30,Completed,PayPal
6424,1667,2025-07-17,Completed,Card
6425,3401,2025-07-22,Returned,PayPal
6426,3583,2025-12-02,Completed,PayPal
6427,2201,2024-03-19,Completed,Card
6428,893,2025-03-12,Completed,PayPal
6429,3951,2025-12-08,Completed,Card
6430,984,2025-04-05,Completed,PayPal
6431,583,2024-07-15,Cancelled,Card
6432,4116,2024-01-31,Completed,PayPal
6433,2641,2024-01-30,Completed,Card
6434,1974,2024-04-22,Completed,Card
6435,3418,2025-10-11,Completed,Card
6436,4115,2025-11-14,Completed,Card
6437,2416,2025-01-24,Completed,PayPal
6438,889,2025-10-28,Completed,Card
6439,1884,2024-10-02,Completed,Card
6440,4822,2024-08-07,Completed,Bank Transfer
6441,3823,2024-10-02,Completed,Card
6442,147,2024-01-12,Completed,Card
6443,1717,2025-05-07,Completed,PayPal
6444,2478,2025-08-19,Completed,Card
6445,4944,2024-02-18,Completed,Card
6446,1464,2025-11-22,Cancelled,Card
6447,2246,2024-01-10,Completed,Card
6448,1311,2024-09-17,Completed,PayPal
6449,4661,2024-11-15,Cancelled,PayPal
6450,369,2024-07-04,Completed,Card
6451,1264,2024-08-16,Completed,PayPal
6452,2850,2025-10-31,Completed,Card
6453,2748,2024-01-21,Returned,Card
6454,2566,2024-01-16,Cancelled,PayPal
6455,1819,2025-04-24,Completed,Card
6456,1888,2025-09-18,Completed,Card
6457,3784,2024-01-06,Completed,Card
6458,60,2024-10-24,Completed,Card
6459,545,2024-09-15,Completed,Card
6460,3065,2024-02-09,Completed,PayPal
6461,1231,2024-10-02,Completed,Card
6462,559,2025-06-02,Completed,PayPal
6463,1513,2025-08-27,Completed,Card
6464,670,2025-05-25,Completed,Card
6465,258,2024-11-03,Completed,Bank Transfer
6466,1071,2025-06-16,Completed,PayPal
6467,1051,2025-04-24,Completed,Card
6468,4039,2025-02-17,Completed,Card
6469,4023,2025-06-06,Completed,PayPal
6470,145,2025-04-09,Completed,Card
6471,2635,2025-02-12,Completed,Card
6472,2570,2024-02-19,Completed,PayPal
6473,801,2024-02-14,Completed,PayPal
6474,1486,2024-09-27,Cancelled,Bank Transfer
6475,3749,2024-10-01,Completed,Bank Transfer
6476,2430,2025-02-26,Completed,Card
6477,2824,2024-02-04,Completed,Card
6478,673,2025-05-18,Completed,Card
6479,3975,2025-05-02,Completed,Card
6480,3490,2025-10-14,Completed,PayPal
6481,4423,2024-05-23,Completed,Bank Transfer
6482,1415,2024-07-11,Completed,Bank Transfer
6483,3369,2025-06-30,Completed,PayPal
6484,4726,2024-06-26,Completed,Card
6485,3895,2024-11-13,Completed,PayPal
6486,3847,2025-01-25,Completed,PayPal
6487,2029,2024-05-30,Completed,Card
6488,1195,2025-09-02,Completed,Card
6489,2025,2025-03-22,Completed,Card
6490,1358,2025-06-24,Cancelled,Bank Transfer
6491,2811,2024-05-29,Completed,Card
6492,569,2024-07-26,Completed,PayPal
6493,1946,2024-12-14,Completed,Bank Transfer
6494,347,2024-09-18,Cancelled,PayPal
6495,408,2025-12-22,Completed,Card
6496,4229,2025-02-16,Cancelled,PayPal
6497,3754,2024-03-29,Completed,Card
6498,614,2024-09-14,Cancelled,PayPal
6499,106,2025-05-06,Completed,Card
6500,2219,2025-12-04,Completed,Bank Transfer
6501,3800,2025-08-30,Completed,Card
6502,4358,2025-07-01,Completed,Card
6503,3914,2024-04-05,Cancelled,PayPal
6504,494,2025-02-07,Completed,Card
6505,3869,2025-03-14,Completed,PayPal
6506,4386,2024-02-06,Completed,Bank Transfer
6507,3335,2025-09-05,Completed,Card
6508,3921,2025-04-25,Completed,Card
6509,1869,2024-06-28,Completed,Card
6510,1439,2024-11-20,Completed,Card
6511,1353,2025-08-04,Completed,PayPal
6512,45,2025-02-09,Completed,Card
6513,4911,2025-04-13,Returned,Bank Transfer
6514,2381,2025-09-10,Completed,PayPal
6515,4561,2024-09-27,Completed,Bank Transfer
6516,200,2024-12-19,Completed,Card
6517,4425,2025-07-12,Completed,Bank Transfer
6518,2288,2025-04-09,Completed,PayPal
6519,4894,2025-09-11,Completed,PayPal
6520,4798,2024-12-29,Completed,Bank Transfer
6521,2631,2024-03-09,Completed,Card
6522,2769,2024-11-03,Completed,PayPal
6523,2408,2025-02-26,Completed,Card
6524,3792,2025-05-28,Completed,Card
6525,3294,2024-08-06,Completed,PayPal
6526,2847,2024-02-14,Completed,Card
6527,3312,2024-08-20,Completed,Card
6528,2552,2025-12-01,Completed,Card
6529,1438,2025-01-01,Completed,Card
6530,127,2024-05-01,Completed,Card
6531,1621,2025-05-09,Completed,PayPal
6532,3320,2025-07-30,Cancelled,PayPal
6533,482,2024-05-28,Completed,Card
6534,4379,2025-04-20,Completed,Card
6535,2122,2025-08-01,Completed,Card
6536,3136,2024-12-15,Completed,Card
6537,2821,2025-07-24,Returned,Card
6538,2372,2024-04-24,Completed,PayPal
6539,239,2025-09-19,Completed,Card
6540,1421,2024-08-24,Completed,Card
6541,341,2024-02-16,Completed,Card
6542,3351,2025-09-12,Completed,Card
6543,2994,2024-09-30,Completed,Card
6544,4988,2024-04-22,Completed,Card
6545,1487,2025-06-28,Completed,Card
6546,4558,2025-02-02,Cancelled,Card
6547,4076,2024-10-18,Completed,Bank Transfer
6548,4894,2024-11-11,Completed,PayPal
6549,733,2024-06-10,Completed,Card
6550,3479,2024-03-30,Completed,Card
6551,162,2024-02-20,Completed,Bank Transfer
6552,2496,2025-02-27,Completed,Card
6553,132,2025-02-09,Completed,Card
6554,1858,2024-05-23,Completed,Card
6555,1243,2025-09-07,Completed,Card
6556,3489,2025-11-12,Completed,Bank Transfer
6557,672,2025-06-11,Cancelled,Card
6558,505,2024-05-12,Completed,Bank Transfer
6559,2157,2025-05-13,Completed,Card
6560,1262,2025-01-24,Completed,Card
6561,293,2024-06-18,Completed,Card
6562,3651,2025-06-25,Completed,PayPal
6563,4924,2024-06-08,Completed,PayPal
6564,4283,2025-10-20,Completed,Card
6565,1060,2025-02-15,Completed,Card
6566,2304,2025-11-17,Completed,Card
6567,2796,2025-08-06,Completed,Card
6568,1202,2025-01-18,Completed,PayPal
6569,3314,2025-09-30,Completed,PayPal
6570,2089,2025-12-08,Completed,Card
6571,3429,2024-07-03,Completed,Card
6572,2161,2025-10-23,Completed,Card
6573,4950,2024-08-01,Cancelled,Card
6574,719,2024-04-03,Completed,Bank Transfer
6575,1847,2025-07-23,Completed,PayPal
6576,878,2024-08-06,Completed,Card
6577,3268,2024-08-06,Completed,Card
6578,4498,2024-01-13,Completed,PayPal
6579,64,2025-02-26,Completed,Card
6580,2700,2025-02-26,Cancelled,Card
6581,2934,2025-04-30,Completed,Card
6582,373,2025-01-11,Completed,Card
6583,4028,2025-10-13,Completed,Card
6584,306,2025-02-11,Completed,Card
6585,2515,2024-04-28,Completed,Card
6586,932,2024-09-27,Completed,Card
6587,1991,2024-04-06,Completed,Card
6588,3657,2024-02-16,Cancelled,Card
6589,1416,2025-10-25,Completed,Card
6590,362,2024-06-21,Completed,Card
6591,2769,2024-12-12,Completed,PayPal
6592,716,2024-08-24,Completed,Card
6593,1646,2025-06-26,Completed,Bank Transfer
6594,543,2024-07-31,Completed,Card
6595,1548,2024-09-28,Completed,PayPal
6596,2242,2025-02-10,Completed,Card
6597,652,2024-03-18,Returned,Card
6598,1051,2025-07-06,Completed,Card
6599,4743,2024-05-25,Completed,Card
6600,1853,2024-01-12,Completed,Card
6601,3002,2024-08-16,Completed,Card
6602,3085,2025-11-21,Completed,Card
6603,2097,2024-12-06,Cancelled,Card
6604,803,2025-11-02,Completed,Bank Transfer
6605,2655,2024-06-12,Cancelled,Card
6606,1681,2025-11-10,Completed,PayPal
6607,1608,2025-01-16,Completed,Card
6608,3523,2025-08-04,Completed,Card
6609,2058,2025-02-25,Completed,Card
6610,2722,2025-03-13,Completed,Bank Transfer
6611,4822,2024-03-03,Completed,PayPal
6612,2564,2024-09-02,Completed,Card
6613,3613,2024-02-19,Completed,Card
6614,203,2024-08-21,Completed,Card
6615,942,2025-06-11,Cancelled,Card
6616,589,2025-05-30,Completed,PayPal
6617,571,2024-10-08,Completed,Card
6618,3005,2025-10-30,Completed,Card
6619,196,2024-08-07,Completed,Card
6620,1346,2024-12-13,Completed,Card
6621,418,2024-12-29,Completed,Card
6622,1643,2025-07-16,Completed,Card
6623,1366,2024-02-11,Completed,PayPal
6624,9,2025-02-26,Completed,Card
6625,532,2024-05-14,Completed,PayPal
6626,4245,2024-09-15,Completed,Card
6627,1553,2024-07-09,Completed,PayPal
6628,1036,2024-09-12,Completed,Bank Transfer
6629,4572,2025-05-08,Returned,Card
6630,1618,2024-03-13,Completed,Card
6631,3717,2024-03-14,Completed,Card
6632,1077,2025-09-26,Completed,Card
6633,4302,2025-08-04,Completed,Card
6634,4016,2025-02-04,Completed,Bank Transfer
6635,2963,2024-03-19,Completed,PayPal
6636,4841,2024-09-04,Completed,Card
6637,913,2024-07-05,Completed,PayPal
6638,4150,2025-10-14,Completed,PayPal
6639,4071,2025-07-09,Completed,Card
6640,3562,2025-04-14,Completed,Card
6641,344,2025-08-01,Cancelled,Card
6642,1193,2025-03-31,Cancelled,Card
6643,1933,2024-10-02,Completed,Card
6644,703,2024-06-27,Completed,Card
6645,1899,2024-05-08,Completed,Card
6646,3594,2025-01-13,Returned,Card
6647,199,2024-04-24,Completed,Card
6648,3233,2024-11-17,Completed,Card
6649,2823,2025-01-23,Completed,PayPal
6650,4485,2025-04-08,Cancelled,Card
6651,474,2024-07-20,Cancelled,PayPal
6652,4861,2025-09-20,Completed,Bank Transfer
6653,1655,2025-06-30,Completed,Card
6654,592,2025-02-12,Completed,Bank Transfer
6655,1849,2025-09-09,Completed,Card
6656,3042,2024-05-31,Completed,Card
6657,168,2025-10-14,Completed,PayPal
6658,4380,2025-02-08,Completed,Card
6659,3271,2025-05-05,Completed,Card
6660,4008,2024-06-10,Completed,PayPal
6661,4011,2024-05-26,Completed,Card
6662,4987,2025-02-15,Completed,Bank Transfer
6663,3849,2024-09-12,Completed,Bank Transfer
6664,2182,2025-08-25,Completed,Card
6665,1655,2025-01-04,Completed,PayPal
6666,4218,2025-12-30,Completed,Bank Transfer
6667,833,2025-10-12,Completed,Bank Transfer
6668,1022,2025-11-19,Completed,Card
6669,1994,2024-10-17,Completed,Card
6670,3493,2024-12-05,Completed,Card
6671,895,2024-03-16,Cancelled,PayPal
6672,1516,2025-07-22,Completed,Card
6673,3671,2025-06-23,Completed,Card
6674,289,2025-05-19,Completed,Card
6675,1077,2024-11-16,Completed,Card
6676,1372,2025-10-23,Completed,Card
6677,1075,2024-11-02,Completed,Card
6678,4935,2024-12-12,Cancelled,Card
6679,2960,2025-01-27,Cancelled,PayPal
6680,40,2024-07-17,Cancelled,Card
6681,4275,2025-11-06,Completed,Card
6682,3623,2024-06-30,Completed,PayPal
6683,183,2024-08-27,Completed,Card
6684,1760,2024-03-06,Completed,Card
6685,1770,2024-06-19,Completed,PayPal
6686,4801,2025-10-06,Completed,Card
6687,497,2025-08-15,Completed,PayPal
6688,597,2024-06-13,Completed,Bank Transfer
6689,2509,2024-03-03,Completed,Card
6690,3827,2024-12-20,Completed,Card
6691,4570,2024-02-20,Completed,PayPal
6692,685,2025-08-06,Completed,Card
6693,319,2024-02-12,Completed,Bank Transfer
6694,3627,2024-11-16,Completed,Bank Transfer
6695,1436,2024-11-13,Completed,Card
6696,2404,2024-08-03,Completed,Card
6697,2665,2024-07-09,Completed,Card
6698,4325,2025-10-31,Completed,Card
6699,729,2025-05-04,Completed,Card
6700,1288,2024-03-30,Completed,Card
6701,4002,2025-02-25,Completed,Card
6702,561,2025-05-05,Completed,Card
6703,1376,2025-09-07,Completed,Card
6704,1466,2025-07-16,Completed,Card
6705,2507,2024-09-10,Completed,Card
6706,3887,2024-04-16,Completed,Card
6707,25,2024-10-20,Completed,PayPal
6708,1155,2025-05-25,Completed,PayPal
6709,4466,2024-08-23,Completed,Card
6710,1460,2025-05-12,Completed,Card
6711,4707,2024-12-21,Completed,PayPal
6712,1221,2025-09-08,Completed,PayPal
6713,2157,2024-10-30,Completed,Bank Transfer
6714,3292,2025-06-15,Completed,Card
6715,720,2025-05-06,Completed,Card
6716,1106,2025-08-06,Completed,Card
6717,3770,2024-04-26,Completed,Card
6718,2480,2025-01-01,Completed,Card
6719,1921,2025-10-03,Completed,Card
6720,3080,2025-04-03,Completed,PayPal
6721,4732,2024-04-29,Completed,Card
6722,3170,2024-07-31,Completed,Card
6723,3173,2024-07-01,Completed,Card
6724,3331,2025-10-07,Completed,Card
6725,4452,2024-12-04,Completed,Card
6726,2059,2025-04-22,Completed,PayPal
6727,3322,2025-05-08,Completed,Card
6728,1871,2024-08-18,Completed,PayPal
6729,3622,2024-12-29,Completed,Card
6730,1146,2025-03-21,Completed,Card
6731,3992,2025-04-28,Completed,Card
6732,3374,2024-09-02,Completed,Card
6733,125,2024-08-12,Completed,Card
6734,312,2024-06-05,Completed,Card
6735,775,2025-09-22,Cancelled,Card
6736,2921,2025-08-28,Completed,Card
6737,1832,2024-12-30,Completed,Card
6738,694,2024-07-04,Completed,Card
6739,1377,2025-05-09,Completed,Card
6740,990,2024-07-03,Cancelled,Card
6741,2847,2025-01-21,Completed,Card
6742,1753,2024-10-06,Completed,Bank Transfer
6743,2960,2025-04-26,Completed,Card
6744,2454,2024-09-21,Completed,PayPal
6745,3044,2025-10-31,Completed,Card
6746,1717,2024-12-17,Completed,Card
6747,1627,2025-08-11,Completed,PayPal
6748,3089,2024-03-22,Cancelled,Card
6749,3332,2024-06-29,Completed,Card
6750,4029,2024-12-07,Completed,Card
6751,890,2024-07-14,Cancelled,Card
6752,1379,2024-02-29,Completed,PayPal
6753,4585,2024-05-30,Completed,Card
6754,4276,2024-03-01,Completed,Card
6755,1708,2025-10-08,Completed,Card
6756,2365,2025-03-03,Completed,Card
6757,232,2024-11-26,Completed,PayPal
6758,1813,2024-02-08,Completed,PayPal
6759,1613,2024-09-09,Completed,Card
6760,4427,2025-09-09,Completed,Card
6761,4657,2024-08-20,Completed,Card
6762,2997,2024-12-19,Completed,Card
6763,248,2024-06-18,Completed,Card
6764,4379,2024-08-04,Completed,Card
6765,2080,2024-12-13,Completed,Bank Transfer
6766,3742,2025-06-09,Completed,Card
6767,4626,2025-02-14,Completed,Bank Transfer
6768,4477,2025-06-11,Completed,PayPal
6769,63,2025-11-11,Completed,Card
6770,4224,2025-06-09,Completed,PayPal
6771,1552,2024-08-30,Completed,Card
6772,3006,2024-01-08,Completed,Card
6773,3323,2024-10-09,Completed,Card
6774,295,2025-09-14,Completed,Card
6775,4275,2025-07-05,Cancelled,PayPal
6776,4325,2025-08-02,Completed,PayPal
6777,883,2025-09-26,Completed,Bank Transfer
6778,394,2024-06-14,Completed,Card
6779,2740,2024-07-21,Completed,Card
6780,3468,2025-10-01,Completed,Card
6781,4168,2024-12-29,Completed,Bank Transfer
6782,4414,2024-05-31,Completed,PayPal
6783,3971,2025-02-28,Completed,Card
6784,4691,2025-10-19,Returned,Card
6785,4475,2025-07-14,Completed,Card
6786,4232,2025-04-13,Completed,PayPal
6787,2778,2025-02-13,Completed,Card
6788,3693,2025-05-29,Completed,Bank Transfer
6789,1402,2024-09-07,Completed,Card
6790,906,2024-03-17,Completed,Bank Transfer
6791,530,2025-02-25,Completed,Card
6792,4619,2025-01-19,Completed,Card
6793,3722,2025-01-13,Completed,Card
6794,387,2024-08-15,Cancelled,Card
6795,2622,2024-04-27,Returned,PayPal
6796,573,2024-09-23,Completed,Card
6797,644,2024-08-22,Completed,Card
6798,4072,2024-06-16,Completed,Card
6799,1293,2025-12-05,Completed,Card
6800,3596,2025-11-26,Completed,Card
6801,4643,2025-06-05,Cancelled,Card
6802,2486,2024-12-02,Completed,PayPal
6803,555,2024-11-22,Completed,Card
6804,2159,2024-12-24,Completed,Card
6805,3394,2025-03-23,Completed,Card
6806,2575,2025-10-14,Completed,Card
6807,2225,2025-06-17,Cancelled,Card
6808,3610,2025-12-05,Completed,Card
6809,4720,2025-08-26,Completed,Card
6810,1989,2024-04-06,Completed,Card
6811,944,2025-10-14,Completed,PayPal
6812,4569,2025-07-03,Completed,PayPal
6813,994,2024-09-12,Cancelled,Bank Transfer
6814,3460,2025-03-17,Completed,Card
6815,1122,2025-02-12,Completed,Card
6816,3447,2024-03-25,Completed,Card
6817,4266,2025-02-20,Cancelled,Card
6818,56,2025-07-02,Cancelled,Card
6819,1757,2025-05-16,Completed,Card
6820,658,2025-11-27,Completed,Bank Transfer
6821,260,2024-04-07,Completed,PayPal
6822,4737,2025-06-25,Completed,Card
6823,2610,2025-05-17,Completed,Card
6824,3910,2025-03-26,Completed,Card
6825,404,2024-07-09,Completed,Card
6826,795,2024-07-19,Completed,Bank Transfer
6827,1562,2024-11-17,Completed,Card
6828,1184,2025-12-01,Completed,Card
6829,2642,2024-09-14,Completed,Card
6830,2665,2024-06-03,Completed,PayPal
6831,4810,2025-05-01,Completed,Bank Transfer
6832,3608,2024-08-15,Completed,PayPal
6833,1958,2025-05-31,Completed,Card
6834,2094,2025-10-02,Completed,Card
6835,1753,2025-05-25,Completed,Card
6836,5000,2024-03-14,Completed,Card
6837,3563,2024-12-30,Completed,Card
6838,1695,2024-01-24,Completed,PayPal
6839,856,2025-04-07,Completed,Card
6840,1296,2025-04-25,Completed,PayPal
6841,4756,2025-12-18,Completed,PayPal
6842,3622,2025-10-19,Completed,PayPal
6843,4207,2024-03-29,Completed,Card
6844,1039,2025-06-17,Completed,Card
6845,4597,2024-10-26,Completed,PayPal
6846,4514,2024-02-13,Completed,PayPal
6847,4371,2024-02-06,Completed,Card
6848,3448,2025-06-02,Completed,Card
6849,3433,2025-04-18,Completed,PayPal
6850,3749,2024-10-06,Completed,Card
6851,2242,2025-04-05,Completed,Card
6852,3531,2024-06-17,Completed,Card
6853,4895,2024-03-10,Completed,Card
6854,1964,2024-07-31,Cancelled,PayPal
6855,3016,2025-08-05,Completed,Card
6856,3568,2025-12-19,Completed,PayPal
6857,3871,2024-03-12,Completed,Card
6858,4865,2024-06-28,Cancelled,PayPal
6859,1485,2024-07-26,Cancelled,Bank Transfer
6860,4235,2024-06-25,Completed,Card
6861,4957,2025-12-07,Completed,PayPal
6862,2340,2024-10-27,Completed,Card
6863,335,2024-06-02,Completed,Bank Transfer
6864,1859,2024-06-02,Completed,Card
6865,1208,2024-01-30,Completed,Card
6866,925,2024-01-27,Completed,Card
6867,2946,2024-08-27,Completed,Card
6868,4440,2025-10-05,Completed,Card
6869,4753,2025-11-21,Completed,Card
6870,3586,2024-04-07,Completed,Card
6871,4357,2024-11-21,Completed,Card
6872,4028,2024-08-24,Completed,Card
6873,4265,2024-05-17,Completed,Card
6874,4756,2025-09-21,Completed,Card
6875,4296,2025-09-09,Completed,Card
6876,4678,2025-07-01,Completed,Card
6877,4662,2024-02-15,Completed,Bank Transfer
6878,3843,2025-09-07,Completed,Card
6879,2399,2025-01-24,Cancelled,Card
6880,28,2024-12-29,Completed,Bank Transfer
6881,3951,2024-12-25,Completed,Card
6882,1899,2025-08-04,Completed,Card
6883,4728,2024-07-25,Completed,Card
6884,2428,2025-08-23,Completed,Card
6885,1626,2025-05-29,Completed,PayPal
6886,2576,2024-12-31,Completed,Card
6887,2037,2025-03-13,Completed,PayPal
6888,1311,2024-08-18,Completed,Card
6889,3356,2025-02-26,Completed,PayPal
6890,3721,2025-04-13,Completed,Bank Transfer
6891,4903,2025-09-21,Completed,Card
6892,2275,2024-11-06,Completed,Card
6893,2075,2025-01-29,Completed,Card
6894,89,2024-04-23,Completed,Card
6895,3805,2024-07-20,Completed,Card
6896,122,2025-04-07,Completed,PayPal
6897,4962,2025-06-25,Completed,Card
6898,33,2024-12-29,Completed,PayPal
6899,4699,2024-09-03,Completed,Card
6900,696,2025-08-15,Cancelled,Card
6901,3842,2024-09-02,Completed,PayPal
6902,525,2024-07-02,Completed,Card
6903,247,2025-02-16,Completed,Card
6904,3927,2024-09-29,Completed,Card
6905,3102,2025-06-28,Completed,PayPal
6906,2097,2025-09-05,Completed,Card
6907,1963,2024-10-03,Completed,PayPal
6908,2960,2025-09-14,Completed,Card
6909,2228,2025-05-13,Completed,Bank Transfer
6910,1394,2025-12-18,Completed,Card
6911,1908,2025-05-04,Completed,Card
6912,2024,2024-08-02,Completed,Card
6913,4834,2024-04-12,Completed,PayPal
6914,2479,2025-08-12,Completed,PayPal
6915,4460,2024-06-23,Completed,Card
6916,982,2024-02-21,Completed,Card
6917,3224,2024-10-23,Completed,Card
6918,227,2024-06-23,Completed,Card
6919,1267,2024-12-08,Completed,Card
6920,2058,2025-12-11,Completed,Card
6921,2252,2025-08-22,Completed,Card
6922,2942,2024-06-19,Completed,Card
6923,157,2024-02-06,Completed,Card
6924,2074,2025-09-26,Cancelled,Card
6925,4064,2024-07-19,Completed,Card
6926,761,2024-03-04,Cancelled,Card
6927,774,2025-04-30,Completed,Bank Transfer
6928,1553,2025-03-30,Completed,PayPal
6929,958,2025-11-30,Completed,PayPal
6930,254,2025-12-27,Completed,Card
6931,1570,2025-02-12,Completed,PayPal
6932,3219,2024-05-29,Completed,Card
6933,4214,2025-05-16,Completed,Card
6934,3237,2025-09-27,Completed,Card
6935,4646,2025-12-10,Completed,Card
6936,4966,2025-07-01,Completed,Bank Transfer
6937,808,2024-10-04,Completed,PayPal
6938,4917,2024-02-04,Completed,PayPal
6939,1782,2025-09-16,Completed,Card
6940,1222,2024-06-23,Completed,PayPal
6941,3664,2024-02-02,Completed,Card
6942,3201,2025-12-25,Completed,Card
6943,880,2025-12-15,Completed,Card
6944,1,2025-01-31,Cancelled,Card
6945,167,2024-09-10,Completed,Card
6946,2064,2025-07-21,Completed,Card
6947,2705,2024-11-18,Completed,Card
6948,112,2024-01-13,Completed,PayPal
6949,3440,2024-02-19,Completed,PayPal
6950,1126,2024-08-20,Completed,Card
6951,2642,2025-06-23,Completed,PayPal
6952,1430,2025-09-07,Completed,PayPal
6953,2044,2024-04-05,Completed,Card
6954,4603,2024-12-08,Cancelled,PayPal
6955,1635,2024-07-11,Completed,Bank Transfer
6956,671,2025-05-25,Completed,PayPal
6957,3112,2025-03-26,Completed,Card
6958,1691,2024-05-04,Cancelled,Card
6959,3958,2024-03-21,Completed,Card
6960,965,2024-01-07,Completed,Bank Transfer
6961,281,2024-11-25,Completed,Bank Transfer
6962,4447,2024-03-23,Completed,Card
6963,1967,2025-06-19,Completed,PayPal
6964,2809,2025-09-17,Completed,Card
6965,1965,2025-06-10,Completed,Card
6966,4824,2024-04-22,Completed,Card
6967,3391,2025-03-15,Completed,Bank Transfer
6968,823,2025-10-18,Completed,Card
6969,1438,2024-01-19,Completed,Bank Transfer
6970,2062,2024-01-09,Completed,Card
6971,3866,2024-07-03,Completed,Card
6972,4295,2024-02-07,Completed,Bank Transfer
6973,4774,2025-12-23,Completed,Card
6974,4037,2024-05-13,Completed,Card
6975,1465,2024-04-11,Completed,Card
6976,78,2024-05-28,Cancelled,Card
6977,2160,2024-04-02,Completed,Card
6978,4631,2024-05-19,Completed,Card
6979,3188,2024-10-21,Completed,Card
6980,1166,2025-08-15,Completed,PayPal
6981,790,2025-06-27,Completed,Card
6982,1564,2024-07-06,Completed,Bank Transfer
6983,1323,2024-05-15,Completed,Card
6984,1503,2024-06-14,Completed,PayPal
6985,1492,2025-04-21,Completed,Card
6986,1660,2024-05-26,Completed,Card
6987,1316,2024-09-01,Completed,Bank Transfer
6988,3063,2024-07-01,Completed,Card
6989,125,2024-01-09,Completed,Card
6990,3063,2025-03-11,Returned,PayPal
6991,519,2024-06-04,Cancelled,Card
6992,2071,2025-11-18,Completed,PayPal
6993,4258,2024-04-23,Completed,Card
6994,2677,2024-06-15,Completed,Card
6995,2554,2025-05-02,Completed,PayPal
6996,4978,2025-03-12,Completed,Card
6997,3936,2024-08-10,Completed,Card
6998,1045,2024-07-09,Completed,Card
6999,1788,2025-07-29,Completed,Card
7000,3536,2024-06-21,Completed,Card
7001,4579,2024-09-13,Completed,Card
7002,1967,2025-12-15,Completed,PayPal
7003,2357,2025-03-25,Completed,Card
7004,4970,2025-05-15,Completed,PayPal
7005,2251,2024-03-17,Completed,Card
7006,3488,2025-09-06,Completed,Card
7007,142,2024-08-13,Completed,Card
7008,1004,2024-08-13,Completed,PayPal
7009,2155,2025-08-30,Completed,Card
7010,2015,2024-03-16,Completed,Bank Transfer
7011,4625,2024-02-02,Completed,PayPal
7012,3609,2025-08-16,Cancelled,PayPal
7013,969,2024-03-09,Completed,Card
7014,3926,2025-02-18,Completed,Card
7015,3959,2025-03-23,Returned,PayPal
7016,2736,2024-12-27,Completed,PayPal
7017,805,2025-01-04,Completed,Card
7018,1335,2025-02-02,Completed,PayPal
7019,3985,2024-04-29,Completed,PayPal
7020,668,2024-02-17,Completed,Bank Transfer
7021,385,2024-03-08,Completed,Card
7022,3125,2024-12-04,Completed,PayPal
7023,1609,2024-03-25,Completed,Card
7024,3255,2025-01-11,Completed,PayPal
7025,3441,2025-01-19,Completed,Card
7026,2749,2024-10-02,Completed,Card
7027,13,2024-07-23,Completed,Bank Transfer
7028,3008,2024-03-05,Completed,Card
7029,2208,2024-03-19,Completed,PayPal
7030,4168,2025-06-09,Completed,Bank Transfer
7031,2146,2024-11-20,Completed,Card
7032,1866,2025-01-12,Completed,PayPal
7033,101,2025-11-11,Completed,PayPal
7034,4080,2025-11-01,Completed,Card
7035,4377,2025-09-19,Completed,Card
7036,4979,2024-12-11,Completed,PayPal
7037,1313,2025-12-04,Completed,Card
7038,2797,2025-03-10,Completed,Card
7039,4705,2025-11-25,Completed,PayPal
7040,450,2025-01-12,Completed,Card
7041,3440,2025-11-10,Completed,Card
7042,3502,2024-01-15,Completed,Card
7043,3168,2025-03-29,Completed,Card
7044,121,2024-07-11,Completed,Card
7045,3438,2024-08-20,Completed,Card
7046,3857,2024-09-19,Completed,Card
7047,1076,2025-03-21,Completed,PayPal
7048,4414,2024-02-23,Completed,Card
7049,2723,2025-11-22,Completed,Card
7050,702,2024-01-04,Completed,Card
7051,3349,2024-09-13,Completed,PayPal
7052,3669,2024-12-26,Completed,PayPal
7053,3266,2024-08-27,Completed,Card
7054,21,2025-04-26,Completed,Bank Transfer
7055,2447,2025-11-05,Completed,Card
7056,2250,2025-04-05,Completed,Card
7057,2514,2024-05-17,Completed,Card
7058,3223,2025-03-26,Completed,Card
7059,4992,2024-11-19,Completed,Card
7060,1183,2025-04-17,Cancelled,Card
7061,2358,2025-09-05,Completed,Card
7062,2552,2025-04-21,Completed,Bank Transfer
7063,2074,2024-07-11,Completed,PayPal
7064,66,2024-11-02,Cancelled,PayPal
7065,4359,2025-06-25,Completed,Card
7066,472,2024-08-08,Cancelled,Bank Transfer
7067,2215,2024-06-20,Completed,Card
7068,3226,2024-06-08,Completed,Card
7069,343,2024-06-20,Cancelled,Card
7070,718,2024-03-03,Cancelled,PayPal
7071,2461,2025-07-26,Completed,Card
7072,3737,2024-03-05,Completed,Card
7073,3256,2024-06-17,Completed,Card
7074,3266,2024-03-21,Completed,PayPal
7075,4090,2024-09-24,Completed,Bank Transfer
7076,2531,2025-01-14,Completed,PayPal
7077,3633,2024-03-13,Completed,Card
7078,1056,2024-11-27,Completed,Card
7079,15,2024-07-06,Completed,PayPal
7080,3390,2024-01-25,Completed,Card
7081,3315,2024-08-15,Completed,PayPal
7082,17,2024-04-27,Completed,PayPal
7083,2582,2025-03-20,Completed,Card
7084,1780,2024-04-17,Completed,Card
7085,1950,2024-08-29,Completed,Card
7086,81,2025-09-02,Completed,Bank Transfer
7087,3080,2025-06-17,Completed,Card
7088,1019,2025-04-25,Completed,Card
7089,780,2025-05-17,Returned,Card
7090,1825,2025-05-12,Completed,PayPal
7091,3865,2024-02-25,Completed,Card
7092,2470,2024-05-28,Completed,Card
7093,2514,2024-11-06,Completed,PayPal
7094,2131,2025-07-05,Completed,Card
7095,325,2025-10-23,Completed,Card
7096,3491,2024-04-30,Returned,Bank Transfer
7097,677,2024-01-26,Completed,Card
7098,2012,2024-04-21,Completed,Card
7099,4889,2025-05-25,Cancelled,PayPal
7100,3617,2024-01-23,Completed,PayPal
7101,3134,2025-11-11,Completed,Card
7102,2705,2024-09-20,Completed,Card
7103,1195,2024-04-25,Completed,Card
7104,3076,2025-04-24,Completed,Card
7105,905,2024-11-02,Completed,Card
7106,4598,2024-08-18,Completed,PayPal
7107,4895,2025-12-01,Cancelled,PayPal
7108,2905,2025-05-06,Completed,PayPal
7109,3301,2024-04-29,Completed,PayPal
7110,1124,2024-10-12,Completed,Bank Transfer
7111,4317,2025-02-10,Completed,PayPal
7112,3058,2024-12-23,Completed,PayPal
7113,2271,2024-05-31,Completed,Card
7114,2725,2025-08-20,Completed,Card
7115,2259,2024-11-20,Completed,Card
7116,3863,2024-09-02,Completed,PayPal
7117,931,2024-11-10,Completed,Card
7118,3647,2024-06-10,Completed,PayPal
7119,4982,2025-09-03,Completed,Card
7120,4358,2025-01-03,Completed,Card
7121,1272,2024-07-03,Completed,Bank Transfer
7122,3813,2024-10-02,Completed,Card
7123,798,2025-06-12,Completed,PayPal
7124,3135,2025-03-11,Cancelled,Card
7125,3464,2024-09-16,Completed,Card
7126,2588,2024-09-01,Completed,PayPal
7127,417,2024-12-03,Completed,PayPal
7128,4134,2024-02-19,Completed,PayPal
7129,2356,2024-09-28,Cancelled,Card
7130,4942,2024-08-22,Completed,PayPal
7131,898,2025-08-06,Completed,Card
7132,53,2025-07-09,Completed,Card
7133,606,2024-11-01,Completed,Bank Transfer
7134,3678,2025-04-21,Completed,Card
7135,4548,2025-05-02,Completed,Card
7136,461,2024-03-20,Completed,Card
7137,775,2024-10-12,Completed,PayPal
7138,4031,2025-07-14,Completed,Card
7139,3328,2024-04-07,Completed,PayPal
7140,3323,2025-04-22,Cancelled,Card
7141,2695,2025-02-09,Completed,PayPal
7142,3519,2025-06-20,Completed,Bank Transfer
7143,485,2025-12-26,Completed,Card
7144,4188,2025-07-21,Completed,Bank Transfer
7145,1188,2024-09-11,Completed,Card
7146,3728,2025-10-29,Completed,Card
7147,3997,2025-05-01,Completed,Card
7148,2993,2025-11-03,Completed,Card
7149,1710,2024-07-12,Completed,PayPal
7150,1990,2025-05-30,Completed,PayPal
7151,4274,2025-04-08,Completed,Card
7152,4346,2025-05-18,Completed,Bank Transfer
7153,4861,2024-02-05,Completed,Card
7154,3639,2024-01-16,Completed,Card
7155,2715,2025-10-10,Completed,Card
7156,4187,2025-08-12,Completed,Card
7157,339,2024-03-13,Completed,Card
7158,1662,2024-11-15,Cancelled,Card
7159,4265,2024-09-01,Completed,Card
7160,3695,2024-07-13,Completed,PayPal
7161,4876,2024-03-29,Completed,PayPal
7162,170,2024-05-18,Returned,Card
7163,4234,2025-07-16,Completed,Card
7164,3100,2025-10-20,Completed,Card
7165,4615,2025-01-31,Completed,Card
7166,3013,2025-04-28,Completed,Card
7167,2611,2025-01-21,Completed,PayPal
7168,2474,2025-01-02,Cancelled,Card
7169,3762,2025-04-02,Completed,PayPal
7170,2689,2025-02-25,Completed,Bank Transfer
7171,4805,2024-08-19,Completed,Card
7172,1291,2025-06-22,Completed,Card
7173,2036,2024-12-09,Completed,PayPal
7174,107,2025-12-20,Completed,Card
7175,2608,2024-05-17,Completed,Card
7176,2186,2025-01-08,Completed,PayPal
7177,1689,2025-03-12,Completed,PayPal
7178,6,2024-06-03,Completed,Card
7179,523,2025-06-02,Completed,Card
7180,3344,2024-04-24,Completed,Card
7181,3896,2024-04-01,Completed,PayPal
7182,66,2024-12-11,Completed,Card
7183,3411,2025-08-16,Completed,Card
7184,2982,2025-06-08,Cancelled,Card
7185,4594,2025-08-06,Completed,Card
7186,2816,2024-03-31,Completed,PayPal
7187,2018,2025-11-30,Completed,PayPal
7188,1743,2025-02-01,Completed,PayPal
7189,3510,2024-04-14,Completed,Card
7190,4082,2025-08-18,Completed,PayPal
7191,3535,2025-06-23,Completed,Card
7192,2783,2024-10-05,Completed,Card
7193,363,2024-01-12,Cancelled,PayPal
7194,3282,2024-11-02,Completed,Card
7195,1635,2024-12-29,Completed,Card
7196,525,2025-10-23,Completed,PayPal
7197,4927,2024-11-13,Completed,Card
7198,1723,2025-06-21,Completed,Card
7199,420,2024-08-01,Cancelled,Card
7200,4229,2024-11-09,Completed,Card
7201,3865,2025-03-30,Completed,Card
7202,1068,2025-02-02,Completed,PayPal
7203,1401,2024-08-09,Completed,Card
7204,1420,2025-08-02,Completed,PayPal
7205,3134,2024-09-18,Completed,Card
7206,3637,2025-05-10,Cancelled,PayPal
7207,4003,2025-09-14,Cancelled,Card
7208,630,2024-05-09,Completed,PayPal
7209,4417,2024-06-07,Completed,Card
7210,1835,2024-10-17,Completed,Bank Transfer
7211,4132,2025-06-26,Completed,Card
7212,2354,2024-03-29,Completed,Card
7213,3056,2024-11-27,Completed,Card
7214,2941,2025-09-21,Cancelled,PayPal
7215,12,2025-05-20,Completed,Card
7216,2131,2024-05-09,Completed,PayPal
7217,3104,2024-07-25,Completed,PayPal
7218,1432,2024-12-25,Completed,PayPal
7219,3158,2024-02-28,Cancelled,Card
7220,1435,2024-04-05,Cancelled,Card
7221,957,2024-09-02,Completed,PayPal
7222,3859,2025-04-03,Completed,PayPal
7223,4809,2024-05-24,Completed,PayPal
7224,3635,2024-11-05,Completed,PayPal
7225,3904,2025-09-28,Completed,PayPal
7226,241,2025-06-17,Completed,PayPal
7227,1956,2025-01-15,Completed,Card
7228,2013,2024-12-18,Completed,PayPal
7229,4992,2024-10-11,Cancelled,Card
7230,4066,2025-12-19,Cancelled,Card
7231,2804,2025-05-16,Cancelled,PayPal
7232,3904,2024-09-14,Completed,PayPal
7233,1025,2024-02-21,Completed,Card
7234,601,2025-07-03,Completed,Card
7235,2330,2025-10-26,Completed,Card
7236,2699,2024-08-03,Completed,Card
7237,4695,2025-03-21,Completed,Card
7238,3027,2024-08-10,Cancelled,PayPal
7239,1143,2025-10-16,Cancelled,Card
7240,1012,2024-04-14,Completed,Card
7241,1104,2025-06-05,Completed,Card
7242,1647,2025-01-17,Completed,Card
7243,1701,2024-04-23,Completed,Card
7244,219,2024-03-09,Completed,Card
7245,3589,2024-12-30,Completed,PayPal
7246,727,2024-02-13,Returned,PayPal
7247,4614,2025-11-11,Cancelled,Card
7248,812,2024-07-29,Completed,PayPal
7249,4910,2024-10-02,Completed,Card
7250,4710,2024-04-16,Completed,Card
7251,4522,2025-04-23,Completed,PayPal
7252,1584,2025-11-09,Completed,Card
7253,4038,2024-07-23,Completed,Card
7254,883,2024-04-28,Completed,Card
7255,432,2025-04-30,Completed,Bank Transfer
7256,4035,2024-04-18,Completed,PayPal
7257,948,2025-03-29,Completed,Bank Transfer
7258,3908,2024-08-26,Completed,Card
7259,1668,2024-01-08,Completed,PayPal
7260,2983,2025-05-26,Completed,PayPal
7261,2540,2024-02-12,Completed,PayPal
7262,2114,2025-01-28,Completed,PayPal
7263,391,2024-05-11,Completed,Card
7264,83,2025-12-18,Completed,Card
7265,1003,2025-01-28,Completed,Bank Transfer
7266,481,2025-07-11,Completed,Card
7267,777,2024-07-16,Completed,Card
7268,4090,2025-04-08,Completed,PayPal
7269,1755,2024-04-30,Completed,Card
7270,1249,2024-10-26,Completed,Card
7271,1137,2024-08-07,Completed,Card
7272,2700,2024-04-03,Completed,Card
7273,3257,2024-10-18,Completed,PayPal
7274,1536,2024-06-01,Completed,Card
7275,3245,2025-06-08,Completed,Card
7276,523,2025-12-19,Completed,Card
7277,1695,2025-02-25,Cancelled,PayPal
7278,2253,2024-06-06,Completed,Card
7279,4838,2024-09-26,Completed,Card
7280,3610,2025-08-02,Cancelled,Card
7281,278,2024-09-13,Completed,Card
7282,148,2025-12-01,Completed,Card
7283,4874,2025-05-29,Completed,Card
7284,4515,2024-08-24,Completed,Card
7285,2586,2025-03-20,Cancelled,Card
7286,3655,2025-10-05,Completed,Bank Transfer
7287,3621,2024-06-19,Completed,Card
7288,2440,2024-09-26,Completed,PayPal
7289,940,2025-08-23,Cancelled,Card
7290,3710,2025-09-06,Completed,Card
7291,4338,2025-09-28,Completed,PayPal
7292,1224,2024-03-07,Cancelled,Card
7293,3364,2024-01-08,Cancelled,PayPal
7294,3024,2025-07-09,Completed,Card
7295,1818,2025-03-23,Completed,Card
7296,3373,2024-05-14,Completed,Card
7297,684,2024-01-25,Completed,Card
7298,1233,2025-04-09,Completed,Card
7299,3386,2025-01-08,Cancelled,Card
7300,617,2024-07-14,Completed,PayPal
7301,2074,2025-12-04,Completed,Card
7302,2911,2025-02-05,Completed,Card
7303,2018,2024-05-01,Completed,Card
7304,4224,2025-07-12,Completed,PayPal
7305,4509,2024-07-27,Completed,PayPal
7306,2185,2024-10-27,Completed,Card
7307,1358,2025-08-23,Completed,Card
7308,4667,2025-05-29,Completed,Card
7309,3064,2025-10-18,Completed,Card
7310,2469,2025-06-17,Cancelled,Card
7311,3921,2024-02-08,Completed,PayPal
7312,4237,2025-09-10,Completed,Bank Transfer
7313,1940,2025-09-03,Returned,Card
7314,3857,2024-07-24,Completed,Card
7315,51,2025-08-05,Completed,Card
7316,2977,2025-11-11,Cancelled,Card
7317,1361,2025-11-27,Completed,Card
7318,3737,2025-02-15,Completed,Card
7319,3803,2024-11-28,Completed,Bank Transfer
7320,3803,2024-07-26,Completed,Card
7321,366,2025-02-08,Completed,Card
7322,2956,2025-01-22,Completed,Card
7323,3046,2025-05-01,Completed,Bank Transfer
7324,2004,2025-01-16,Completed,PayPal
7325,2902,2024-09-27,Completed,Card
7326,258,2025-03-12,Completed,Card
7327,3460,2025-03-05,Completed,Card
7328,45,2025-10-08,Completed,Card
7329,269,2025-10-19,Completed,PayPal
7330,1335,2024-12-10,Completed,Card
7331,672,2024-05-28,Completed,Card
7332,3639,2025-09-19,Completed,Card
7333,235,2025-01-26,Completed,Card
7334,3208,2024-07-05,Completed,PayPal
7335,2401,2024-01-20,Completed,Bank Transfer
7336,1418,2024-12-03,Completed,Card
7337,4371,2025-01-07,Completed,Card
7338,3255,2024-03-07,Completed,PayPal
7339,440,2025-03-14,Completed,PayPal
7340,4968,2024-03-02,Completed,PayPal
7341,651,2025-04-30,Completed,PayPal
7342,34,2025-09-13,Cancelled,PayPal
7343,2753,2025-07-21,Completed,PayPal
7344,4963,2024-03-25,Completed,PayPal
7345,3033,2025-02-09,Completed,PayPal
7346,4928,2025-01-29,Completed,Card
7347,1111,2025-09-10,Completed,PayPal
7348,3282,2025-06-07,Cancelled,Bank Transfer
7349,462,2024-06-24,Completed,PayPal
7350,322,2024-12-24,Completed,Card
7351,4511,2025-06-22,Completed,PayPal
7352,1875,2024-10-17,Completed,Card
7353,3040,2024-05-09,Completed,Card
7354,2238,2025-04-23,Completed,Card
7355,4022,2025-10-09,Completed,Bank Transfer
7356,1257,2025-06-15,Completed,PayPal
7357,2440,2024-09-20,Completed,Bank Transfer
7358,4010,2025-11-01,Completed,PayPal
7359,3241,2025-05-17,Completed,Bank Transfer
7360,4264,2024-06-08,Completed,Card
7361,3303,2025-06-21,Completed,Card
7362,2712,2024-03-21,Completed,PayPal
7363,1410,2025-02-16,Completed,Card
7364,2429,2025-04-19,Completed,PayPal
7365,1833,2024-01-18,Completed,Bank Transfer
7366,2025,2024-03-09,Completed,PayPal
7367,3347,2024-05-09,Completed,Card
7368,4994,2025-10-08,Completed,Card
7369,3932,2025-12-30,Completed,PayPal
7370,2912,2024-11-05,Completed,Card
7371,4958,2025-05-01,Completed,Bank Transfer
7372,4246,2024-01-15,Completed,Card
7373,3214,2025-05-10,Cancelled,Bank Transfer
7374,2164,2024-07-04,Completed,PayPal
7375,4920,2025-02-20,Cancelled,PayPal
7376,1453,2025-12-07,Completed,Card
7377,2754,2025-12-03,Cancelled,Card
7378,2902,2025-03-07,Completed,PayPal
7379,3072,2024-03-06,Completed,Card
7380,4047,2024-03-21,Completed,PayPal
7381,306,2024-02-05,Completed,Card
7382,1385,2024-01-17,Completed,Card
7383,3368,2025-05-28,Completed,Card
7384,1575,2024-02-02,Completed,Bank Transfer
7385,873,2024-12-14,Completed,PayPal
7386,169,2025-01-14,Completed,PayPal
7387,1604,2025-05-22,Completed,PayPal
7388,1031,2025-10-07,Completed,PayPal
7389,1735,2024-09-23,Completed,PayPal
7390,4443,2025-05-31,Completed,Bank Transfer
7391,3668,2025-04-29,Completed,PayPal
7392,4831,2024-12-12,Completed,Bank Transfer
7393,1277,2025-08-25,Completed,Card
7394,543,2025-10-25,Completed,Bank Transfer
7395,355,2025-03-18,Completed,PayPal
7396,4809,2025-01-12,Completed,Bank Transfer
7397,4037,2025-09-21,Completed,Card
7398,3440,2025-07-26,Completed,PayPal
7399,584,2024-12-23,Completed,Bank Transfer
7400,511,2025-06-21,Cancelled,Card
7401,947,2025-09-12,Completed,Bank Transfer
7402,3474,2024-07-28,Completed,Card
7403,1199,2024-02-11,Completed,Bank Transfer
7404,2872,2024-01-13,Completed,Card
7405,3996,2025-08-23,Completed,PayPal
7406,3922,2025-08-22,Completed,Card
7407,4174,2025-05-03,Completed,Card
7408,4536,2024-07-05,Completed,PayPal
7409,3304,2024-03-03,Returned,Card
7410,2448,2024-12-01,Cancelled,PayPal
7411,3285,2025-07-08,Completed,PayPal
7412,1217,2024-03-15,Completed,Bank Transfer
7413,1291,2024-05-28,Cancelled,Card
7414,4222,2025-11-24,Completed,PayPal
7415,502,2024-07-25,Cancelled,Card
7416,2872,2025-11-23,Completed,Card
7417,387,2025-11-15,Completed,Card
7418,412,2024-08-28,Completed,Bank Transfer
7419,2007,2025-11-06,Completed,Card
7420,2148,2025-07-28,Completed,Card
7421,3869,2024-08-22,Completed,Card
7422,1339,2024-05-04,Completed,PayPal
7423,353,2024-09-13,Completed,PayPal
7424,4965,2024-04-01,Completed,PayPal
7425,3189,2025-12-07,Completed,Card
7426,1303,2024-07-25,Completed,PayPal
7427,847,2025-02-20,Completed,Card
7428,526,2024-10-14,Cancelled,Bank Transfer
7429,2525,2024-08-02,Completed,Card
7430,1879,2025-11-28,Completed,PayPal
7431,4106,2025-09-29,Completed,Card
7432,3631,2025-05-26,Completed,Card
7433,3810,2025-07-26,Completed,PayPal
7434,2820,2025-01-02,Completed,Card
7435,2908,2025-02-04,Completed,Card
7436,3078,2024-07-19,Cancelled,Card
7437,3831,2025-08-03,Completed,Card
7438,1059,2024-10-11,Completed,Card
7439,2490,2024-03-03,Completed,PayPal
7440,3649,2025-10-07,Completed,Bank Transfer
7441,3265,2024-12-26,Completed,PayPal
7442,3602,2024-07-05,Completed,Card
7443,2294,2025-04-27,Completed,Card
7444,675,2025-01-05,Cancelled,Card
7445,1879,2024-01-21,Completed,PayPal
7446,1012,2024-11-03,Completed,Card
7447,794,2024-02-15,Completed,PayPal
7448,233,2024-07-12,Completed,Card
7449,3028,2024-02-26,Completed,Card
7450,3610,2025-07-07,Completed,Card
7451,2174,2025-04-01,Completed,PayPal
7452,3385,2024-11-28,Completed,Card
7453,4607,2024-01-16,Completed,Card
7454,2329,2025-10-06,Completed,Card
7455,798,2025-05-27,Completed,Bank Transfer
7456,3685,2024-05-29,Completed,Card
7457,4488,2025-09-25,Completed,PayPal
7458,4478,2024-07-31,Cancelled,Card
7459,2590,2025-01-25,Completed,Card
7460,4702,2024-10-07,Completed,Card
7461,4212,2025-10-13,Completed,Card
7462,509,2025-11-01,Completed,PayPal
7463,1464,2025-06-22,Completed,Card
7464,3363,2024-12-07,Completed,Card
7465,3111,2025-11-04,Completed,Card
7466,1048,2025-09-21,Completed,Card
7467,4872,2024-12-02,Completed,Card
7468,4436,2024-03-15,Completed,Card
7469,169,2024-04-02,Completed,Bank Transfer
7470,1562,2025-06-29,Completed,Bank Transfer
7471,3173,2024-04-24,Returned,Card
7472,575,2025-02-24,Completed,PayPal
7473,1743,2024-04-22,Completed,Card
7474,4571,2025-01-02,Completed,Card
7475,4017,2024-02-29,Completed,Card
7476,2359,2024-10-08,Completed,Card
7477,4025,2024-08-24,Completed,Card
7478,531,2025-09-29,Cancelled,Card
7479,991,2024-02-14,Completed,Card
7480,2121,2024-07-15,Completed,Card
7481,4965,2025-12-24,Completed,PayPal
7482,2442,2025-05-13,Completed,PayPal
7483,2529,2025-08-05,Completed,Card
7484,2521,2025-03-24,Completed,Card
7485,4409,2025-11-09,Completed,Card
7486,1462,2024-07-13,Completed,Card
7487,952,2025-11-15,Completed,Bank Transfer
7488,965,2024-07-13,Completed,Card
7489,2135,2025-07-28,Completed,Bank Transfer
7490,4455,2025-08-04,Completed,PayPal
7491,695,2024-11-05,Completed,Card
7492,2245,2025-08-13,Completed,Card
7493,2804,2025-07-01,Completed,Card
7494,3912,2025-01-23,Completed,PayPal
7495,3025,2025-12-07,Completed,Bank Transfer
7496,1409,2025-03-10,Completed,PayPal
7497,4594,2025-12-29,Completed,Card
7498,2979,2025-10-22,Completed,Card
7499,462,2025-05-10,Completed,Card
7500,1618,2024-07-19,Returned,Card
7501,417,2025-10-27,Completed,PayPal
7502,1389,2025-06-17,Completed,PayPal
7503,4368,2024-10-23,Completed,Card
7504,4488,2025-05-08,Returned,Card
7505,2595,2025-12-27,Cancelled,Card
7506,4821,2024-11-26,Completed,PayPal
7507,1747,2025-09-25,Returned,Card
7508,3502,2024-09-17,Completed,Card
7509,2860,2024-02-24,Returned,Card
7510,3979,2024-10-08,Completed,PayPal
7511,4491,2025-09-29,Completed,Card
7512,4758,2025-03-17,Completed,Card
7513,853,2024-09-15,Completed,Card
7514,3291,2025-07-15,Completed,Card
7515,1712,2024-05-25,Completed,Bank Transfer
7516,2526,2025-01-25,Completed,Card
7517,3647,2025-01-07,Returned,PayPal
7518,2031,2024-02-14,Completed,PayPal
7519,237,2025-01-31,Completed,Card
7520,1057,2024-09-18,Cancelled,Card
7521,2261,2025-04-23,Completed,PayPal
7522,2427,2025-07-18,Completed,PayPal
7523,1026,2025-04-29,Completed,Card
7524,909,2025-12-08,Completed,Card
7525,450,2025-05-30,Completed,Card
7526,569,2025-07-25,Cancelled,Card
7527,3499,2025-11-15,Cancelled,Card
7528,2861,2025-08-06,Completed,Card
7529,2327,2025-04-30,Completed,Card
7530,4310,2025-08-09,Completed,Card
7531,1309,2025-04-10,Completed,PayPal
7532,718,2025-04-10,Completed,Bank Transfer
7533,970,2024-01-22,Completed,PayPal
7534,3346,2025-01-30,Completed,Card
7535,2486,2024-07-27,Returned,Bank Transfer
7536,3656,2025-07-16,Completed,Card
7537,2719,2024-05-24,Completed,Card
7538,904,2025-02-23,Completed,Card
7539,1451,2024-12-14,Completed,Bank Transfer
7540,1456,2024-10-31,Completed,Card
7541,4231,2024-02-13,Completed,Card
7542,532,2024-04-16,Completed,Card
7543,2268,2024-05-29,Completed,Card
7544,333,2025-08-28,Completed,PayPal
7545,1322,2024-09-20,Completed,Card
7546,4053,2024-04-19,Completed,Card
7547,1709,2024-01-18,Completed,PayPal
7548,3527,2024-12-01,Completed,Card
7549,401,2024-08-26,Completed,Bank Transfer
7550,3631,2025-12-24,Completed,Card
7551,3038,2024-11-23,Completed,Card
7552,3992,2024-10-20,Completed,PayPal
7553,1479,2025-02-16,Completed,Card
7554,1915,2025-04-05,Completed,Card
7555,1058,2024-03-21,Completed,PayPal
7556,2994,2024-09-11,Completed,Bank Transfer
7557,42,2024-12-28,Completed,Card
7558,4897,2025-12-21,Completed,Card
7559,2171,2025-04-01,Completed,Card
7560,27,2025-03-18,Completed,Card
7561,3534,2025-06-16,Completed,Card
7562,2619,2024-08-25,Completed,Card
7563,1171,2024-09-17,Completed,PayPal
7564,3699,2024-09-29,Completed,Card
7565,711,2024-10-06,Completed,Card
7566,3200,2024-05-29,Completed,Card
7567,2424,2024-05-31,Completed,PayPal
7568,2019,2025-07-26,Completed,Card
7569,4761,2025-10-09,Cancelled,Card
7570,4879,2024-01-12,Completed,Card
7571,2899,2024-01-14,Completed,Bank Transfer
7572,2048,2025-05-25,Completed,PayPal
7573,1559,2025-06-25,Completed,PayPal
7574,3595,2025-03-20,Completed,Card
7575,1723,2024-11-13,Completed,PayPal
7576,4053,2024-08-25,Cancelled,Card
7577,1652,2025-06-22,Completed,PayPal
7578,1779,2025-10-15,Completed,Card
7579,684,2024-03-14,Completed,Card
7580,1280,2025-03-09,Completed,Bank Transfer
7581,2295,2024-10-24,Completed,Card
7582,2011,2025-12-11,Completed,Card
7583,1216,2024-10-22,Returned,Card
7584,2583,2024-01-14,Completed,Card
7585,1894,2025-09-03,Completed,Card
7586,314,2025-08-25,Completed,Card
7587,3995,2025-01-29,Completed,Card
7588,444,2024-07-09,Completed,Card
7589,1672,2025-02-24,Completed,Card
7590,2917,2024-04-15,Completed,Card
7591,3267,2025-01-28,Completed,PayPal
7592,4678,2025-03-13,Completed,Card
7593,4644,2024-01-07,Completed,Card
7594,3096,2024-03-21,Completed,Bank Transfer
7595,4561,2025-10-13,Completed,PayPal
7596,1865,2025-04-29,Completed,Card
7597,716,2024-12-22,Completed,Bank Transfer
7598,892,2024-11-06,Completed,Bank Transfer
7599,3808,2025-05-20,Completed,Card
7600,501,2025-06-02,Completed,Card
7601,2783,2025-10-25,Completed,Card
7602,2641,2025-09-29,Completed,Card
7603,4503,2025-03-24,Completed,PayPal
7604,1354,2024-10-11,Completed,Bank Transfer
7605,703,2024-10-08,Completed,Card
7606,2334,2024-03-14,Cancelled,Card
7607,2195,2024-02-14,Completed,Card
7608,2010,2025-06-12,Completed,Card
7609,384,2025-11-06,Completed,PayPal
7610,2059,2025-04-01,Completed,Card
7611,2324,2025-07-28,Completed,Bank Transfer
7612,886,2025-02-10,Completed,Card
7613,1592,2024-04-02,Completed,PayPal
7614,4399,2024-11-17,Completed,Card
7615,2252,2025-04-10,Completed,Card
7616,4441,2025-08-26,Completed,PayPal
7617,1784,2025-07-07,Completed,PayPal
7618,4922,2024-11-22,Completed,PayPal
7619,4118,2025-08-05,Completed,Bank Transfer
7620,2584,2025-12-28,Returned,Bank Transfer
7621,1730,2025-07-21,Completed,Bank Transfer
7622,263,2025-08-13,Completed,PayPal
7623,2632,2025-02-18,Completed,Card
7624,3827,2025-05-13,Completed,Card
7625,2431,2025-03-15,Completed,Card
7626,392,2025-09-24,Completed,PayPal
7627,2937,2025-12-14,Completed,Card
7628,3673,2025-03-07,Completed,PayPal
7629,540,2024-11-23,Completed,PayPal
7630,1116,2024-09-13,Completed,Card
7631,884,2025-10-03,Completed,Card
7632,4324,2025-07-07,Completed,Card
7633,2420,2024-03-14,Completed,Card
7634,1400,2024-08-21,Completed,Card
7635,1577,2025-06-04,Completed,Card
7636,2085,2025-06-26,Completed,Card
7637,4787,2025-08-30,Completed,Card
7638,1536,2024-09-14,Completed,PayPal
7639,4754,2024-08-16,Completed,PayPal
7640,90,2024-09-01,Completed,Card
7641,4191,2025-03-02,Returned,Card
7642,1655,2025-12-10,Completed,PayPal
7643,1902,2025-03-31,Completed,Card
7644,2680,2025-04-17,Completed,Card
7645,2171,2025-07-16,Completed,Card
7646,366,2025-12-29,Completed,Card
7647,3961,2024-06-22,Completed,PayPal
7648,2373,2024-03-15,Completed,Card
7649,519,2024-04-08,Completed,PayPal
7650,4992,2025-05-27,Completed,Card
7651,3711,2024-05-03,Returned,Card
7652,830,2024-04-26,Completed,PayPal
7653,2634,2024-12-08,Completed,PayPal
7654,271,2025-12-07,Completed,Card
7655,2987,2024-08-20,Completed,Card
7656,3539,2024-05-08,Completed,Card
7657,4565,2025-01-08,Completed,Card
7658,4815,2025-07-28,Completed,Bank Transfer
7659,1008,2024-08-23,Completed,Card
7660,2318,2024-07-08,Completed,Card
7661,605,2025-12-01,Completed,Card
7662,4474,2024-06-16,Cancelled,Card
7663,177,2025-08-29,Completed,PayPal
7664,2322,2025-10-30,Completed,Card
7665,1715,2024-10-17,Completed,Card
7666,637,2024-12-06,Completed,Card
7667,2624,2025-01-29,Completed,Card
7668,4156,2025-04-18,Completed,Card
7669,2779,2024-05-18,Completed,PayPal
7670,3753,2024-07-09,Completed,PayPal
7671,661,2025-07-21,Completed,Bank Transfer
7672,4366,2025-06-02,Completed,Card
7673,3188,2024-02-20,Completed,Card
7674,4341,2025-07-04,Completed,Card
7675,4756,2024-10-24,Completed,Card
7676,85,2024-03-12,Completed,PayPal
7677,3671,2024-09-12,Completed,Card
7678,907,2024-11-04,Completed,Card
7679,3522,2024-03-31,Completed,Card
7680,1876,2024-05-28,Completed,PayPal
7681,3959,2024-01-30,Completed,PayPal
7682,2137,2025-04-06,Completed,Card
7683,2597,2025-09-26,Completed,Bank Transfer
7684,854,2025-01-19,Completed,Card
7685,507,2025-09-28,Completed,Bank Transfer
7686,408,2025-10-07,Completed,Card
7687,524,2025-06-01,Completed,Card
7688,3051,2025-01-07,Cancelled,Card
7689,2398,2024-07-15,Completed,Card
7690,2900,2024-07-08,Completed,Bank Transfer
7691,328,2024-03-19,Returned,PayPal
7692,1836,2025-06-30,Completed,Bank Transfer
7693,1310,2024-03-12,Completed,Card
7694,4719,2024-02-12,Completed,PayPal
7695,2536,2024-05-12,Completed,Card
7696,2042,2024-04-15,Completed,Card
7697,2535,2025-11-01,Completed,Card
7698,2193,2024-12-22,Completed,Card
7699,756,2024-01-08,Completed,Card
7700,146,2024-12-08,Completed,PayPal
7701,3823,2025-03-12,Completed,PayPal
7702,3575,2024-03-20,Completed,Card
7703,1628,2025-07-09,Completed,Card
7704,4924,2025-11-19,Returned,Card
7705,1859,2025-01-26,Completed,Card
7706,4723,2025-07-29,Completed,Card
7707,3599,2024-10-14,Completed,Card
7708,630,2024-04-22,Completed,Card
7709,3167,2025-12-20,Completed,Bank Transfer
7710,3519,2024-08-13,Completed,PayPal
7711,4353,2024-11-28,Completed,PayPal
7712,3915,2025-02-20,Completed,Card
7713,905,2024-10-04,Completed,Card
7714,2618,2024-01-03,Cancelled,Card
7715,2790,2025-06-28,Completed,PayPal
7716,108,2025-04-22,Completed,Card
7717,1043,2025-02-13,Completed,Card
7718,1389,2024-11-02,Cancelled,Bank Transfer
7719,1677,2024-08-01,Completed,Card
7720,4256,2024-01-30,Cancelled,Card
7721,4196,2025-02-22,Completed,Bank Transfer
7722,265,2025-06-20,Completed,Card
7723,3822,2024-01-28,Completed,Card
7724,2798,2025-08-31,Completed,PayPal
7725,3121,2024-03-27,Completed,Bank Transfer
7726,677,2024-01-26,Completed,PayPal
7727,4895,2024-04-29,Completed,Card
7728,3487,2025-12-13,Completed,Card
7729,2707,2025-01-26,Completed,Card
7730,3970,2024-12-22,Completed,Card
7731,608,2024-12-18,Returned,PayPal
7732,3426,2024-01-15,Completed,Card
7733,2395,2024-10-31,Completed,Card
7734,2860,2024-09-10,Completed,PayPal
7735,4897,2025-09-14,Completed,PayPal
7736,1161,2025-06-03,Completed,PayPal
7737,1848,2025-10-01,Completed,Card
7738,4058,2024-07-04,Completed,Card
7739,1492,2025-01-21,Completed,PayPal
7740,2022,2025-05-14,Completed,Card
7741,4599,2024-01-14,Completed,Card
7742,3016,2024-08-17,Completed,Card
7743,4567,2024-03-31,Completed,Bank Transfer
7744,2738,2025-02-07,Completed,Card
7745,2049,2025-05-19,Completed,PayPal
7746,4206,2024-01-04,Completed,Card
7747,3955,2025-10-25,Completed,Card
7748,894,2024-08-06,Completed,Card
7749,1088,2025-08-10,Completed,Card
7750,4852,2024-08-03,Completed,Card
7751,4149,2024-06-07,Completed,PayPal
7752,2310,2025-08-01,Completed,Card
7753,3601,2025-12-04,Returned,PayPal
7754,2934,2025-01-07,Completed,Card
7755,2282,2024-01-17,Completed,Bank Transfer
7756,73,2025-05-09,Completed,Bank Transfer
7757,1381,2025-09-10,Completed,Card
7758,484,2025-04-10,Completed,PayPal
7759,1030,2025-03-19,Completed,PayPal
7760,3782,2024-03-21,Completed,Card
7761,4973,2024-06-14,Completed,PayPal
7762,3780,2024-12-22,Completed,Bank Transfer
7763,1832,2024-08-21,Completed,Card
7764,4955,2024-06-10,Completed,Card
7765,2021,2024-06-23,Completed,PayPal
7766,779,2025-11-02,Completed,Card
7767,3476,2024-12-28,Completed,Card
7768,4724,2025-01-10,Completed,Card
7769,3278,2025-11-27,Completed,Card
7770,410,2024-06-22,Completed,Card
7771,1060,2024-08-25,Completed,Card
7772,2310,2024-06-11,Completed,Card
7773,1601,2024-08-25,Cancelled,Card
7774,4988,2025-09-09,Completed,Card
7775,4544,2025-09-21,Completed,Bank Transfer
7776,2234,2024-08-19,Completed,Card
7777,1653,2025-08-10,Completed,Bank Transfer
7778,99999,2025-05-31,Returned,Card
7779,352,2025-12-30,Completed,Card
7780,3223,2024-08-23,Completed,PayPal
7781,2432,2024-11-18,Completed,Card
7782,465,2025-06-27,Completed,Card
7783,2514,2025-02-10,Completed,Card
7784,3167,2024-06-25,Completed,Card
7785,2210,2025-05-14,Completed,PayPal
7786,556,2024-04-28,Returned,Card
7787,300,2024-07-08,Completed,Card
7788,3867,2025-09-05,Completed,PayPal
7789,356,2024-12-30,Cancelled,Card
7790,564,2025-04-30,Completed,Card
7791,4010,2024-03-19,Completed,Card
7792,4889,2024-11-17,Completed,Card
7793,1023,2024-05-18,Completed,PayPal
7794,1191,2024-12-01,Completed,PayPal
7795,3211,2025-02-05,Completed,Card
7796,1905,2024-08-13,Completed,Card
7797,2037,2024-09-22,Completed,Card
7798,1027,2024-11-28,Completed,Card
7799,256,2024-08-11,Completed,Card
7800,2419,2025-07-25,Completed,PayPal
7801,2564,2025-07-13,Returned,PayPal
7802,2952,2025-08-15,Completed,Card
7803,270,2025-06-03,Completed,PayPal
7804,928,2024-09-05,Completed,Card
7805,64,2025-11-07,Completed,PayPal
7806,4556,2025-02-24,Completed,Card
7807,1043,2024-07-05,Completed,PayPal
7808,4189,2024-09-05,Completed,PayPal
7809,4869,2024-05-06,Completed,Card
7810,810,2024-03-28,Completed,PayPal
7811,2042,2024-02-14,Completed,Card
7812,3089,2024-09-02,Completed,Card
7813,1647,2025-02-14,Completed,Card
7814,4936,2024-08-05,Completed,Card
7815,488,2025-03-02,Completed,Card
7816,3082,2024-01-15,Completed,PayPal
7817,1748,2025-11-19,Completed,Card
7818,749,2024-11-30,Completed,Card
7819,3838,2025-12-27,Completed,Card
7820,528,2025-06-20,Completed,Card
7821,1168,2025-05-06,Completed,PayPal
7822,4650,2024-10-18,Completed,PayPal
7823,4611,2024-04-26,Returned,Card
7824,3542,2025-08-14,Completed,Card
7825,4473,2025-11-17,Returned,PayPal
7826,3740,2025-04-13,Cancelled,Card
7827,484,2025-07-05,Completed,Bank Transfer
7828,452,2025-11-13,Completed,Card
7829,4070,2025-09-20,Completed,Card
7830,4398,2025-11-26,Cancelled,Card
7831,3134,2025-08-15,Completed,Card
7832,1774,2025-01-21,Completed,PayPal
7833,999,2025-08-05,Completed,Card
7834,2066,2025-10-13,Completed,Card
7835,398,2024-07-11,Completed,Card
7836,1804,2025-11-13,Completed,Card
7837,2152,2024-04-10,Completed,Bank Transfer
7838,1947,2024-03-10,Completed,Card
7839,3718,2024-06-22,Completed,Card
7840,3416,2025-03-19,Completed,Bank Transfer
7841,1395,2025-12-01,Completed,PayPal
7842,4129,2025-03-08,Completed,Card
7843,2422,2024-08-02,Completed,Card
7844,3920,2025-06-20,Completed,Bank Transfer
7845,3084,2025-08-23,Completed,PayPal
7846,2789,2025-10-04,Completed,PayPal
7847,1845,2025-12-08,Completed,Bank Transfer
7848,1805,2024-11-14,Completed,PayPal
7849,890,2024-10-12,Completed,PayPal
7850,2504,2024-08-12,Completed,PayPal
7851,1894,2024-12-14,Completed,Card
7852,1667,2025-01-22,Completed,Card
7853,4345,2024-12-06,Completed,Card
7854,3066,2025-10-22,Completed,Card
7855,3642,2025-05-18,Completed,Card
7856,3076,2024-03-11,Completed,Card
7857,1260,2024-05-08,Completed,PayPal
7858,2221,2025-03-19,Completed,Bank Transfer
7859,2419,2024-10-16,Completed,Card
7860,2839,2025-08-21,Completed,Card
7861,2797,2025-01-21,Completed,PayPal
7862,787,2024-01-18,Completed,PayPal
7863,3368,2025-07-08,Completed,PayPal
7864,4936,2024-03-16,Completed,PayPal
7865,2448,2025-07-06,Completed,Bank Transfer
7866,3130,2024-12-30,Completed,Card
7867,1899,2024-10-06,Completed,Bank Transfer
7868,4504,2024-10-06,Completed,PayPal
7869,3585,2025-03-18,Completed,PayPal
7870,4160,2024-11-24,Completed,Card
7871,3950,2025-06-19,Completed,Bank Transfer
7872,2468,2025-05-22,Completed,Card
7873,2194,2025-03-25,Completed,PayPal
7874,17,2025-01-09,Completed,PayPal
7875,3023,2024-10-22,Completed,Card
7876,4994,2025-04-20,Completed,PayPal
7877,1267,2025-01-27,Completed,PayPal
7878,479,2024-04-18,Completed,Card
7879,4297,2024-12-24,Completed,PayPal
7880,3978,2024-10-15,Completed,Card
7881,3545,2025-02-21,Completed,Card
7882,4275,2024-11-13,Completed,Card
7883,4549,2024-12-06,Completed,Card
7884,486,2024-11-12,Completed,Card
7885,4089,2024-12-14,Completed,Card
7886,4674,2024-01-27,Completed,Card
7887,338,2025-09-29,Completed,Card
7888,861,2025-02-04,Cancelled,PayPal
7889,2004,2024-11-11,Completed,Card
7890,1472,2025-11-12,Completed,PayPal
7891,2043,2025-07-12,Cancelled,Card
7892,3429,2025-01-02,Completed,Card
7893,3121,2024-12-08,Completed,PayPal
7894,1520,2025-11-23,Completed,Card
7895,702,2024-12-30,Completed,Card
7896,4389,2024-03-13,Completed,Bank Transfer
7897,4036,2024-05-01,Completed,PayPal
7898,3745,2024-07-04,Completed,Card
7899,1174,2024-11-14,Completed,Card
7900,1606,2025-08-16,Completed,PayPal
7901,1880,2025-06-25,Cancelled,Card
7902,3394,2025-09-24,Completed,Card
7903,2125,2024-12-18,Completed,Bank Transfer
7904,4992,2024-12-20,Completed,Card
7905,4643,2024-04-15,Completed,Card
7906,1447,2025-02-21,Completed,Card
7907,3307,2025-10-03,Completed,Card
7908,3402,2024-07-23,Completed,Card
7909,3784,2025-07-18,Completed,Card
7910,2373,2025-01-16,Completed,Card
7911,151,2024-10-23,Completed,Bank Transfer
7912,1660,2024-10-05,Completed,Card
7913,879,2024-07-07,Completed,Card
7914,2320,2025-12-27,Completed,PayPal
7915,2884,2025-06-26,Completed,Card
7916,3996,2025-03-25,Completed,PayPal
7917,2416,2024-09-14,Completed,Card
7918,1516,2025-03-28,Completed,Card
7919,3388,2025-07-25,Cancelled,Card
7920,590,2024-03-18,Completed,Card
7921,588,2024-01-23,Completed,PayPal
7922,2620,2025-05-17,Completed,Card
7923,1196,2024-07-03,Completed,Bank Transfer
7924,4354,2025-06-30,Cancelled,PayPal
7925,2327,2025-05-27,Completed,Bank Transfer
7926,2606,2025-09-08,Completed,Card
7927,2539,2025-11-18,Completed,PayPal
7928,566,2024-02-18,Completed,Bank Transfer
7929,1757,2024-06-16,Completed,PayPal
7930,4076,2025-10-31,Completed,Card
7931,1361,2024-01-21,Completed,Card
7932,2569,2025-01-26,Completed,PayPal
7933,2374,2024-04-14,Completed,PayPal
7934,1196,2024-10-16,Cancelled,Card
7935,2132,2025-09-24,Cancelled,PayPal
7936,2889,2025-12-04,Completed,PayPal
7937,1568,2025-03-01,Completed,Card
7938,3411,2024-08-16,Completed,Card
7939,2368,2024-06-29,Completed,Card
7940,3344,2024-12-17,Completed,Card
7941,3098,2024-08-12,Completed,Card
7942,1261,2024-08-21,Cancelled,Bank Transfer
7943,1334,2024-09-22,Completed,Card
7944,4329,2024-11-09,Completed,PayPal
7945,4645,2025-05-13,Completed,PayPal
7946,3337,2024-08-05,Completed,Card
7947,3085,2024-07-29,Completed,Card
7948,3388,2024-04-08,Completed,PayPal
7949,4714,2025-09-12,Completed,PayPal
7950,2432,2025-01-22,Completed,PayPal
7951,1017,2024-12-10,Returned,PayPal
7952,642,2024-09-09,Completed,Card
7953,4063,2025-06-07,Completed,Card
7954,316,2024-04-27,Completed,PayPal
7955,2304,2025-08-22,Completed,Card
7956,441,2024-07-27,Completed,Card
7957,1139,2025-02-12,Completed,Card
7958,915,2025-04-25,Completed,Card
7959,2304,2025-10-03,Completed,Card
7960,4143,2024-11-24,Completed,PayPal
7961,3422,2024-07-01,Cancelled,Bank Transfer
7962,2079,2025-02-20,Completed,Card
7963,4151,2024-03-23,Completed,Card
7964,2201,2024-09-10,Cancelled,Card
7965,4552,2024-01-05,Returned,Card
7966,36,2024-10-29,Completed,PayPal
7967,818,2025-06-19,Completed,Card
7968,1947,2025-09-24,Cancelled,Card
7969,3957,2025-08-29,Completed,Card
7970,4352,2025-03-03,Completed,Card
7971,2226,2024-08-14,Completed,Card
7972,3326,2025-10-15,Completed,Card
7973,508,2025-07-16,Completed,Card
7974,3746,2025-01-24,Completed,PayPal
7975,4117,2025-10-18,Completed,Card
7976,3878,2025-07-17,Completed,Card
7977,4815,2024-01-12,Completed,Bank Transfer
7978,460,2024-12-02,Completed,Card
7979,1406,2025-08-29,Completed,PayPal
7980,4096,2024-05-08,Cancelled,Card
7981,2037,2024-01-11,Completed,Card
7982,2678,2025-05-04,Cancelled,Card
7983,1745,2024-09-28,Completed,Card
7984,2984,2024-12-22,Cancelled,Bank Transfer
7985,2359,2024-04-01,Completed,PayPal
7986,1232,2024-01-09,Returned,Card
7987,1178,2024-05-02,Completed,PayPal
7988,762,2024-10-07,Completed,PayPal
7989,4779,2025-04-02,Completed,Bank Transfer
7990,2355,2025-03-26,Cancelled,Card
7991,4715,2025-09-22,Completed,Card
7992,3727,2025-02-10,Cancelled,PayPal
7993,1544,2025-12-02,Completed,Bank Transfer
7994,3678,2024-02-25,Completed,PayPal
7995,1934,2025-12-08,Completed,Card
7996,3169,2025-01-13,Completed,Card
7997,3562,2025-05-16,Completed,Card
7998,4103,2024-01-23,Completed,Bank Transfer
7999,3858,2024-09-01,Completed,PayPal
8000,4018,2025-02-21,Completed,Card
8001,4445,2024-08-18,Completed,Card
8002,2965,2024-07-28,Completed,PayPal
8003,1031,2024-06-10,Completed,Card
8004,2548,2025-01-11,Cancelled,PayPal
8005,2523,2024-06-18,Completed,Card
8006,4620,2024-12-04,Completed,PayPal
8007,1876,2025-04-18,Completed,Card
8008,590,2024-08-14,Completed,PayPal
8009,2281,2024-12-28,Completed,PayPal
8010,3102,2025-04-23,Returned,Card
8011,2415,2025-07-08,Completed,PayPal
8012,3898,2025-04-19,Completed,Card
8013,3679,2024-07-13,Completed,Card
8014,1844,2024-01-12,Completed,Card
8015,4152,2025-05-09,Completed,Card
8016,1939,2024-03-02,Completed,Card
8017,2195,2025-06-12,Completed,Card
8018,4460,2024-09-27,Completed,PayPal
8019,253,2025-06-21,Completed,Card
8020,1467,2025-07-10,Completed,PayPal
8021,736,2025-10-18,Completed,Card
8022,340,2024-03-05,Completed,PayPal
8023,3588,2025-04-24,Cancelled,PayPal
8024,1377,2025-05-04,Completed,Card
8025,4720,2024-03-08,Completed,PayPal
8026,705,2024-12-27,Completed,Card
8027,3725,2025-08-30,Completed,PayPal
8028,4419,2025-07-25,Completed,PayPal
8029,2909,2024-01-19,Returned,Bank Transfer
8030,1975,2025-06-28,Completed,Card
8031,1469,2024-03-31,Completed,Card
8032,2143,2024-08-25,Completed,Card
8033,553,2025-04-06,Completed,Card
8034,3492,2024-01-24,Completed,Card
8035,790,2024-08-14,Completed,Card
8036,1174,2025-01-15,Completed,PayPal
8037,553,2024-01-06,Completed,Card
8038,3423,2025-07-23,Completed,Card
8039,4212,2025-09-03,Completed,PayPal
8040,632,2025-09-25,Completed,PayPal
8041,270,2024-12-22,Completed,Card
8042,861,2024-06-05,Completed,PayPal
8043,291,2024-07-19,Cancelled,PayPal
8044,1458,2024-08-12,Completed,Card
8045,630,2025-04-07,Completed,Card
8046,475,2025-10-24,Completed,Bank Transfer
8047,4633,2024-09-13,Completed,PayPal
8048,4081,2025-08-15,Completed,Card
8049,4781,2025-03-06,Completed,Card
8050,1761,2025-02-28,Cancelled,Card
8051,3083,2025-02-10,Completed,PayPal
8052,4709,2025-09-03,Cancelled,Card
8053,3975,2024-04-14,Completed,Card
8054,3399,2024-09-08,Completed,Card
8055,2324,2025-10-06,Cancelled,Bank Transfer
8056,3562,2024-04-08,Completed,PayPal
8057,2393,2024-06-26,Cancelled,Card
8058,3845,2024-09-21,Completed,PayPal
8059,2416,2024-05-11,Cancelled,Card
8060,3805,2024-07-17,Completed,Card
8061,4827,2025-12-05,Completed,Card
8062,1625,2025-12-20,Completed,Card
8063,1509,2024-02-26,Completed,Card
8064,4111,2025-02-12,Completed,Card
8065,4854,2024-09-18,Completed,Card
8066,4,2025-10-15,Completed,Card
8067,3448,2025-07-28,Completed,PayPal
8068,2581,2024-04-27,Completed,Card
8069,3792,2025-04-29,Returned,Card
8070,1161,2024-11-16,Completed,Card
8071,834,2024-11-03,Completed,Bank Transfer
8072,1999,2025-05-04,Completed,Bank Transfer
8073,1203,2024-11-16,Completed,Bank Transfer
8074,2176,2024-12-21,Completed,PayPal
8075,1382,2025-10-09,Completed,Card
8076,4174,2025-08-30,Completed,Card
8077,2789,2025-06-03,Completed,PayPal
8078,2822,2025-06-09,Completed,PayPal
8079,4178,2024-01-24,Completed,Card
8080,342,2024-07-10,Cancelled,Card
8081,1362,2024-12-14,Completed,PayPal
8082,4192,2024-01-25,Completed,Bank Transfer
8083,4617,2025-01-24,Completed,Card
8084,996,2025-10-02,Completed,Card
8085,357,2025-08-21,Completed,Bank Transfer
8086,186,2025-07-21,Completed,Bank Transfer
8087,1694,2024-07-08,Completed,PayPal
8088,2591,2024-01-28,Returned,Card
8089,1343,2025-06-24,Completed,Card
8090,1692,2025-05-05,Completed,Card
8091,1083,2025-05-02,Completed,Card
8092,2058,2024-06-20,Completed,PayPal
8093,2905,2024-02-07,Completed,Card
8094,3196,2024-10-25,Completed,Card
8095,4452,2024-09-22,Completed,PayPal
8096,3418,2024-01-27,Completed,Card
8097,2381,2025-10-09,Returned,Card
8098,17,2025-03-27,Cancelled,PayPal
8099,324,2025-04-13,Completed,Card
8100,2071,2024-03-25,Completed,Bank Transfer
8101,931,2024-01-13,Completed,Card
8102,4555,2025-07-23,Completed,PayPal
8103,4653,2024-09-15,Completed,PayPal
8104,1445,2024-04-09,Completed,Card
8105,4037,2025-09-07,Cancelled,Card
8106,403,2024-09-17,Completed,Bank Transfer
8107,3403,2024-10-04,Completed,Card
8108,4553,2024-03-06,Completed,Card
8109,1507,2025-08-23,Completed,Card
8110,1522,2025-08-22,Completed,PayPal
8111,3099,2025-01-12,Completed,Card
8112,2445,2025-05-31,Completed,Card
8113,2188,2025-10-17,Completed,Card
8114,2569,2024-04-26,Completed,Card
8115,2794,2025-05-13,Completed,Card
8116,92,2024-07-23,Cancelled,PayPal
8117,4948,2025-08-09,Completed,Bank Transfer
8118,4941,2024-03-20,Completed,Card
8119,4763,2024-01-18,Completed,PayPal
8120,1754,2025-12-29,Completed,PayPal
8121,4893,2025-09-05,Completed,PayPal
8122,88,2025-10-05,Completed,Card
8123,1642,2024-02-27,Completed,Card
8124,2963,2024-04-21,Completed,Card
8125,2143,2025-08-19,Completed,PayPal
8126,551,2025-09-19,Cancelled,Bank Transfer
8127,2447,2024-11-10,Completed,Card
8128,1952,2024-06-10,Completed,Bank Transfer
8129,2291,2024-11-19,Completed,Card
8130,3838,2025-12-18,Completed,PayPal
8131,624,2024-11-26,Completed,PayPal
8132,3758,2025-08-02,Completed,PayPal
8133,4797,2025-05-16,Completed,PayPal
8134,3293,2024-02-26,Completed,Card
8135,3833,2024-06-13,Completed,PayPal
8136,2612,2024-06-14,Completed,Bank Transfer
8137,162,2024-10-23,Completed,Card
8138,1993,2024-01-04,Completed,Card
8139,2083,2025-02-13,Returned,Card
8140,3014,2024-04-15,Completed,Card
8141,37,2025-09-11,Completed,PayPal
8142,846,2025-11-12,Completed,Card
8143,2877,2025-07-19,Completed,Card
8144,3347,2024-06-14,Completed,Card
8145,4055,2024-09-10,Completed,PayPal
8146,4201,2025-10-27,Completed,Card
8147,336,2024-05-07,Completed,Card
8148,3098,2025-04-30,Completed,Card
8149,2344,2024-03-16,Completed,Card
8150,1561,2024-08-08,Cancelled,Card
8151,4982,2025-03-09,Cancelled,PayPal
8152,4165,2025-09-26,Completed,Card
8153,4247,2025-06-20,Completed,Card
8154,662,2025-03-14,Completed,Card
8155,4853,2025-03-10,Completed,PayPal
8156,3740,2025-09-09,Completed,Card
8157,3184,2025-09-09,Completed,Card
8158,1486,2025-09-06,Completed,Bank Transfer
8159,2410,2025-06-09,Completed,Card
8160,4299,2024-05-12,Completed,PayPal
8161,2535,2025-03-16,Completed,Card
8162,4,2025-06-17,Completed,PayPal
8163,3098,2025-08-09,Completed,Card
8164,2849,2025-01-25,Completed,Bank Transfer
8165,27,2024-08-31,Completed,PayPal
8166,965,2024-05-25,Completed,Card
8167,3097,2025-02-18,Completed,Card
8168,72,2025-03-02,Returned,PayPal
8169,2948,2024-07-30,Completed,Card
8170,2316,2024-09-05,Completed,PayPal
8171,3898,2024-02-04,Completed,Card
8172,4491,2024-09-09,Completed,PayPal
8173,4965,2024-10-12,Completed,Card
8174,2412,2025-11-23,Completed,PayPal
8175,117,2024-07-28,Completed,Card
8176,2212,2024-04-19,Completed,Card
8177,2925,2024-11-25,Completed,Card
8178,2838,2024-05-21,Completed,PayPal
8179,577,2025-11-06,Completed,Card
8180,772,2024-03-27,Completed,Card
8181,200,2024-05-19,Completed,PayPal
8182,1756,2024-11-27,Cancelled,Card
8183,180,2025-11-04,Completed,Card
8184,2406,2024-01-26,Completed,Card
8185,3324,2025-10-07,Completed,Card
8186,4749,2025-09-18,Completed,Card
8187,4774,2025-11-23,Completed,Card
8188,2302,2024-12-27,Completed,Card
8189,2989,2025-10-20,Returned,Bank Transfer
8190,1603,2024-12-25,Completed,PayPal
8191,1120,2024-08-02,Completed,Bank Transfer
8192,2215,2024-03-17,Completed,Card
8193,1912,2024-04-04,Completed,Card
8194,2902,2024-08-05,Completed,Card
8195,1086,2025-01-02,Completed,PayPal
8196,174,2024-02-21,Completed,PayPal
8197,3533,2024-09-30,Completed,Card
8198,4720,2025-03-19,Completed,Card
8199,1239,2025-11-17,Completed,Card
8200,3311,2024-02-02,Completed,Bank Transfer
8201,4835,2025-02-19,Completed,Card
8202,3814,2025-10-05,Completed,PayPal
8203,3817,2025-02-28,Completed,Card
8204,4771,2024-01-07,Completed,Card
8205,1974,2025-05-09,Completed,Card
8206,3783,2024-12-19,Completed,Card
8207,2245,2025-11-26,Completed,Card
8208,1658,2024-07-17,Completed,Card
8209,413,2025-12-15,Completed,PayPal
8210,3411,2025-03-10,Completed,PayPal
8211,4093,2024-05-15,Completed,PayPal
8212,1383,2024-10-14,Completed,Card
8213,1124,2025-10-19,Completed,Card
8214,4330,2025-12-19,Completed,Bank Transfer
8215,4013,2025-07-20,Completed,Card
8216,2244,2025-02-11,Completed,Card
8217,2590,2025-12-17,Completed,PayPal
8218,1779,2025-12-04,Completed,Card
8219,1130,2024-12-01,Completed,PayPal
8220,645,2024-01-02,Completed,Card
8221,3523,2024-07-03,Completed,PayPal
8222,1558,2025-11-04,Completed,Card
8223,4502,2025-07-14,Returned,Bank Transfer
8224,2774,2025-08-24,Completed,Card
8225,2786,2025-03-13,Completed,Card
8226,1707,2024-01-22,Completed,Card
8227,2602,2024-07-30,Cancelled,Card
8228,3644,2025-04-21,Completed,Card
8229,375,2025-04-10,Completed,Card
8230,1613,2024-08-21,Returned,Card
8231,455,2024-06-20,Completed,Card
8232,4298,2025-08-25,Returned,Card
8233,1476,2025-11-05,Completed,Card
8234,854,2025-06-01,Completed,Card
8235,724,2024-08-31,Completed,Card
8236,1392,2025-02-24,Cancelled,PayPal
8237,2388,2025-01-13,Completed,Card
8238,262,2025-04-17,Completed,Bank Transfer
8239,543,2024-12-06,Completed,Card
8240,551,2025-11-01,Completed,PayPal
8241,3798,2024-05-02,Completed,Card
8242,638,2025-03-09,Completed,Card
8243,165,2024-07-06,Completed,Card
8244,2806,2024-01-14,Completed,Card
8245,621,2024-03-10,Completed,Card
8246,1224,2025-10-12,Completed,Card
8247,3343,2025-02-14,Completed,Card
8248,51,2025-08-13,Completed,Card
8249,489,2024-11-13,Completed,Bank Transfer
8250,665,2025-03-12,Completed,Card
8251,1247,2025-08-14,Completed,Card
8252,2711,2024-05-25,Completed,Card
8253,4362,2024-08-14,Completed,Bank Transfer
8254,4169,2025-01-16,Completed,PayPal
8255,3953,2024-06-28,Completed,Bank Transfer
8256,2592,2025-06-19,Completed,Card
8257,881,2024-04-08,Completed,Card
8258,435,2025-01-25,Completed,Card
8259,1985,2024-09-26,Completed,Card
8260,4453,2024-04-03,Completed,Card
8261,4114,2025-04-07,Completed,Card
8262,3871,2025-10-20,Completed,PayPal
8263,2623,2024-10-11,Completed,Card
8264,1793,2024-01-22,Cancelled,PayPal
8265,2799,2024-01-02,Completed,Card
8266,3513,2024-04-12,Cancelled,Card
8267,1494,2024-02-05,Completed,Card
8268,2680,2024-09-30,Completed,Card
8269,1626,2024-02-20,Completed,Card
8270,2420,2024-05-22,Cancelled,PayPal
8271,3018,2025-04-27,Completed,PayPal
8272,1848,2024-01-17,Completed,Card
8273,3247,2025-08-11,Completed,Card
8274,1539,2024-10-04,Completed,Card
8275,1317,2025-09-26,Cancelled,PayPal
8276,1720,2025-03-13,Completed,Bank Transfer
8277,1951,2025-03-11,Completed,Card
8278,224,2025-01-18,Cancelled,Card
8279,2027,2025-11-16,Completed,Card
8280,1548,2024-05-11,Completed,Bank Transfer
8281,3779,2024-09-19,Completed,PayPal
8282,3724,2025-01-28,Completed,PayPal
8283,1524,2024-07-26,Completed,Card
8284,2704,2024-08-13,Completed,PayPal
8285,1973,2025-12-01,Completed,PayPal
8286,4529,2025-04-09,Completed,Card
8287,4605,2024-12-23,Completed,Card
8288,4604,2024-05-23,Completed,Card
8289,617,2024-12-19,Completed,PayPal
8290,4516,2024-09-07,Completed,PayPal
8291,4170,2025-01-10,Completed,Bank Transfer
8292,2622,2024-09-01,Completed,Card
8293,4242,2024-01-18,Completed,Card
8294,2094,2025-12-15,Completed,PayPal
8295,1765,2025-12-16,Completed,Card
8296,3177,2025-04-29,Completed,Card
8297,1133,2024-01-02,Completed,PayPal
8298,4217,2025-01-10,Completed,PayPal
8299,3571,2025-07-19,Completed,Card
8300,1067,2024-06-14,Returned,Card
8301,2147,2024-11-24,Completed,PayPal
8302,706,2025-10-16,Completed,PayPal
8303,2359,2025-03-23,Completed,Card
8304,3535,2024-04-01,Completed,Card
8305,3813,2025-06-03,Completed,Card
8306,2471,2024-09-08,Completed,Card
8307,4068,2025-09-03,Completed,Card
8308,3461,2024-02-08,Completed,Card
8309,3769,2025-03-11,Completed,PayPal
8310,1935,2025-10-09,Completed,Bank Transfer
8311,2320,2024-12-27,Completed,PayPal
8312,2873,2025-07-15,Completed,PayPal
8313,210,2024-03-23,Completed,Card
8314,4835,2025-12-08,Completed,Card
8315,2808,2024-01-27,Completed,Card
8316,4255,2025-08-11,Completed,Card
8317,3963,2024-01-21,Completed,Card
8318,4837,2024-08-05,Completed,Card
8319,1954,2024-02-14,Completed,Card
8320,2391,2025-02-10,Completed,PayPal
8321,3526,2025-11-24,Completed,Card
8322,4795,2025-04-23,Completed,PayPal
8323,3215,2025-10-17,Cancelled,PayPal
8324,2445,2025-07-17,Completed,PayPal
8325,2584,2025-09-09,Completed,Card
8326,141,2025-12-11,Completed,PayPal
8327,4336,2024-12-02,Completed,Card
8328,292,2024-05-27,Completed,PayPal
8329,2865,2025-09-06,Returned,Card
8330,4178,2025-02-14,Completed,Card
8331,2608,2025-05-28,Completed,Card
8332,3937,2025-07-25,Completed,PayPal
8333,2918,2025-01-19,Completed,Card
8334,2219,2025-04-26,Completed,Card
8335,1798,2025-08-25,Completed,PayPal
8336,977,2024-04-10,Completed,PayPal
8337,580,2024-04-23,Completed,Card
8338,2574,2024-09-18,Completed,PayPal
8339,2590,2025-02-25,Completed,Card
8340,3284,2024-02-23,Completed,PayPal
8341,1800,2024-07-06,Cancelled,PayPal
8342,1462,2025-06-22,Completed,Card
8343,4418,2025-08-14,Completed,PayPal
8344,4069,2024-07-08,Completed,PayPal
8345,2948,2025-08-25,Completed,PayPal
8346,714,2025-06-30,Completed,Card
8347,2424,2024-02-27,Completed,Card
8348,1891,2025-05-17,Completed,Card
8349,3568,2024-07-07,Completed,Card
8350,1679,2025-07-01,Completed,Card
8351,2148,2025-08-26,Completed,Card
8352,918,2025-07-21,Completed,Bank Transfer
8353,2267,2025-08-01,Completed,PayPal
8354,2525,2024-11-08,Completed,Card
8355,1807,2024-06-17,Completed,PayPal
8356,4052,2024-05-10,Completed,Card
8357,560,2025-11-08,Completed,Card
8358,629,2025-07-17,Completed,Card
8359,3067,2024-05-31,Returned,PayPal
8360,1912,2024-04-14,Completed,Bank Transfer
8361,3763,2025-01-01,Completed,Card
8362,3552,2024-04-01,Completed,Card
8363,1809,2025-12-13,Completed,Card
8364,2387,2025-03-07,Completed,PayPal
8365,1896,2025-08-01,Completed,Card
8366,3931,2025-11-11,Completed,Card
8367,1007,2024-10-31,Completed,Card
8368,49,2024-01-28,Completed,Card
8369,1851,2024-10-14,Completed,Card
8370,1930,2024-12-20,Completed,PayPal
8371,2133,2025-06-27,Completed,PayPal
8372,1526,2025-11-08,Completed,Card
8373,329,2025-02-07,Completed,PayPal
8374,2658,2024-05-15,Completed,PayPal
8375,4530,2024-03-08,Completed,Card
8376,588,2024-06-02,Completed,Bank Transfer
8377,3206,2025-04-07,Completed,Card
8378,1599,2024-11-21,Completed,Card
8379,3852,2024-04-05,Completed,Card
8380,2473,2024-07-15,Completed,PayPal
8381,2818,2024-04-17,Completed,Card
8382,4608,2024-02-15,Completed,Card
8383,1409,2024-07-04,Completed,PayPal
8384,1012,2025-03-29,Cancelled,PayPal
8385,4660,2024-11-18,Completed,PayPal
8386,4399,2024-10-11,Completed,Card
8387,4045,2024-03-23,Completed,PayPal
8388,1330,2025-10-11,Completed,Card
8389,2605,2024-11-22,Completed,Card
8390,2024,2025-03-24,Completed,PayPal
8391,4508,2024-11-16,Completed,Card
8392,3186,2024-05-24,Completed,Card
8393,4604,2024-10-04,Completed,Card
8394,4152,2025-09-03,Completed,PayPal
8395,2594,2024-01-14,Completed,PayPal
8396,3342,2024-09-18,Completed,Card
8397,196,2025-02-17,Completed,Card
8398,1791,2025-05-08,Completed,PayPal
8399,1107,2024-02-16,Completed,PayPal
8400,2790,2025-10-17,Completed,Card
8401,2185,2024-07-14,Completed,Card
8402,539,2024-10-16,Completed,Card
8403,4785,2025-03-07,Cancelled,Bank Transfer
8404,719,2025-06-03,Completed,PayPal
8405,3996,2024-11-19,Completed,PayPal
8406,306,2025-03-04,Completed,Card
8407,388,2024-10-19,Completed,PayPal
8408,725,2025-01-11,Completed,Card
8409,2597,2025-06-18,Cancelled,Card
8410,2436,2024-03-24,Completed,PayPal
8411,2341,2025-01-07,Completed,PayPal
8412,179,2024-01-24,Completed,Bank Transfer
8413,1904,2024-11-20,Completed,Card
8414,1705,2024-11-11,Completed,Card
8415,3384,2025-07-03,Completed,Card
8416,4176,2024-08-08,Completed,Card
8417,4543,2024-08-01,Completed,Card
8418,4862,2025-04-16,Completed,PayPal
8419,4666,2025-05-05,Completed,Bank Transfer
8420,96,2024-03-25,Completed,Card
8421,1284,2025-01-19,Cancelled,Bank Transfer
8422,248,2024-01-04,Completed,Card
8423,982,2025-12-07,Completed,PayPal
8424,4364,2024-04-23,Completed,Card
8425,1566,2024-08-02,Completed,Card
8426,2142,2024-12-01,Completed,Card
8427,736,2025-10-14,Completed,PayPal
8428,3388,2024-06-15,Completed,Card
8429,2660,2024-10-13,Completed,PayPal
8430,449,2025-05-09,Completed,Card
8431,1836,2025-01-18,Completed,PayPal
8432,4716,2025-05-31,Completed,Card
8433,614,2024-05-06,Completed,Card
8434,1434,2025-03-08,Completed,Card
8435,877,2024-03-26,Completed,Card
8436,2576,2025-08-20,Completed,Card
8437,1134,2025-06-19,Completed,Card
8438,4871,2024-02-14,Completed,Card
8439,672,2025-09-14,Cancelled,PayPal
8440,1631,2024-10-16,Completed,PayPal
8441,3319,2025-11-27,Completed,Card
8442,361,2024-08-22,Completed,PayPal
8443,2393,2024-06-05,Completed,Card
8444,3902,2025-02-09,Completed,PayPal
8445,798,2025-11-03,Completed,Card
8446,1784,2025-05-19,Completed,PayPal
8447,67,2025-12-12,Completed,PayPal
8448,3035,2024-05-01,Completed,PayPal
8449,2091,2024-08-11,Completed,Card
8450,2277,2024-01-23,Completed,PayPal
8451,3516,2024-07-15,Completed,Card
8452,234,2025-04-23,Completed,PayPal
8453,1223,2024-10-11,Completed,Card
8454,2545,2025-06-01,Completed,Card
8455,1056,2024-11-03,Returned,Card
8456,4555,2024-12-10,Returned,Card
8457,3348,2025-08-23,Completed,Card
8458,1170,2025-02-01,Completed,Card
8459,4102,2025-04-08,Completed,Bank Transfer
8460,494,2024-04-24,Completed,Card
8461,3180,2025-09-27,Completed,Card
8462,3844,2025-03-25,Completed,Card
8463,1364,2025-02-07,Completed,Card
8464,3399,2025-11-11,Completed,Card
8465,1057,2025-07-01,Completed,PayPal
8466,143,2024-08-16,Completed,Bank Transfer
8467,3316,2025-10-07,Completed,Card
8468,4832,2024-08-31,Completed,Card
8469,2774,2024-03-05,Completed,Bank Transfer
8470,1885,2024-08-24,Completed,PayPal
8471,2265,2024-01-03,Completed,Card
8472,1925,2025-05-14,Completed,PayPal
8473,4046,2024-02-06,Completed,Card
8474,2482,2025-09-12,Completed,Card
8475,1891,2024-09-06,Completed,Card
8476,3126,2024-01-03,Completed,Card
8477,942,2024-08-22,Completed,Card
8478,1616,2025-02-20,Completed,Card
8479,1969,2024-09-07,Completed,PayPal
8480,3223,2024-05-22,Completed,Card
8481,4151,2024-02-25,Cancelled,Card
8482,1472,2024-03-01,Completed,Card
8483,1059,2024-03-08,Completed,Card
8484,1007,2024-03-19,Cancelled,PayPal
8485,3191,2024-11-22,Completed,Card
8486,1221,2025-01-01,Completed,Card
8487,4662,2025-12-08,Completed,Card
8488,4867,2025-12-07,Completed,Card
8489,1798,2025-06-18,Returned,Card
8490,4974,2025-06-09,Completed,PayPal
8491,2872,2025-01-24,Completed,Card
8492,514,2024-10-15,Completed,Bank Transfer
8493,1618,2025-06-04,Completed,Bank Transfer
8494,4518,2025-10-13,Completed,Bank Transfer
8495,4613,2024-09-09,Completed,Card
8496,3758,2024-04-04,Completed,PayPal
8497,2033,2025-11-21,Completed,Card
8498,3211,2024-01-03,Completed,PayPal
8499,705,2025-11-26,Completed,PayPal
8500,1674,2024-02-15,Completed,Card
8501,3700,2025-10-14,Completed,Card
8502,2092,2025-06-08,Completed,PayPal
8503,4954,2025-11-28,Completed,Card
8504,2849,2025-04-26,Completed,PayPal
8505,4315,2025-08-19,Returned,Card
8506,4664,2025-02-21,Completed,Bank Transfer
8507,1778,2024-02-12,Completed,Card
8508,4354,2025-10-29,Cancelled,PayPal
8509,893,2025-11-26,Completed,PayPal
8510,972,2025-07-12,Completed,Bank Transfer
8511,103,2024-07-24,Completed,Card
8512,1108,2025-12-22,Completed,Card
8513,3247,2024-10-01,Completed,PayPal
8514,3713,2025-08-17,Completed,Bank Transfer
8515,3418,2024-04-06,Completed,PayPal
8516,4152,2024-06-27,Completed,Card
8517,3660,2024-05-27,Cancelled,PayPal
8518,4927,2025-01-18,Completed,PayPal
8519,920,2024-03-12,Completed,Bank Transfer
8520,4553,2024-08-04,Completed,Card
8521,4228,2025-12-21,Completed,Card
8522,4589,2025-03-08,Completed,Card
8523,2158,2025-09-27,Cancelled,PayPal
8524,582,2025-05-15,Completed,PayPal
8525,796,2025-10-29,Completed,PayPal
8526,3198,2024-02-02,Completed,PayPal
8527,1884,2024-08-03,Completed,Card
8528,3368,2024-04-10,Completed,Card
8529,810,2025-04-14,Completed,PayPal
8530,2934,2024-06-28,Completed,Card
8531,3269,2025-09-30,Completed,Bank Transfer
8532,4869,2024-11-28,Completed,Card
8533,2985,2025-05-02,Completed,Card
8534,573,2025-04-04,Cancelled,Card
8535,1207,2025-01-11,Completed,Card
8536,4905,2025-11-11,Completed,Bank Transfer
8537,4975,2024-05-14,Completed,Card
8538,3081,2025-08-27,Completed,Card
8539,2461,2025-02-13,Completed,Bank Transfer
8540,1742,2024-06-03,Completed,PayPal
8541,4006,2024-10-06,Completed,Bank Transfer
8542,4926,2025-04-23,Completed,Card
8543,2614,2024-07-17,Completed,Card
8544,1716,2025-02-20,Completed,Card
8545,1570,2024-04-07,Cancelled,Card
8546,677,2024-09-06,Completed,Card
8547,1834,2024-04-14,Completed,Bank Transfer
8548,2514,2025-10-02,Completed,Bank Transfer
8549,801,2024-11-22,Completed,Bank Transfer
8550,1142,2025-04-26,Completed,Card
8551,3053,2025-01-11,Completed,Card
8552,2032,2025-10-13,Completed,Card
8553,1509,2024-01-15,Completed,Card
8554,1111,2025-11-26,Completed,Card
8555,4330,2025-04-25,Completed,PayPal
8556,913,2024-01-16,Completed,Card
8557,1056,2025-07-28,Cancelled,PayPal
8558,4190,2025-04-29,Completed,Bank Transfer
8559,1751,2024-10-05,Completed,PayPal
8560,3172,2024-11-28,Completed,Card
8561,4154,2024-09-13,Completed,Bank Transfer
8562,3013,2024-07-03,Completed,Bank Transfer
8563,3429,2025-08-10,Cancelled,Card
8564,3563,2024-01-27,Completed,Card
8565,357,2024-01-25,Cancelled,Card
8566,4392,2024-03-02,Completed,Bank Transfer
8567,4621,2025-10-19,Completed,Card
8568,1618,2024-08-20,Cancelled,Card
8569,1624,2025-04-08,Completed,PayPal
8570,1666,2024-12-14,Completed,PayPal
8571,3200,2024-10-12,Cancelled,Card
8572,4497,2025-02-17,Completed,PayPal
8573,1596,2025-08-18,Completed,PayPal
8574,1990,2025-11-17,Completed,Card
8575,2787,2025-02-09,Completed,Bank Transfer
8576,529,2025-01-15,Completed,Card
8577,2605,2024-06-18,Returned,Card
8578,3196,2024-10-16,Completed,Card
8579,2408,2025-05-30,Completed,PayPal
8580,64,2024-10-13,Returned,PayPal
8581,3961,2024-11-02,Completed,PayPal
8582,2813,2025-07-15,Completed,Card
8583,2822,2024-01-08,Completed,PayPal
8584,4028,2024-12-22,Completed,Card
8585,102,2025-08-03,Completed,Bank Transfer
8586,3349,2024-05-18,Completed,Bank Transfer
8587,3299,2025-05-25,Completed,Card
8588,3095,2024-09-04,Completed,Card
8589,2892,2025-06-24,Completed,Card
8590,3136,2024-07-01,Completed,PayPal
8591,1181,2025-12-25,Completed,Card
8592,2887,2025-02-26,Completed,Card
8593,2729,2025-01-31,Completed,Card
8594,2693,2024-10-31,Completed,Card
8595,399,2024-01-19,Completed,Card
8596,405,2025-01-17,Completed,PayPal
8597,2874,2024-08-13,Completed,Card
8598,3269,2024-08-17,Completed,Bank Transfer
8599,2695,2025-08-30,Completed,Card
8600,2083,2025-05-09,Completed,Card
8601,2468,2025-04-28,Completed,Card
8602,4473,2025-09-18,Completed,PayPal
8603,4316,2024-12-24,Completed,Card
8604,1922,2025-11-22,Completed,Card
8605,3960,2025-01-07,Completed,Card
8606,1541,2024-03-18,Cancelled,Card
8607,2390,2024-11-22,Completed,Bank Transfer
8608,4849,2024-10-02,Completed,Card
8609,2464,2024-12-17,Completed,Card
8610,3369,2024-06-30,Completed,Card
8611,2986,2025-05-19,Completed,Card
8612,680,2025-08-29,Completed,Card
8613,748,2025-08-20,Completed,PayPal
8614,2854,2025-01-23,Completed,Card
8615,1322,2025-08-29,Completed,PayPal
8616,3749,2024-11-30,Completed,Card
8617,4151,2025-03-21,Completed,Bank Transfer
8618,4790,2025-05-23,Completed,PayPal
8619,534,2025-10-18,Completed,Card
8620,1819,2024-09-04,Returned,Bank Transfer
8621,4201,2025-11-23,Completed,PayPal
8622,2342,2024-10-19,Completed,PayPal
8623,2423,2025-06-14,Completed,Bank Transfer
8624,4546,2024-05-17,Completed,PayPal
8625,1469,2025-07-09,Cancelled,Card
8626,4908,2024-12-10,Completed,Card
8627,4486,2024-02-06,Completed,PayPal
8628,1236,2024-11-09,Completed,Card
8629,2715,2024-08-07,Completed,Card
8630,1709,2025-10-01,Completed,Card
8631,1146,2024-05-22,Completed,Card
8632,1476,2025-02-07,Completed,PayPal
8633,3924,2025-11-25,Completed,Card
8634,2922,2025-02-07,Completed,PayPal
8635,1856,2025-07-08,Completed,PayPal
8636,3225,2025-04-23,Completed,PayPal
8637,3965,2025-12-22,Completed,Card
8638,3380,2025-07-13,Completed,Card
8639,4939,2024-08-07,Completed,PayPal
8640,1605,2025-01-01,Completed,PayPal
8641,3280,2024-07-14,Completed,Card
8642,552,2025-11-14,Completed,Card
8643,2005,2025-11-17,Completed,PayPal
8644,1837,2024-02-01,Completed,PayPal
8645,1125,2024-02-23,Cancelled,Card
8646,1383,2025-02-26,Completed,PayPal
8647,1771,2025-11-28,Completed,PayPal
8648,3864,2024-08-21,Completed,Card
8649,3401,2024-04-19,Completed,Card
8650,35,2024-04-09,Completed,PayPal
8651,2205,2025-12-12,Completed,Card
8652,5000,2024-07-29,Completed,Card
8653,3345,2025-02-06,Completed,Bank Transfer
8654,3015,2024-05-29,Completed,PayPal
8655,4492,2025-11-05,Completed,Card
8656,4303,2025-01-28,Completed,Card
8657,1781,2025-10-16,Returned,PayPal
8658,1629,2024-09-14,Completed,Card
8659,1330,2024-09-01,Completed,Card
8660,1560,2024-05-29,Completed,Card
8661,805,2025-09-15,Completed,Card
8662,2510,2024-04-08,Completed,Card
8663,4348,2024-04-12,Completed,PayPal
8664,1291,2025-12-23,Completed,Card
8665,4305,2024-01-12,Completed,Card
8666,2587,2024-08-13,Completed,Card
8667,4931,2025-03-17,Completed,PayPal
8668,2551,2024-05-27,Completed,Card
8669,956,2024-06-27,Completed,PayPal
8670,4610,2024-01-07,Completed,Card
8671,580,2024-05-31,Cancelled,Card
8672,1938,2025-08-04,Completed,PayPal
8673,1998,2024-12-18,Completed,Card
8674,1666,2025-07-18,Completed,Card
8675,2131,2025-11-04,Completed,PayPal
8676,3741,2025-02-20,Completed,Card
8677,2501,2025-08-27,Completed,Card
8678,1643,2025-10-24,Completed,Card
8679,4713,2025-07-23,Completed,Card
8680,1498,2024-07-14,Completed,Card
8681,4603,2024-11-20,Completed,Card
8682,3205,2025-04-26,Completed,Card
8683,622,2024-07-26,Completed,PayPal
8684,3145,2024-10-29,Completed,Card
8685,1952,2024-10-25,Completed,Bank Transfer
8686,1460,2025-03-01,Completed,Card
8687,293,2024-03-02,Completed,PayPal
8688,655,2024-07-13,Completed,Card
8689,2985,2025-07-20,Completed,PayPal
8690,3844,2024-12-28,Returned,Card
8691,2805,2025-07-14,Completed,PayPal
8692,2715,2025-09-09,Completed,Card
8693,1622,2024-03-18,Completed,Card
8694,4015,2024-10-10,Completed,PayPal
8695,3254,2024-02-26,Completed,Card
8696,2847,2025-11-11,Cancelled,Card
8697,4881,2025-01-10,Completed,PayPal
8698,4863,2025-01-10,Completed,PayPal
8699,3506,2025-12-19,Completed,Bank Transfer
8700,519,2025-01-07,Completed,Card
8701,2686,2025-11-05,Completed,Card
8702,28,2024-08-31,Completed,Card
8703,266,2024-02-08,Completed,PayPal
8704,1307,2024-11-04,Completed,Card
8705,4054,2025-09-24,Completed,Card
8706,3455,2024-03-26,Completed,Card
8707,811,2024-04-08,Completed,Bank Transfer
8708,4677,2025-01-08,Completed,Card
8709,3391,2025-05-09,Completed,Card
8710,611,2024-07-26,Completed,Card
8711,4289,2025-09-16,Completed,Card
8712,2275,2024-03-23,Completed,Card
8713,4547,2025-07-30,Cancelled,PayPal
8714,203,2024-01-01,Completed,PayPal
8715,402,2025-03-12,Completed,Card
8716,2028,2025-11-16,Completed,Card
8717,3851,2024-09-06,Completed,Card
8718,890,2025-02-13,Completed,Card
8719,179,2025-01-20,Completed,Card
8720,1980,2024-03-24,Returned,PayPal
8721,2511,2025-05-04,Completed,Card
8722,2883,2024-08-26,Completed,PayPal
8723,3985,2025-06-23,Completed,Card
8724,2045,2025-01-14,Completed,Card
8725,2984,2025-01-25,Completed,Card
8726,351,2024-11-23,Completed,Card
8727,4283,2025-04-24,Completed,PayPal
8728,3419,2024-10-30,Completed,Card
8729,3831,2024-10-08,Completed,Card
8730,1968,2025-11-25,Completed,PayPal
8731,4405,2024-12-10,Completed,Card
8732,2225,2024-05-14,Cancelled,Card
8733,4523,2025-04-12,Completed,Bank Transfer
8734,2788,2024-12-26,Completed,Card
8735,4627,2025-07-22,Completed,Card
8736,4344,2024-04-24,Completed,Card
8737,4312,2024-07-04,Cancelled,Card
8738,4809,2025-04-22,Completed,Bank Transfer
8739,438,2024-01-01,Cancelled,Card
8740,2359,2025-06-24,Completed,PayPal
8741,3855,2025-10-23,Completed,PayPal
8742,383,2025-02-27,Completed,Card
8743,4217,2025-12-02,Cancelled,Bank Transfer
8744,407,2024-09-26,Completed,Card
8745,4341,2025-02-22,Completed,Card
8746,66,2024-11-22,Completed,Card
8747,2990,2024-07-13,Completed,PayPal
8748,228,2024-09-11,Completed,Card
8749,4978,2024-03-19,Completed,PayPal
8750,2185,2024-04-07,Completed,Card
8751,2242,2024-05-29,Completed,Card
8752,4802,2025-03-22,Completed,Card
8753,4754,2024-05-02,Completed,PayPal
8754,1513,2025-09-01,Completed,Bank Transfer
8755,930,2025-11-06,Completed,Bank Transfer
8756,4037,2025-07-11,Completed,PayPal
8757,2604,2024-12-24,Completed,Card
8758,1181,2024-08-26,Completed,Bank Transfer
8759,1040,2025-06-13,Completed,PayPal
8760,1102,2025-11-13,Completed,Card
8761,2100,2025-10-30,Cancelled,Card
8762,514,2024-07-22,Completed,Card
8763,4840,2025-10-19,Completed,Card
8764,3133,2024-05-22,Completed,Card
8765,1833,2024-07-05,Completed,PayPal
8766,4639,2025-05-02,Completed,Card
8767,2458,2024-05-01,Completed,PayPal
8768,2203,2024-12-15,Completed,Card
8769,2681,2024-04-09,Completed,PayPal
8770,2099,2024-10-10,Completed,Card
8771,3167,2025-06-10,Completed,Bank Transfer
8772,1928,2025-01-18,Completed,Card
8773,4451,2025-07-08,Completed,Card
8774,3117,2024-07-05,Completed,PayPal
8775,2888,2024-01-08,Completed,Card
8776,4344,2025-09-15,Completed,PayPal
8777,4629,2025-06-28,Completed,Bank Transfer
8778,3531,2025-02-22,Completed,Card
8779,790,2024-03-30,Completed,Card
8780,1301,2025-05-10,Returned,Card
8781,1948,2025-10-22,Completed,PayPal
8782,2243,2025-12-24,Completed,Card
8783,1095,2024-04-25,Completed,PayPal
8784,1359,2025-11-15,Cancelled,PayPal
8785,3657,2024-01-20,Completed,PayPal
8786,308,2024-05-11,Completed,Card
8787,1451,2024-10-18,Returned,Card
8788,2124,2024-12-19,Completed,Card
8789,4883,2024-08-24,Completed,Card
8790,2843,2025-08-11,Returned,Bank Transfer
8791,1665,2024-08-10,Completed,Card
8792,3949,2025-03-11,Completed,Card
8793,1395,2025-09-29,Completed,Card
8794,4073,2024-02-08,Completed,PayPal
8795,3635,2024-11-22,Completed,PayPal
8796,215,2024-07-27,Completed,Card
8797,3073,2024-04-15,Completed,Card
8798,4055,2025-10-13,Completed,Card
8799,4473,2024-09-05,Completed,PayPal
8800,2460,2025-07-20,Completed,Card
8801,3707,2025-09-21,Cancelled,Bank Transfer
8802,3272,2025-11-18,Completed,Card
8803,1207,2024-12-19,Completed,PayPal
8804,410,2025-04-14,Completed,PayPal
8805,3470,2025-12-25,Completed,Card
8806,216,2024-09-21,Completed,Card
8807,4848,2025-10-13,Completed,Card
8808,349,2025-04-08,Completed,Bank Transfer
8809,3652,2025-03-16,Completed,Card
8810,2879,2024-10-10,Completed,PayPal
8811,3666,2025-06-17,Completed,Card
8812,4750,2025-01-03,Completed,PayPal
8813,3070,2025-11-29,Completed,Card
8814,3995,2025-12-19,Completed,Bank Transfer
8815,3113,2025-10-20,Completed,Bank Transfer
8816,3,2025-05-09,Completed,Card
8817,1118,2024-06-02,Completed,Card
8818,1083,2025-09-11,Completed,PayPal
8819,4503,2024-11-11,Completed,PayPal
8820,1518,2024-10-26,Completed,PayPal
8821,4847,2025-03-15,Completed,PayPal
8822,1896,2024-05-30,Cancelled,PayPal
8823,3580,2025-02-09,Completed,Bank Transfer
8824,2634,2024-06-23,Completed,Bank Transfer
8825,4984,2024-02-24,Completed,Card
8826,2380,2024-11-06,Completed,Card
8827,1013,2024-06-02,Completed,Card
8828,4265,2025-05-14,Completed,Bank Transfer
8829,2824,2025-05-15,Completed,Card
8830,849,2024-07-08,Completed,Card
8831,1705,2025-05-20,Completed,Card
8832,4094,2024-05-28,Completed,PayPal
8833,206,2024-01-08,Completed,PayPal
8834,1893,2025-10-21,Completed,Card
8835,521,2025-11-15,Completed,PayPal
8836,3577,2025-08-15,Completed,Card
8837,2352,2025-08-13,Completed,PayPal
8838,2135,2025-04-13,Completed,Card
8839,4839,2024-11-16,Completed,Card
8840,2476,2025-07-25,Completed,Card
8841,4546,2025-03-26,Completed,Card
8842,786,2025-08-29,Completed,PayPal
8843,4098,2024-05-07,Completed,PayPal
8844,2791,2025-09-25,Completed,Card
8845,2158,2024-10-13,Completed,PayPal
8846,679,2024-03-27,Completed,Card
8847,3529,2024-03-21,Completed,Bank Transfer
8848,3560,2025-06-17,Completed,PayPal
8849,371,2024-09-08,Cancelled,Card
8850,2938,2024-07-08,Completed,Card
8851,722,2025-08-20,Completed,Card
8852,4401,2025-04-28,Completed,Card
8853,924,2025-01-13,Completed,PayPal
8854,836,2025-03-31,Cancelled,Card
8855,2494,2024-01-08,Completed,Card
8856,2980,2024-11-13,Completed,Card
8857,2326,2024-11-29,Completed,Bank Transfer
8858,3925,2024-08-17,Completed,Card
8859,2425,2025-10-25,Completed,Card
8860,4522,2025-05-22,Completed,PayPal
8861,3127,2025-06-10,Completed,PayPal
8862,2377,2025-04-19,Completed,Card
8863,454,2025-02-09,Completed,PayPal
8864,3460,2024-10-13,Completed,Card
8865,4860,2025-03-21,Cancelled,Card
8866,3502,2024-12-08,Completed,Card
8867,3548,2024-11-20,Completed,Card
8868,1149,2024-06-15,Completed,Card
8869,523,2025-08-15,Completed,PayPal
8870,4578,2024-10-22,Completed,PayPal
8871,122,2025-08-03,Completed,Card
8872,3619,2024-07-01,Completed,Card
8873,4677,2025-07-29,Completed,Card
8874,3723,2024-03-26,Completed,PayPal
8875,3084,2025-07-09,Completed,Card
8876,2173,2024-05-28,Completed,Card
8877,2707,2024-02-28,Completed,PayPal
8878,4814,2025-08-28,Completed,Bank Transfer
8879,3308,2024-01-05,Completed,Card
8880,3643,2024-03-23,Completed,PayPal
8881,2818,2025-01-17,Completed,Card
8882,4502,2025-07-02,Completed,PayPal
8883,1485,2025-04-23,Completed,Bank Transfer
8884,277,2024-01-27,Completed,PayPal
8885,1249,2025-06-08,Completed,Card
8886,1125,2025-07-30,Completed,PayPal
8887,2902,2025-02-17,Completed,PayPal
8888,1658,2025-12-15,Completed,Card
8889,1754,2024-06-28,Completed,PayPal
8890,4603,2025-04-08,Completed,Card
8891,3659,2025-06-10,Completed,Card
8892,3403,2024-01-01,Completed,Card
8893,4333,2024-09-27,Completed,PayPal
8894,752,2025-04-28,Completed,Card
8895,165,2024-02-17,Completed,Card
8896,1693,2025-11-24,Completed,Card
8897,1957,2024-07-01,Completed,Card
8898,3861,2025-01-07,Completed,Bank Transfer
8899,2776,2025-12-26,Completed,Card
8900,3290,2025-06-22,Completed,PayPal
8901,1769,2025-05-21,Completed,PayPal
8902,2424,2025-10-31,Completed,PayPal
8903,4527,2025-05-20,Cancelled,Card
8904,3697,2025-07-25,Completed,Card
8905,783,2024-03-06,Completed,Card
8906,3779,2025-11-16,Completed,PayPal
8907,955,2024-02-21,Completed,Card
8908,1993,2025-04-14,Completed,Bank Transfer
8909,1660,2024-08-30,Completed,Card
8910,141,2024-12-02,Completed,Card
8911,720,2024-04-30,Completed,PayPal
8912,1651,2025-07-07,Completed,Card
8913,3574,2025-11-26,Completed,Bank Transfer
8914,3475,2024-02-14,Completed,PayPal
8915,1016,2024-02-21,Completed,PayPal
8916,4384,2024-05-30,Completed,PayPal
8917,343,2025-02-16,Completed,Card
8918,3184,2025-06-24,Completed,Card
8919,2702,2025-07-22,Completed,Card
8920,976,2025-05-12,Cancelled,Bank Transfer
8921,2584,2024-07-27,Completed,Card
8922,3121,2024-01-08,Completed,PayPal
8923,1824,2025-01-25,Returned,Card
8924,4427,2024-09-03,Completed,Card
8925,4461,2025-01-29,Cancelled,Card
8926,11,2025-12-07,Completed,Card
8927,4605,2024-12-04,Completed,Card
8928,2628,2025-02-15,Cancelled,Card
8929,1469,2025-06-23,Completed,Bank Transfer
8930,1114,2024-12-10,Completed,PayPal
8931,622,2024-10-22,Returned,Card
8932,901,2024-08-22,Completed,Card
8933,3748,2025-10-03,Completed,Card
8934,4065,2025-08-10,Completed,Card
8935,1472,2025-03-20,Completed,Card
8936,3104,2024-08-20,Completed,PayPal
8937,327,2024-11-05,Completed,Card
8938,74,2025-12-01,Completed,Bank Transfer
8939,251,2025-04-22,Completed,PayPal
8940,2498,2025-05-28,Completed,PayPal
8941,2403,2024-12-01,Completed,PayPal
8942,4629,2025-07-30,Completed,Card
8943,296,2024-02-21,Completed,Card
8944,298,2025-06-29,Completed,Card
8945,302,2024-10-27,Completed,PayPal
8946,4608,2025-10-02,Completed,Card
8947,585,2024-08-30,Completed,Card
8948,3625,2024-12-21,Completed,Card
8949,1635,2025-09-01,Completed,Card
8950,53,2025-08-10,Completed,Card
8951,2277,2025-03-17,Completed,PayPal
8952,2688,2025-09-04,Completed,Card
8953,2845,2024-04-28,Completed,Card
8954,4887,2025-02-12,Completed,Card
8955,4591,2025-10-13,Completed,Card
8956,4949,2025-01-05,Completed,Card
8957,2719,2024-03-13,Completed,Card
8958,3936,2025-03-24,Completed,Card
8959,663,2025-04-15,Completed,PayPal
8960,8,2024-06-04,Completed,Card
8961,3684,2025-07-29,Completed,PayPal
8962,3088,2024-11-05,Completed,PayPal
8963,4762,2024-02-05,Completed,Bank Transfer
8964,669,2024-09-04,Completed,Bank Transfer
8965,3165,2025-03-03,Completed,PayPal
8966,1286,2024-02-13,Completed,Bank Transfer
8967,3621,2025-03-28,Completed,Card
8968,161,2024-04-28,Completed,Card
8969,2399,2024-12-14,Completed,Card
8970,3246,2025-11-23,Completed,PayPal
8971,18,2025-01-22,Completed,Card
8972,2534,2024-03-10,Completed,PayPal
8973,4447,2025-03-29,Completed,Card
8974,2576,2024-09-23,Completed,PayPal
8975,4968,2025-03-13,Completed,PayPal
8976,2318,2024-12-31,Completed,PayPal
8977,2919,2025-12-02,Completed,Bank Transfer
8978,1054,2024-07-05,Completed,PayPal
8979,316,2024-08-14,Completed,Card
8980,4833,2024-03-01,Completed,Bank Transfer
8981,2212,2024-06-16,Completed,PayPal
8982,320,2024-05-11,Returned,Card
8983,4528,2024-06-03,Completed,Card
8984,2716,2025-12-22,Completed,PayPal
8985,634,2024-01-07,Completed,PayPal
8986,1706,2025-06-06,Completed,PayPal
8987,4821,2025-12-12,Completed,Card
8988,673,2024-09-07,Completed,Bank Transfer
8989,2280,2025-07-29,Completed,Card
8990,3548,2025-11-22,Completed,Card
8991,471,2025-10-01,Completed,Card
8992,3232,2024-09-18,Completed,Card
8993,2608,2024-04-29,Completed,PayPal
8994,3333,2024-02-17,Completed,Card
8995,2621,2024-03-09,Completed,Card
8996,4698,2024-09-18,Completed,Card
8997,1383,2025-03-20,Cancelled,Card
8998,4376,2025-04-23,Completed,PayPal
8999,1186,2024-08-18,Completed,Card
9000,1911,2024-08-11,Cancelled,Card
9001,916,2025-04-01,Completed,Bank Transfer
9002,1618,2025-12-19,Completed,PayPal
9003,1684,2024-12-31,Completed,Card
9004,2426,2024-01-28,Completed,Card
9005,426,2024-04-10,Completed,PayPal
9006,1788,2024-02-27,Completed,PayPal
9007,2585,2024-01-24,Completed,PayPal
9008,4649,2025-02-18,Completed,Card
9009,169,2024-08-14,Completed,Card
9010,515,2024-06-17,Completed,PayPal
9011,3436,2025-05-03,Completed,Card
9012,4526,2024-09-02,Completed,Card
9013,2617,2025-12-24,Completed,PayPal
9014,2378,2024-12-28,Completed,Card
9015,691,2025-04-09,Completed,PayPal
9016,3205,2025-03-05,Completed,Card
9017,2505,2025-02-24,Completed,Card
9018,353,2024-01-21,Completed,Card
9019,1118,2025-09-27,Completed,Bank Transfer
9020,1406,2025-01-03,Completed,PayPal
9021,3940,2025-04-08,Completed,Card
9022,4175,2024-04-06,Completed,Card
9023,678,2025-10-11,Completed,Card
9024,551,2025-05-06,Completed,PayPal
9025,820,2024-12-18,Completed,Card
9026,214,2025-08-27,Completed,Card
9027,1667,2024-04-04,Completed,PayPal
9028,4765,2024-01-24,Completed,PayPal
9029,894,2025-01-14,Completed,PayPal
9030,4255,2025-01-30,Completed,Card
9031,4077,2025-02-07,Completed,PayPal
9032,3906,2025-10-09,Completed,Card
9033,2787,2024-05-12,Completed,PayPal
9034,2249,2024-02-23,Completed,Card
9035,22,2024-10-18,Completed,PayPal
9036,3314,2024-04-21,Completed,PayPal
9037,1262,2025-02-25,Completed,Card
9038,1173,2024-05-10,Completed,Card
9039,4881,2025-02-23,Completed,PayPal
9040,2055,2024-10-04,Completed,Card
9041,1893,2025-08-12,Completed,Card
9042,2816,2024-03-08,Completed,Card
9043,4675,2025-07-27,Completed,Bank Transfer
9044,4585,2025-02-06,Completed,Card
9045,1788,2024-06-23,Completed,Card
9046,1991,2024-10-06,Returned,PayPal
9047,4318,2025-04-08,Completed,Card
9048,2461,2025-01-24,Completed,Card
9049,2632,2024-05-15,Completed,PayPal
9050,2269,2025-02-12,Completed,Bank Transfer
9051,2177,2024-08-11,Completed,Card
9052,877,2025-08-23,Completed,PayPal
9053,3493,2025-09-10,Completed,Card
9054,4259,2025-07-06,Completed,PayPal
9055,955,2025-11-28,Completed,Card
9056,4120,2024-07-06,Completed,PayPal
9057,4289,2025-01-21,Completed,Card
9058,878,2024-01-09,Completed,Card
9059,4486,2024-06-28,Completed,Card
9060,2545,2025-11-28,Cancelled,PayPal
9061,2177,2025-03-19,Completed,Bank Transfer
9062,2601,2025-08-16,Completed,PayPal
9063,3108,2025-11-19,Completed,Bank Transfer
9064,3529,2025-08-28,Completed,PayPal
9065,2409,2025-03-21,Completed,Card
9066,4861,2024-04-25,Completed,PayPal
9067,1974,2025-11-02,Completed,PayPal
9068,3949,2024-09-01,Returned,PayPal
9069,1239,2024-10-09,Cancelled,Card
9070,2335,2024-07-31,Completed,Card
9071,768,2025-10-25,Completed,Card
9072,2417,2025-11-08,Completed,Card
9073,4995,2025-03-26,Completed,Card
9074,3546,2025-10-16,Completed,Card
9075,2310,2024-01-25,Completed,Card
9076,4884,2025-12-12,Completed,PayPal
9077,4207,2024-08-20,Completed,Card
9078,4237,2025-05-30,Completed,Card
9079,745,2024-10-14,Completed,PayPal
9080,2583,2025-11-15,Completed,Card
9081,4175,2024-07-02,Completed,Card
9082,1518,2024-09-07,Completed,PayPal
9083,2557,2024-10-17,Completed,Card
9084,4162,2024-12-24,Completed,Card
9085,3984,2025-09-15,Completed,Card
9086,1395,2024-10-31,Completed,Card
9087,287,2024-12-15,Completed,PayPal
9088,3248,2024-12-04,Completed,PayPal
9089,4219,2025-04-23,Completed,Card
9090,2603,2025-04-09,Completed,Bank Transfer
9091,4,2024-05-09,Completed,Card
9092,412,2024-07-05,Completed,Bank Transfer
9093,4346,2025-02-24,Completed,Card
9094,3728,2025-05-10,Cancelled,PayPal
9095,1918,2025-06-24,Completed,Card
9096,1357,2025-10-31,Cancelled,PayPal
9097,158,2024-08-22,Completed,Card
9098,1601,2024-10-04,Completed,Bank Transfer
9099,2885,2024-04-11,Completed,Card
9100,3490,2025-04-03,Completed,Card
9101,2383,2024-08-19,Completed,PayPal
9102,153,2024-09-30,Completed,PayPal
9103,1630,2024-12-30,Completed,Card
9104,2797,2025-04-22,Completed,Card
9105,2882,2025-04-12,Cancelled,PayPal
9106,3803,2025-09-16,Completed,Card
9107,2806,2025-10-12,Completed,Card
9108,4081,2025-12-28,Completed,Bank Transfer
9109,3471,2024-09-30,Completed,PayPal
9110,1056,2024-11-23,Completed,Card
9111,2580,2024-07-02,Completed,Card
9112,4149,2024-07-12,Completed,PayPal
9113,2766,2024-09-28,Completed,Card
9114,1329,2024-10-26,Returned,PayPal
9115,4045,2025-08-06,Completed,Card
9116,2393,2024-07-14,Cancelled,Card
9117,3154,2024-11-26,Cancelled,Card
9118,1,2025-04-30,Completed,PayPal
9119,167,2025-09-11,Completed,PayPal
9120,3255,2025-05-13,Completed,Card
9121,1886,2025-02-03,Completed,Card
9122,4369,2025-01-31,Completed,PayPal
9123,900,2024-04-09,Completed,Card
9124,2249,2024-03-21,Completed,PayPal
9125,3264,2024-01-17,Completed,PayPal
9126,3413,2025-12-05,Completed,Card
9127,3578,2024-07-30,Completed,Card
9128,2188,2024-05-05,Completed,Bank Transfer
9129,1220,2025-09-29,Completed,Card
9130,3133,2024-05-09,Completed,Card
9131,360,2025-10-18,Cancelled,PayPal
9132,2040,2025-06-18,Completed,PayPal
9133,3938,2024-08-01,Completed,Card
9134,3155,2024-05-08,Completed,PayPal
9135,334,2025-06-07,Completed,Bank Transfer
9136,731,2025-10-14,Completed,Card
9137,1498,2025-04-06,Completed,Card
9138,1418,2024-02-26,Completed,Card
9139,3764,2025-08-20,Completed,PayPal
9140,1744,2024-09-30,Completed,PayPal
9141,4117,2025-09-06,Completed,Card
9142,1974,2024-12-04,Completed,Card
9143,879,2024-05-22,Completed,Card
9144,4273,2025-02-26,Completed,Card
9145,2885,2024-11-29,Completed,PayPal
9146,3008,2025-11-18,Completed,Card
9147,2596,2024-05-12,Completed,PayPal
9148,2298,2024-09-20,Completed,PayPal
9149,661,2024-05-26,Completed,Card
9150,3145,2025-03-11,Completed,Bank Transfer
9151,3163,2024-01-12,Completed,Card
9152,4222,2024-02-24,Completed,Card
9153,3986,2024-08-17,Completed,PayPal
9154,1270,2024-05-01,Completed,PayPal
9155,4707,2024-08-20,Completed,PayPal
9156,1295,2024-06-10,Completed,PayPal
9157,1010,2025-08-16,Completed,Card
9158,2092,2025-07-12,Completed,Card
9159,1758,2025-05-14,Returned,Card
9160,1965,2025-11-02,Completed,Card
9161,4644,2024-06-27,Completed,PayPal
9162,1192,2024-12-27,Completed,Card
9163,1054,2024-07-26,Returned,Card
9164,2842,2025-07-05,Completed,Card
9165,2405,2025-12-26,Completed,Card
9166,3563,2025-03-07,Cancelled,Bank Transfer
9167,3705,2025-03-31,Completed,Card
9168,1823,2025-05-18,Cancelled,Card
9169,1272,2024-06-02,Completed,PayPal
9170,1720,2024-12-03,Completed,PayPal
9171,253,2024-10-19,Completed,Card
9172,2769,2025-03-11,Completed,Bank Transfer
9173,1560,2025-01-30,Completed,Bank Transfer
9174,737,2024-06-14,Completed,Card
9175,4996,2025-03-27,Completed,Card
9176,1929,2025-06-19,Completed,Card
9177,2191,2025-02-04,Completed,Card
9178,1003,2024-04-24,Returned,Card
9179,2986,2024-12-16,Completed,Card
9180,1923,2024-09-16,Completed,PayPal
9181,3753,2024-08-13,Completed,PayPal
9182,4138,2025-09-05,Completed,PayPal
9183,3703,2025-04-30,Completed,Card
9184,3193,2024-05-10,Completed,Card
9185,3835,2024-09-20,Completed,PayPal
9186,4439,2025-06-07,Completed,PayPal
9187,4428,2024-06-29,Completed,Card
9188,3528,2024-12-14,Completed,Card
9189,341,2025-04-15,Completed,PayPal
9190,2389,2024-06-09,Completed,PayPal
9191,3488,2024-04-23,Completed,Card
9192,1701,2024-01-18,Cancelled,Card
9193,1234,2024-04-13,Cancelled,Card
9194,2571,2024-07-04,Returned,PayPal
9195,2299,2024-12-07,Completed,Bank Transfer
9196,138,2025-04-06,Completed,Card
9197,2799,2025-08-27,Completed,Card
9198,2931,2024-05-22,Completed,Card
9199,3921,2025-10-16,Completed,Card
9200,4183,2025-09-03,Completed,Card
9201,1834,2025-03-28,Completed,PayPal
9202,2140,2025-03-26,Completed,Card
9203,208,2024-03-02,Completed,Card
9204,2234,2025-08-18,Completed,Card
9205,1851,2024-10-02,Completed,Card
9206,1688,2025-11-09,Completed,Bank Transfer
9207,2204,2024-10-21,Cancelled,Card
9208,2209,2024-05-08,Completed,Card
9209,851,2024-12-29,Completed,PayPal
9210,2204,2024-03-07,Completed,PayPal
9211,3691,2024-02-16,Completed,Card
9212,3356,2025-01-08,Completed,PayPal
9213,2610,2025-10-21,Cancelled,Card
9214,224,2024-05-16,Completed,Card
9215,3775,2024-04-04,Completed,PayPal
9216,1412,2024-08-25,Completed,Card
9217,4393,2024-02-04,Completed,Card
9218,323,2024-10-22,Completed,PayPal
9219,1512,2025-05-06,Completed,Card
9220,2087,2024-09-14,Returned,PayPal
9221,4601,2025-01-21,Completed,Card
9222,2288,2024-09-26,Completed,PayPal
9223,687,2024-11-19,Completed,PayPal
9224,2018,2024-02-16,Completed,Card
9225,1469,2025-08-28,Completed,Card
9226,3924,2025-11-24,Completed,Bank Transfer
9227,4836,2025-12-02,Completed,Card
9228,997,2025-05-01,Completed,Card
9229,2535,2025-07-16,Cancelled,Card
9230,2813,2025-12-18,Completed,Card
9231,623,2025-02-14,Completed,Card
9232,3825,2024-05-04,Completed,PayPal
9233,2784,2024-07-30,Completed,Card
9234,4394,2025-01-03,Completed,Card
9235,1076,2024-09-22,Completed,PayPal
9236,304,2024-05-14,Cancelled,PayPal
9237,664,2024-11-10,Completed,Card
9238,2947,2024-10-26,Completed,Card
9239,3995,2024-10-24,Completed,Card
9240,1993,2024-10-05,Completed,Card
9241,3496,2025-01-08,Completed,Bank Transfer
9242,2695,2025-12-26,Completed,PayPal
9243,4305,2025-05-02,Completed,Card
9244,3199,2024-03-02,Completed,PayPal
9245,519,2024-02-23,Cancelled,Card
9246,4434,2024-12-03,Returned,Card
9247,1870,2025-01-09,Completed,Card
9248,3811,2025-04-18,Completed,PayPal
9249,913,2024-04-21,Completed,PayPal
9250,3935,2024-09-25,Completed,PayPal
9251,4903,2024-11-19,Completed,Card
9252,3189,2025-09-10,Completed,Card
9253,1316,2025-11-10,Completed,Card
9254,3229,2025-08-08,Completed,Bank Transfer
9255,572,2025-08-26,Completed,Card
9256,3256,2024-03-25,Completed,Card
9257,2472,2025-01-06,Completed,Card
9258,98,2024-03-15,Completed,PayPal
9259,4034,2025-08-18,Completed,Card
9260,1640,2025-05-22,Completed,Card
9261,4843,2024-08-15,Completed,Bank Transfer
9262,4028,2025-08-17,Completed,PayPal
9263,261,2025-01-28,Completed,Card
9264,936,2024-01-15,Cancelled,Card
9265,1798,2024-06-29,Completed,Card
9266,332,2025-05-22,Completed,Card
9267,4211,2024-12-03,Completed,PayPal
9268,268,2024-09-19,Completed,Card
9269,2060,2024-03-18,Completed,Card
9270,73,2024-08-16,Completed,Card
9271,2922,2024-01-30,Completed,Card
9272,2454,2025-01-08,Completed,Card
9273,3889,2024-06-03,Completed,Card
9274,178,2024-07-03,Completed,PayPal
9275,2000,2025-03-23,Completed,Card
9276,772,2025-03-22,Completed,PayPal
9277,946,2025-03-07,Completed,PayPal
9278,4496,2024-06-17,Completed,Bank Transfer
9279,270,2024-03-21,Completed,Card
9280,1856,2024-07-28,Cancelled,Card
9281,1656,2024-09-15,Completed,Bank Transfer
9282,3753,2025-07-02,Completed,Card
9283,2534,2024-10-12,Cancelled,PayPal
9284,4155,2024-02-23,Completed,Card
9285,2690,2025-04-13,Completed,Card
9286,4983,2025-01-03,Completed,Card
9287,4362,2025-12-24,Returned,Bank Transfer
9288,2123,2024-04-09,Completed,Card
9289,3162,2025-08-19,Completed,Card
9290,505,2025-12-25,Completed,Card
9291,2405,2025-08-20,Completed,PayPal
9292,2202,2025-07-28,Completed,PayPal
9293,3290,2025-03-22,Completed,Card
9294,4582,2024-07-10,Completed,PayPal
9295,1154,2025-02-17,Completed,Card
9296,4162,2025-04-26,Completed,Card
9297,2428,2024-04-02,Completed,Card
9298,1337,2024-09-09,Completed,PayPal
9299,407,2025-10-11,Completed,Card
9300,3479,2025-07-14,Completed,PayPal
9301,4045,2025-09-24,Completed,Bank Transfer
9302,277,2024-02-08,Completed,Card
9303,3481,2025-06-29,Completed,Bank Transfer
9304,2362,2024-12-23,Completed,Bank Transfer
9305,2597,2024-01-09,Completed,PayPal
9306,1969,2024-07-06,Completed,Card
9307,461,2025-08-30,Completed,PayPal
9308,2447,2025-10-06,Completed,Card
9309,3740,2025-11-05,Completed,PayPal
9310,1583,2024-05-18,Completed,Card
9311,3518,2024-10-24,Completed,Card
9312,4803,2024-03-20,Completed,Card
9313,4199,2025-08-25,Completed,Card
9314,2376,2024-09-12,Completed,Card
9315,2740,2025-10-21,Completed,PayPal
9316,972,2024-06-27,Completed,Card
9317,1326,2024-09-13,Completed,Card
9318,153,2024-08-05,Completed,Card
9319,3609,2024-09-23,Completed,Card
9320,3961,2024-11-12,Completed,Card
9321,3107,2025-08-13,Completed,PayPal
9322,3087,2025-11-09,Completed,Card
9323,730,2025-09-07,Completed,Card
9324,3968,2024-10-10,Completed,Card
9325,4170,2024-12-10,Returned,Card
9326,4952,2025-12-27,Completed,Bank Transfer
9327,4003,2024-03-15,Completed,PayPal
9328,2333,2024-12-01,Completed,Card
9329,1574,2025-08-04,Completed,Card
9330,3269,2024-12-28,Completed,PayPal
9331,4376,2024-07-08,Completed,Card
9332,4883,2025-04-16,Completed,Card
9333,686,2024-04-15,Completed,Card
9334,3889,2024-03-10,Completed,Card
9335,1580,2025-06-05,Completed,PayPal
9336,969,2024-08-01,Cancelled,Card
9337,3738,2025-05-31,Completed,Card
9338,2034,2024-01-28,Completed,Card
9339,768,2024-11-10,Completed,Card
9340,646,2025-05-21,Completed,Bank Transfer
9341,4122,2024-08-23,Completed,Card
9342,1080,2024-04-01,Completed,PayPal
9343,637,2024-12-28,Completed,Bank Transfer
9344,4326,2024-02-07,Completed,Card
9345,2101,2025-10-25,Completed,Card
9346,101,2025-12-04,Completed,Card
9347,3918,2025-09-24,Completed,PayPal
9348,4900,2025-05-05,Completed,Card
9349,869,2025-11-13,Completed,Card
9350,4098,2024-04-19,Completed,Bank Transfer
9351,22,2024-05-23,Completed,PayPal
9352,2626,2025-07-31,Completed,PayPal
9353,1904,2024-07-15,Completed,Bank Transfer
9354,2577,2024-02-15,Completed,Bank Transfer
9355,4110,2024-05-28,Completed,Card
9356,4615,2025-07-25,Completed,Card
9357,3294,2024-05-17,Completed,Bank Transfer
9358,1936,2025-05-04,Completed,Card
9359,616,2025-02-05,Completed,Bank Transfer
9360,2451,2025-08-24,Completed,PayPal
9361,3585,2025-12-24,Completed,Card
9362,287,2025-11-11,Completed,Card
9363,3319,2025-09-16,Completed,Card
9364,1924,2024-12-06,Completed,Card
9365,4922,2025-07-31,Completed,Card
9366,2774,2024-10-28,Completed,Card
9367,2091,2024-04-27,Completed,PayPal
9368,2802,2024-05-30,Completed,Card
9369,993,2024-06-15,Completed,PayPal
9370,1585,2025-08-29,Completed,Bank Transfer
9371,1904,2025-02-28,Completed,Card
9372,876,2025-03-12,Completed,Card
9373,4830,2025-09-23,Completed,Card
9374,1886,2024-03-14,Completed,Bank Transfer
9375,144,2024-12-27,Cancelled,PayPal
9376,2257,2024-04-05,Completed,PayPal
9377,1123,2024-10-18,Completed,PayPal
9378,700,2024-06-25,Completed,Card
9379,4210,2024-01-27,Completed,Card
9380,271,2024-10-31,Cancelled,Bank Transfer
9381,63,2025-12-23,Completed,PayPal
9382,1008,2024-07-23,Completed,PayPal
9383,2844,2025-07-31,Completed,PayPal
9384,2273,2025-10-23,Completed,Card
9385,1983,2025-11-09,Cancelled,Card
9386,2429,2024-08-07,Completed,Card
9387,3725,2024-10-26,Completed,Card
9388,4414,2024-09-14,Completed,Card
9389,2756,2025-12-15,Completed,Card
9390,3735,2024-08-27,Completed,Card
9391,1293,2024-08-16,Completed,Card
9392,4510,2025-04-18,Completed,Card
9393,4321,2024-06-04,Completed,Card
9394,1178,2024-08-05,Completed,Card
9395,4717,2025-04-09,Completed,PayPal
9396,2621,2024-07-13,Completed,PayPal
9397,2537,2024-09-26,Completed,PayPal
9398,1969,2025-06-11,Completed,Card
9399,1196,2025-07-16,Completed,PayPal
9400,2832,2024-12-21,Completed,Bank Transfer
9401,508,2025-06-23,Completed,Card
9402,405,2025-04-20,Completed,PayPal
9403,1295,2025-07-18,Completed,Card
9404,3626,2024-11-03,Completed,Card
9405,2820,2025-09-19,Completed,Card
9406,4760,2025-02-12,Completed,PayPal
9407,3638,2025-03-16,Completed,Card
9408,1874,2025-06-04,Completed,PayPal
9409,1407,2025-06-06,Completed,Card
9410,3584,2025-04-29,Completed,Card
9411,1578,2025-09-10,Completed,Card
9412,4377,2024-09-14,Completed,Card
9413,3428,2025-11-24,Completed,Card
9414,637,2024-06-18,Completed,Card
9415,808,2025-04-05,Completed,Card
9416,2396,2025-10-12,Cancelled,Card
9417,4525,2024-04-20,Completed,Card
9418,1416,2025-08-26,Completed,Card
9419,2450,2024-08-07,Completed,PayPal
9420,4761,2024-01-05,Completed,Card
9421,4846,2025-06-15,Completed,Card
9422,3497,2025-09-04,Completed,Card
9423,3589,2024-10-21,Completed,Card
9424,4030,2025-04-02,Cancelled,Card
9425,4733,2025-10-30,Cancelled,Card
9426,515,2025-05-27,Completed,Card
9427,3295,2024-07-30,Completed,Card
9428,2909,2024-04-28,Cancelled,Card
9429,2499,2025-01-19,Completed,Card
9430,1367,2024-09-16,Completed,PayPal
9431,341,2025-02-02,Completed,PayPal
9432,3973,2024-06-23,Completed,PayPal
9433,1561,2025-02-17,Completed,Card
9434,2469,2024-05-13,Returned,Card
9435,2429,2024-04-11,Completed,PayPal
9436,3689,2025-01-19,Completed,Bank Transfer
9437,2696,2025-03-30,Completed,PayPal
9438,2028,2024-03-02,Completed,Card
9439,3753,2025-07-19,Completed,Card
9440,316,2024-01-07,Cancelled,PayPal
9441,3990,2025-05-29,Completed,Card
9442,1102,2024-11-27,Cancelled,Card
9443,531,2025-01-13,Completed,Card
9444,2403,2025-03-20,Completed,PayPal
9445,1860,2024-11-30,Completed,Card
9446,4758,2025-04-12,Completed,PayPal
9447,1220,2025-10-22,Completed,PayPal
9448,4223,2024-10-14,Completed,Card
9449,4445,2024-01-12,Completed,Card
9450,1767,2024-04-13,Completed,Card
9451,1068,2025-09-14,Completed,Card
9452,728,2024-09-19,Completed,Card
9453,244,2025-03-10,Completed,PayPal
9454,1786,2024-06-21,Completed,PayPal
9455,712,2025-08-29,Completed,PayPal
9456,2894,2024-11-16,Completed,Card
9457,3151,2025-12-15,Completed,Card
9458,4182,2024-02-14,Completed,Card
9459,1509,2025-06-29,Completed,PayPal
9460,271,2024-07-29,Completed,Card
9461,1798,2025-02-20,Completed,Card
9462,2561,2024-09-20,Completed,Card
9463,3561,2024-10-27,Completed,Card
9464,4004,2025-03-31,Completed,Card
9465,2178,2024-08-13,Completed,PayPal
9466,838,2024-04-13,Completed,Bank Transfer
9467,2818,2024-08-08,Completed,Card
9468,3715,2024-11-29,Completed,PayPal
9469,3079,2025-02-21,Completed,PayPal
9470,2900,2024-10-27,Completed,PayPal
9471,1777,2025-09-26,Completed,Card
9472,1651,2025-04-29,Completed,Card
9473,2949,2025-04-01,Completed,PayPal
9474,2521,2025-03-11,Completed,Bank Transfer
9475,2386,2025-01-28,Completed,PayPal
9476,4415,2024-02-12,Completed,Card
9477,2769,2024-07-28,Completed,PayPal
9478,4239,2024-01-11,Completed,Bank Transfer
9479,2705,2024-08-03,Completed,Card
9480,1173,2024-06-12,Completed,Card
9481,2519,2024-08-12,Completed,PayPal
9482,363,2024-09-02,Completed,PayPal
9483,650,2025-10-19,Completed,Card
9484,2257,2025-12-03,Completed,Card
9485,3137,2024-01-16,Completed,PayPal
9486,4645,2024-07-12,Completed,Bank Transfer
9487,1136,2024-01-09,Completed,Card
9488,4359,2025-05-28,Completed,PayPal
9489,3148,2024-10-19,Completed,Card
9490,4862,2024-03-24,Completed,Card
9491,876,2024-07-27,Completed,Bank Transfer
9492,3743,2024-02-27,Completed,Bank Transfer
9493,3852,2025-05-26,Completed,Card
9494,1153,2025-09-09,Completed,PayPal
9495,1923,2025-10-09,Completed,PayPal
9496,629,2024-11-26,Completed,Bank Transfer
9497,3020,2025-04-05,Completed,Card
9498,1725,2025-08-11,Completed,Bank Transfer
9499,4749,2024-11-20,Completed,Card
9500,1129,2024-07-28,Completed,PayPal
9501,4562,2024-05-04,Completed,PayPal
9502,764,2025-11-22,Completed,PayPal
9503,1020,2025-04-06,Completed,Card
9504,3974,2024-10-16,Completed,PayPal
9505,3928,2024-08-01,Completed,Card
9506,2842,2025-03-07,Completed,Card
9507,2948,2024-04-06,Completed,PayPal
9508,675,2024-09-05,Completed,Card
9509,1009,2025-05-17,Completed,Card
9510,1227,2025-06-08,Completed,PayPal
9511,1636,2025-05-19,Completed,PayPal
9512,4377,2024-03-31,Completed,Card
9513,324,2025-12-05,Completed,Card
9514,2839,2025-12-11,Completed,Card
9515,3811,2025-07-29,Completed,Card
9516,1686,2024-06-15,Completed,PayPal
9517,3713,2024-09-07,Completed,PayPal
9518,542,2025-03-22,Completed,Bank Transfer
9519,2945,2024-07-04,Completed,Card
9520,1328,2024-09-05,Completed,Card
9521,639,2024-12-05,Completed,PayPal
9522,4532,2025-03-21,Completed,Card
9523,2261,2024-05-17,Completed,PayPal
9524,1430,2024-04-18,Completed,Card
9525,2866,2025-02-20,Completed,PayPal
9526,962,2025-03-01,Completed,Card
9527,2963,2024-02-13,Completed,Bank Transfer
9528,2469,2024-12-07,Completed,Card
9529,3229,2024-07-19,Completed,Card
9530,129,2025-01-12,Completed,Card
9531,4400,2024-04-13,Completed,PayPal
9532,3967,2025-04-02,Completed,Bank Transfer
9533,917,2025-02-18,Completed,PayPal
9534,1251,2025-09-23,Completed,PayPal
9535,2199,2025-02-05,Completed,Card
9536,4689,2025-01-24,Completed,Card
9537,4074,2024-12-27,Completed,Card
9538,3788,2025-03-09,Cancelled,PayPal
9539,940,2025-01-17,Completed,Card
9540,2279,2024-01-28,Completed,PayPal
9541,1002,2024-04-16,Completed,Bank Transfer
9542,3773,2025-06-23,Completed,Card
9543,2213,2024-07-04,Completed,Card
9544,1611,2024-07-13,Completed,Card
9545,1628,2024-05-25,Completed,Card
9546,3138,2025-11-19,Completed,PayPal
9547,3992,2024-05-07,Completed,Card
9548,1104,2024-04-15,Completed,Card
9549,2188,2025-02-19,Cancelled,Card
9550,4226,2024-12-17,Completed,Card
9551,3033,2025-01-17,Cancelled,Card
9552,2814,2025-12-23,Cancelled,Card
9553,2494,2024-12-14,Completed,Card
9554,3904,2025-04-25,Completed,PayPal
9555,29,2024-11-09,Returned,Bank Transfer
9556,4060,2025-06-06,Completed,PayPal
9557,1261,2024-12-25,Completed,Card
9558,3671,2024-11-16,Completed,Card
9559,4895,2025-01-18,Completed,Card
9560,3511,2024-01-17,Completed,Card
9561,2337,2025-01-04,Completed,Bank Transfer
9562,3324,2024-03-06,Completed,Card
9563,100,2024-04-22,Completed,Card
9564,3657,2025-10-05,Completed,PayPal
9565,4518,2025-02-19,Completed,Bank Transfer
9566,694,2024-03-11,Completed,Card
9567,4802,2024-03-01,Completed,Card
9568,18,2025-03-19,Completed,Card
9569,3710,2024-11-09,Completed,Card
9570,2771,2025-04-27,Completed,Card
9571,1031,2024-08-31,Completed,Card
9572,4476,2025-05-31,Completed,Card
9573,4210,2025-01-04,Completed,Card
9574,1620,2024-11-12,Completed,Card
9575,851,2024-01-21,Returned,Card
9576,1897,2025-11-28,Completed,Card
9577,976,2025-12-21,Completed,Bank Transfer
9578,2517,2024-08-18,Completed,Card
9579,4189,2025-06-09,Completed,Card
9580,1516,2025-08-13,Completed,Card
9581,1126,2025-04-13,Completed,PayPal
9582,493,2025-11-24,Completed,Card
9583,3037,2024-03-18,Completed,Bank Transfer
9584,2527,2025-07-16,Completed,PayPal
9585,167,2025-06-13,Completed,Card
9586,4236,2024-10-16,Completed,PayPal
9587,4190,2024-08-05,Completed,Card
9588,576,2024-04-09,Completed,Card
9589,606,2024-05-28,Completed,PayPal
9590,3344,2025-01-19,Completed,Card
9591,1819,2024-06-03,Completed,Card
9592,1156,2025-01-29,Completed,PayPal
9593,4680,2025-01-10,Completed,Card
9594,816,2024-04-11,Completed,PayPal
9595,2641,2025-09-18,Completed,PayPal
9596,1536,2024-04-01,Completed,Card
9597,2734,2025-02-14,Completed,Card
9598,963,2025-02-09,Completed,Card
9599,3035,2024-01-21,Completed,PayPal
9600,2048,2025-09-23,Cancelled,PayPal
9601,4542,2025-02-11,Completed,Card
9602,3861,2024-01-19,Completed,Card
9603,1515,2025-06-19,Completed,PayPal
9604,3352,2025-06-21,Completed,PayPal
9605,1068,2024-06-01,Completed,Card
9606,882,2024-10-27,Completed,PayPal
9607,3640,2025-02-16,Completed,Card
9608,1550,2024-07-20,Completed,Card
9609,2738,2024-05-18,Cancelled,Card
9610,4558,2024-01-24,Completed,Card
9611,101,2024-01-12,Cancelled,Card
9612,3533,2024-05-14,Completed,Card
9613,2817,2024-03-21,Completed,PayPal
9614,408,2024-12-20,Completed,PayPal
9615,2516,2024-03-10,Completed,Card
9616,1740,2024-07-22,Completed,Card
9617,4053,2025-08-13,Completed,Card
9618,259,2024-10-05,Completed,Card
9619,509,2025-12-11,Completed,Bank Transfer
9620,3822,2025-01-13,Completed,Card
9621,4405,2024-10-20,Completed,Card
9622,3684,2025-02-18,Completed,Card
9623,4721,2025-03-03,Completed,Card
9624,3727,2024-06-04,Completed,PayPal
9625,679,2025-08-10,Completed,Bank Transfer
9626,1284,2024-10-03,Completed,Card
9627,4838,2024-09-21,Completed,PayPal
9628,907,2024-02-18,Completed,Card
9629,268,2025-09-01,Cancelled,Card
9630,3104,2024-10-19,Completed,Card
9631,4907,2024-01-21,Completed,Card
9632,1201,2025-03-19,Completed,Bank Transfer
9633,1117,2025-06-18,Cancelled,Card
9634,899,2025-04-16,Completed,Card
9635,2791,2024-05-17,Completed,PayPal
9636,2645,2024-08-17,Completed,Card
9637,1059,2025-02-08,Completed,Card
9638,688,2024-12-22,Completed,Card
9639,788,2025-06-24,Completed,Bank Transfer
9640,4495,2024-01-21,Completed,Card
9641,2645,2025-09-02,Completed,Card
9642,2165,2025-07-28,Completed,Card
9643,4458,2025-10-06,Completed,Card
9644,204,2025-06-10,Completed,Card
9645,3218,2024-04-14,Completed,Card
9646,2492,2025-09-14,Completed,Card
9647,4823,2024-12-01,Completed,PayPal
9648,2039,2025-02-27,Completed,PayPal
9649,3369,2025-09-14,Completed,Card
9650,3559,2024-01-04,Completed,PayPal
9651,4058,2025-04-13,Completed,PayPal
9652,4863,2025-10-25,Completed,Card
9653,1227,2025-07-07,Completed,PayPal
9654,4491,2025-06-21,Completed,PayPal
9655,4344,2024-07-12,Completed,PayPal
9656,3512,2024-12-25,Completed,Card
9657,914,2025-06-03,Completed,Card
9658,1420,2024-03-13,Completed,Card
9659,2704,2024-03-18,Completed,Card
9660,356,2025-10-21,Completed,Card
9661,3473,2024-03-08,Completed,Card
9662,241,2025-11-25,Completed,Card
9663,1911,2024-11-29,Completed,Card
9664,2277,2024-03-25,Completed,Card
9665,621,2025-05-10,Completed,Bank Transfer
9666,855,2024-03-19,Completed,Card
9667,3744,2025-07-04,Completed,Card
9668,2315,2024-11-01,Completed,Card
9669,3201,2024-01-20,Completed,PayPal
9670,3625,2025-08-04,Completed,PayPal
9671,1061,2024-06-04,Completed,Bank Transfer
9672,382,2024-04-26,Cancelled,Card
9673,1133,2025-03-25,Cancelled,PayPal
9674,2477,2024-01-28,Cancelled,Bank Transfer
9675,3136,2025-09-01,Completed,Card
9676,2839,2024-11-24,Completed,Bank Transfer
9677,2080,2025-10-24,Completed,Card
9678,945,2024-12-29,Completed,Card
9679,3963,2025-02-22,Completed,PayPal
9680,4202,2024-01-22,Returned,Bank Transfer
9681,2530,2024-09-17,Completed,Card
9682,4302,2024-02-29,Completed,PayPal
9683,3319,2025-02-16,Completed,Bank Transfer
9684,835,2024-06-11,Completed,Card
9685,3751,2024-04-23,Completed,Card
9686,4185,2024-12-19,Completed,PayPal
9687,3388,2024-07-14,Completed,PayPal
9688,4992,2024-02-14,Completed,Card
9689,4239,2025-09-16,Completed,Bank Transfer
9690,207,2024-06-27,Completed,Card
9691,3535,2025-05-07,Completed,Card
9692,2053,2024-11-20,Completed,PayPal
9693,4307,2025-01-04,Completed,Card
9694,29,2025-07-21,Completed,Card
9695,1214,2024-12-12,Completed,Card
9696,188,2024-04-24,Completed,PayPal
9697,1861,2024-12-22,Completed,Card
9698,2573,2024-06-15,Completed,Card
9699,4015,2024-12-19,Completed,PayPal
9700,4253,2024-04-24,Completed,PayPal
9701,2128,2025-02-11,Completed,Card
9702,1892,2025-08-14,Completed,Card
9703,2708,2024-11-18,Completed,Card
9704,1742,2025-06-24,Completed,PayPal
9705,2674,2024-02-11,Completed,Card
9706,1814,2025-04-04,Completed,Card
9707,4328,2024-04-28,Completed,PayPal
9708,160,2025-07-27,Completed,Bank Transfer
9709,344,2025-10-28,Completed,Card
9710,205,2025-03-25,Completed,PayPal
9711,3043,2025-03-16,Completed,Card
9712,2886,2024-07-07,Completed,PayPal
9713,305,2024-10-11,Completed,Card
9714,2718,2024-04-13,Completed,PayPal
9715,3942,2025-07-22,Completed,Card
9716,400,2025-04-01,Completed,Card
9717,3521,2024-11-06,Completed,Bank Transfer
9718,986,2025-11-14,Completed,PayPal
9719,1806,2025-01-18,Completed,Card
9720,2097,2025-10-29,Completed,Card
9721,4302,2024-06-13,Completed,PayPal
9722,1460,2025-02-10,Returned,Card
9723,1346,2025-08-03,Completed,Card
9724,231,2025-04-20,Completed,PayPal
9725,3783,2024-02-27,Completed,Card
9726,3501,2025-12-19,Completed,PayPal
9727,883,2025-02-19,Returned,Card
9728,2774,2025-08-19,Completed,Card
9729,2332,2025-09-04,Cancelled,Card
9730,433,2024-09-07,Completed,PayPal
9731,1209,2024-08-07,Completed,PayPal
9732,2681,2024-06-08,Completed,Card
9733,2264,2024-07-05,Completed,Bank Transfer
9734,3003,2025-08-21,Completed,PayPal
9735,2413,2025-04-08,Completed,Card
9736,1818,2025-05-12,Completed,PayPal
9737,618,2024-11-25,Completed,PayPal
9738,4493,2024-12-14,Completed,Card
9739,2506,2025-05-14,Completed,Card
9740,318,2025-10-28,Completed,Card
9741,457,2025-05-04,Completed,Bank Transfer
9742,501,2024-10-06,Completed,PayPal
9743,4419,2024-06-12,Completed,Card
9744,2316,2025-02-01,Completed,PayPal
9745,3875,2024-03-08,Completed,Bank Transfer
9746,4974,2025-03-03,Completed,Bank Transfer
9747,4775,2025-03-07,Completed,Card
9748,1004,2025-01-09,Completed,PayPal
9749,4251,2025-12-24,Returned,Card
9750,4197,2025-09-23,Completed,Card
9751,1067,2025-11-27,Completed,Card
9752,4717,2025-02-26,Completed,Card
9753,1629,2025-12-28,Completed,Card
9754,3235,2025-10-03,Completed,Card
9755,2282,2024-03-18,Completed,PayPal
9756,4499,2025-05-02,Completed,Bank Transfer
9757,2399,2024-06-18,Completed,PayPal
9758,3239,2024-02-07,Completed,Card
9759,4355,2025-07-20,Completed,Card
9760,3670,2024-10-16,Completed,Card
9761,4716,2025-07-11,Completed,PayPal
9762,1466,2024-06-19,Completed,Card
9763,1962,2025-10-03,Completed,PayPal
9764,876,2025-11-06,Completed,Card
9765,4070,2025-08-04,Completed,PayPal
9766,3902,2024-10-18,Returned,Card
9767,543,2025-08-03,Completed,Card
9768,3517,2025-02-25,Completed,Card
9769,3866,2024-04-14,Completed,Card
9770,4549,2025-07-19,Completed,Card
9771,4500,2025-02-09,Completed,PayPal
9772,1019,2025-04-03,Completed,Card
9773,1429,2024-09-04,Completed,Card
9774,4979,2024-11-04,Completed,Card
9775,575,2025-01-07,Completed,Card
9776,1459,2024-04-15,Completed,Card
9777,1500,2024-11-10,Completed,Card
9778,1492,2025-08-31,Completed,PayPal
9779,3173,2025-06-22,Completed,Card
9780,2471,2024-03-12,Completed,Card
9781,3428,2025-01-12,Completed,Card
9782,2516,2025-05-10,Completed,Card
9783,3552,2024-07-03,Completed,Card
9784,4207,2024-05-13,Cancelled,Card
9785,2201,2024-06-22,Completed,Bank Transfer
9786,2965,2025-09-01,Completed,PayPal
9787,3314,2025-01-27,Completed,PayPal
9788,2928,2024-03-04,Completed,Card
9789,682,2025-02-18,Completed,Card
9790,4865,2025-02-06,Completed,Card
9791,279,2024-04-22,Completed,Card
9792,4459,2024-03-05,Completed,Card
9793,1649,2025-12-28,Completed,PayPal
9794,4697,2025-02-04,Completed,Card
9795,1159,2024-10-16,Cancelled,Card
9796,2342,2025-04-27,Completed,Bank Transfer
9797,1519,2025-02-23,Completed,Card
9798,1839,2024-11-10,Completed,PayPal
9799,871,2024-03-29,Completed,PayPal
9800,3278,2025-10-22,Completed,PayPal
9801,1342,2024-12-22,Completed,Card
9802,2307,2025-06-01,Completed,Card
9803,1172,2024-12-30,Completed,Card
9804,4073,2024-09-23,Completed,Card
9805,1129,2025-02-09,Completed,Card
9806,3628,2024-05-18,Completed,Card
9807,4000,2024-06-13,Completed,PayPal
9808,3888,2025-11-27,Returned,Bank Transfer
9809,1285,2025-10-27,Completed,PayPal
9810,571,2024-04-15,Completed,PayPal
9811,2865,2024-05-28,Completed,Card
9812,3985,2024-07-03,Completed,Card
9813,3142,2025-02-13,Completed,PayPal
9814,1978,2025-12-03,Completed,PayPal
9815,447,2025-11-05,Completed,Card
9816,4879,2024-07-19,Completed,Card
9817,1281,2025-09-09,Completed,Bank Transfer
9818,637,2025-12-27,Completed,Bank Transfer
9819,2974,2024-08-07,Completed,Card
9820,4627,2025-04-14,Completed,Card
9821,119,2025-12-29,Cancelled,Card
9822,4162,2025-03-09,Completed,PayPal
9823,2293,2024-01-29,Completed,PayPal
9824,2105,2024-03-04,Completed,Card
9825,1068,2024-04-05,Completed,Card
9826,424,2025-10-27,Completed,Card
9827,3820,2025-06-23,Completed,Card
9828,4491,2025-05-24,Completed,Card
9829,1281,2024-12-05,Completed,Card
9830,1820,2025-11-18,Completed,Card
9831,3433,2024-09-07,Completed,PayPal
9832,763,2025-12-06,Completed,PayPal
9833,1630,2024-10-05,Completed,Card
9834,443,2024-02-08,Completed,PayPal
9835,3015,2024-03-09,Completed,Card
9836,2582,2024-10-03,Completed,Card
9837,1498,2024-04-29,Completed,Card
9838,4253,2024-03-26,Cancelled,PayPal
9839,89,2024-06-25,Completed,Card
9840,2250,2025-08-28,Completed,PayPal
9841,980,2024-04-01,Completed,Card
9842,462,2025-02-23,Completed,Card
9843,3553,2024-03-21,Completed,Card
9844,2757,2024-12-06,Completed,Bank Transfer
9845,3629,2025-02-24,Completed,PayPal
9846,2502,2024-08-15,Completed,Card
9847,380,2025-04-17,Completed,Card
9848,4497,2024-03-28,Completed,Card
9849,4647,2024-12-15,Completed,Card
9850,2984,2025-10-01,Completed,PayPal
9851,3061,2024-07-08,Completed,Card
9852,2951,2025-10-07,Completed,PayPal
9853,4541,2024-05-15,Completed,Bank Transfer
9854,3731,2024-11-20,Completed,PayPal
9855,4425,2024-02-09,Completed,Card
9856,1932,2025-10-11,Completed,Card
9857,3422,2024-10-13,Completed,Card
9858,1991,2024-09-12,Completed,Card
9859,4866,2025-08-19,Completed,Card
9860,3857,2025-02-23,Completed,Card
9861,1483,2025-06-22,Completed,Card
9862,2546,2024-10-17,Cancelled,PayPal
9863,4221,2024-11-11,Completed,Bank Transfer
9864,4300,2024-05-11,Completed,PayPal
9865,2816,2025-08-25,Completed,Card
9866,643,2025-06-22,Completed,Card
9867,4686,2024-10-29,Completed,Card
9868,3919,2024-10-08,Completed,Bank Transfer
9869,1587,2025-05-06,Completed,PayPal
9870,2410,2024-10-06,Completed,PayPal
9871,3850,2025-05-14,Completed,Card
9872,55,2024-07-17,Returned,Card
9873,842,2025-01-09,Completed,Card
9874,4588,2024-10-26,Completed,Card
9875,985,2025-10-27,Completed,PayPal
9876,2621,2024-10-25,Completed,PayPal
9877,2907,2025-07-08,Completed,Card
9878,1995,2024-11-17,Completed,PayPal
9879,1933,2024-04-19,Completed,PayPal
9880,2273,2025-09-14,Completed,Card
9881,103,2025-04-15,Completed,Card
9882,970,2025-02-15,Completed,Bank Transfer
9883,1072,2025-05-27,Returned,PayPal
9884,737,2025-04-24,Cancelled,PayPal
9885,1366,2024-05-19,Completed,Bank Transfer
9886,3631,2025-11-20,Completed,Card
9887,228,2025-05-18,Completed,PayPal
9888,3571,2024-02-29,Completed,Card
9889,445,2024-07-01,Completed,Card
9890,1620,2025-02-22,Completed,PayPal
9891,4694,2024-08-14,Completed,Card
9892,2205,2025-01-25,Completed,Card
9893,2704,2024-05-23,Completed,Card
9894,3051,2025-07-17,Completed,PayPal
9895,3503,2025-08-15,Completed,Card
9896,3627,2025-10-22,Returned,Card
9897,1182,2024-01-27,Returned,Card
9898,3257,2025-09-14,Completed,Card
9899,798,2025-05-22,Completed,Card
9900,835,2025-08-13,Completed,Card
9901,3000,2024-05-06,Completed,Card
9902,2033,2025-03-31,Completed,Card
9903,4453,2024-10-07,Completed,PayPal
9904,2765,2025-01-29,Completed,PayPal
9905,2410,2024-11-14,Completed,PayPal
9906,3685,2025-03-16,Completed,Card
9907,3276,2024-12-06,Returned,PayPal
9908,8,2025-11-24,Completed,Card
9909,2520,2024-04-28,Completed,PayPal
9910,2220,2025-11-20,Completed,Card
9911,3875,2025-12-13,Completed,Card
9912,3729,2025-01-02,Completed,Bank Transfer
9913,3330,2025-01-19,Completed,PayPal
9914,3372,2025-05-24,Cancelled,Card
9915,614,2025-08-04,Cancelled,Bank Transfer
9916,689,2024-06-06,Completed,Card
9917,898,2025-09-01,Completed,Bank Transfer
9918,110,2025-12-17,Cancelled,PayPal
9919,4806,2024-03-26,Completed,PayPal
9920,3013,2024-12-26,Cancelled,Card
9921,2919,2024-03-25,Completed,PayPal
9922,1161,2024-12-24,Completed,Card
9923,3982,2025-12-27,Completed,Card
9924,3611,2024-05-12,Completed,Card
9925,4745,2025-01-21,Completed,Card
9926,2004,2024-09-03,Completed,Card
9927,1528,2024-05-20,Completed,Card
9928,1914,2025-03-22,Completed,Card
9929,4342,2024-03-16,Completed,Card
9930,3182,2024-04-07,Completed,Card
9931,4894,2024-10-29,Completed,Card
9932,3347,2025-04-10,Completed,PayPal
9933,2864,2024-02-24,Completed,PayPal
9934,4611,2024-10-31,Completed,Card
9935,506,2025-06-17,Completed,Bank Transfer
9936,4251,2024-02-04,Completed,Bank Transfer
9937,2007,2025-06-23,Completed,Card
9938,4207,2025-05-03,Returned,PayPal
9939,2856,2025-11-12,Completed,PayPal
9940,3965,2024-05-19,Completed,Card
9941,1675,2025-10-02,Completed,PayPal
9942,1191,2024-04-09,Completed,Card
9943,2393,2025-01-07,Completed,Card
9944,1922,2024-01-23,Completed,Card
9945,4390,2024-10-10,Completed,PayPal
9946,2693,2024-04-22,Completed,Bank Transfer
9947,4434,2025-01-07,Completed,Card
9948,1828,2024-07-15,Completed,PayPal
9949,2500,2024-06-12,Completed,Card
9950,717,2025-03-06,Completed,Card
9951,631,2025-07-21,Completed,PayPal
9952,4861,2024-01-10,Completed,Card
9953,85,2025-10-06,Completed,PayPal
9954,3769,2025-02-01,Completed,PayPal
9955,737,2024-05-31,Completed,Card
9956,2708,2024-07-09,Completed,PayPal
9957,227,2024-10-03,Cancelled,Card
9958,3358,2025-05-07,Completed,PayPal
9959,1308,2024-08-30,Completed,Card
9960,4205,2025-05-02,Completed,Card
9961,4231,2024-10-02,Completed,Card
9962,4387,2024-07-08,Completed,Bank Transfer
9963,3959,2025-09-18,Completed,Card
9964,1653,2024-11-02,Completed,PayPal
9965,1868,2024-10-22,Completed,PayPal
9966,27,2024-08-21,Completed,Card
9967,4650,2024-12-06,Completed,Card
9968,933,2025-08-15,Completed,Bank Transfer
9969,3459,2024-07-11,Cancelled,Card
9970,467,2024-12-29,Cancelled,Card
9971,2701,2024-09-14,Completed,PayPal
9972,1499,2025-05-25,Completed,Card
9973,618,2024-08-18,Completed,PayPal
9974,3778,2024-01-14,Completed,Card
9975,4554,2024-01-14,Completed,Card
9976,2688,2025-07-09,Returned,Card
9977,1505,2024-07-28,Returned,Card
9978,3968,2024-02-09,Completed,Card
9979,180,2024-02-03,Completed,PayPal
9980,2586,2024-08-21,Completed,Card
9981,2070,2024-10-16,Completed,PayPal
9982,4859,2025-03-08,Completed,Bank Transfer
9983,922,2024-11-13,Completed,Card
9984,3093,2025-10-01,Completed,Card
9985,4841,2025-02-11,Returned,Card
9986,1511,2025-12-21,Completed,Card
9987,3600,2024-03-20,Cancelled,Card
9988,3277,2024-06-24,Completed,Card
9989,2720,2024-10-11,Completed,Card
9990,4733,2025-09-21,Completed,Card
9991,1024,2025-11-08,Completed,PayPal
9992,152,2024-11-13,Completed,PayPal
9993,13,2025-02-13,Completed,Card
9994,715,2024-05-21,Completed,PayPal
9995,3151,2024-09-03,Completed,Card
9996,3626,2024-06-25,Completed,Card
9997,249,2024-12-09,Completed,Card
9998,1145,2024-09-20,Completed,PayPal
9999,4483,2024-06-16,Completed,Card
10000,4535,2024-01-25,Completed,PayPal
10001,3344,2025-12-03,Completed,Card
10002,721,2025-06-10,Completed,Card
10003,4569,2025-06-11,Completed,Card
10004,3230,2024-11-05,Completed,PayPal
10005,1007,2025-09-30,Completed,Card
10006,4729,2024-01-28,Completed,Card
10007,3299,2025-01-04,Completed,Bank Transfer
10008,2469,2025-01-18,Completed,Card
10009,4120,2024-10-20,Completed,Card
10010,3814,2025-10-25,Completed,Card
10011,538,2025-04-23,Completed,PayPal
10012,2825,2025-08-02,Completed,Card
10013,2686,2024-02-06,Completed,Card
10014,1981,2025-06-30,Completed,Card
10015,540,2025-10-07,Completed,Bank Transfer
10016,3885,2025-11-03,Completed,Card
10017,4054,2025-01-06,Completed,Card
10018,3200,2025-09-13,Completed,PayPal
10019,4517,2024-04-11,Completed,PayPal
10020,484,2024-12-20,Completed,PayPal
10021,1029,2025-04-09,Cancelled,Card
10022,52,2025-11-24,Completed,Card
10023,243,2025-04-24,Completed,Bank Transfer
10024,1687,2025-10-20,Completed,Card
10025,2822,2024-08-03,Cancelled,Bank Transfer
10026,1841,2025-10-12,Cancelled,Card
10027,425,2024-11-22,Completed,Card
10028,2128,2025-11-30,Completed,Card
10029,695,2025-08-22,Completed,Card
10030,354,2024-09-03,Completed,Card
10031,3691,2025-11-28,Completed,Card
10032,1690,2024-03-28,Completed,Card
10033,293,2024-11-29,Completed,PayPal
10034,717,2025-10-25,Completed,PayPal
10035,4625,2024-07-18,Cancelled,PayPal
10036,4576,2025-01-17,Completed,Card
10037,4573,2025-03-03,Completed,Card
10038,4121,2024-11-30,Completed,PayPal
10039,2479,2025-03-25,Completed,Card
10040,2365,2024-08-03,Completed,PayPal
10041,638,2025-08-08,Completed,Card
10042,2406,2025-11-02,Completed,PayPal
10043,1300,2024-09-11,Completed,PayPal
10044,3949,2025-06-12,Completed,Card
10045,690,2025-05-19,Completed,Card
10046,4440,2025-03-13,Completed,Bank Transfer
10047,2607,2025-10-11,Completed,Card
10048,712,2025-04-14,Completed,Card
10049,2611,2024-01-06,Cancelled,PayPal
10050,439,2024-08-06,Completed,PayPal
10051,3534,2025-05-27,Completed,PayPal
10052,3879,2025-07-29,Completed,PayPal
10053,3342,2025-12-21,Completed,Card
10054,3093,2025-05-27,Completed,PayPal
10055,4239,2024-07-07,Completed,Card
10056,1784,2024-09-03,Completed,Card
10057,868,2025-11-16,Completed,Bank Transfer
10058,1489,2025-09-12,Completed,Card
10059,468,2025-07-25,Completed,Card
10060,4973,2025-07-08,Completed,Card
10061,3922,2025-03-03,Cancelled,Bank Transfer
10062,1418,2025-07-03,Completed,PayPal
10063,1777,2024-12-28,Completed,Card
10064,1082,2025-08-16,Completed,Bank Transfer
10065,4937,2025-01-30,Completed,Card
10066,2926,2025-09-14,Completed,Bank Transfer
10067,4085,2024-05-15,Completed,PayPal
10068,4062,2025-03-09,Completed,Bank Transfer
10069,1012,2024-11-13,Completed,Card
10070,814,2025-06-18,Completed,Card
10071,3947,2025-05-15,Completed,PayPal
10072,2317,2024-12-14,Completed,Card
10073,2144,2024-02-28,Completed,Card
10074,273,2024-05-19,Completed,PayPal
10075,3645,2025-09-19,Completed,PayPal
10076,1717,2024-07-22,Cancelled,Card
10077,2976,2024-06-06,Completed,Card
10078,4101,2024-11-25,Completed,Card
10079,357,2024-07-14,Completed,Card
10080,204,2025-03-06,Completed,PayPal
10081,3746,2025-12-24,Completed,Card
10082,1597,2025-07-06,Completed,PayPal
10083,497,2025-06-02,Completed,Card
10084,4798,2025-09-08,Completed,Card
10085,4933,2025-04-16,Completed,Card
10086,63,2025-04-02,Completed,Card
10087,1580,2024-02-14,Completed,Card
10088,4335,2024-02-07,Completed,PayPal
10089,540,2025-11-06,Completed,Card
10090,4294,2025-08-15,Completed,Card
10091,4877,2024-12-06,Completed,Bank Transfer
10092,4126,2025-07-23,Completed,PayPal
10093,2714,2024-10-28,Completed,Card
10094,1081,2025-09-26,Completed,Card
10095,1856,2025-12-07,Completed,Bank Transfer
10096,3505,2024-07-11,Completed,PayPal
10097,3380,2025-09-07,Completed,Card
10098,1599,2025-09-15,Completed,Bank Transfer
10099,1629,2024-05-11,Completed,Card
10100,3179,2025-08-30,Completed,PayPal
10101,2648,2025-08-17,Completed,Card
10102,3373,2025-04-12,Completed,Bank Transfer
10103,1070,2024-06-18,Completed,Bank Transfer
10104,2777,2025-07-14,Completed,Card
10105,1193,2025-10-08,Completed,PayPal
10106,814,2024-09-21,Completed,PayPal
10107,1153,2024-07-17,Completed,PayPal
10108,2756,2024-10-09,Completed,Card
10109,1884,2025-02-08,Cancelled,Card
10110,268,2025-06-30,Completed,Card
10111,3672,2025-04-24,Completed,PayPal
10112,2813,2024-07-22,Completed,PayPal
10113,4681,2025-04-15,Completed,Card
10114,4086,2024-12-14,Completed,PayPal
10115,384,2024-02-12,Completed,Card
10116,3957,2025-04-26,Completed,PayPal
10117,2851,2025-01-11,Cancelled,Card
10118,4526,2024-03-18,Cancelled,Card
10119,3412,2024-02-05,Completed,Card
10120,1050,2025-01-17,Completed,Card
10121,1834,2024-06-22,Returned,Card
10122,798,2025-10-08,Completed,Card
10123,4468,2024-11-25,Completed,PayPal
10124,2976,2025-10-13,Completed,Card
10125,1291,2024-02-24,Completed,PayPal
10126,2188,2024-10-05,Cancelled,PayPal
10127,67,2025-04-03,Returned,PayPal
10128,1393,2025-11-22,Cancelled,PayPal
10129,3992,2025-06-08,Completed,Bank Transfer
10130,3022,2025-12-16,Completed,PayPal
10131,1702,2025-03-30,Completed,PayPal
10132,579,2025-07-28,Completed,Card
10133,1606,2025-05-06,Completed,PayPal
10134,4044,2024-03-14,Cancelled,Card
10135,1979,2025-03-30,Returned,Card
10136,4506,2024-06-03,Completed,Card
10137,2881,2025-06-02,Completed,Card
10138,2671,2025-01-09,Cancelled,Card
10139,3717,2024-11-01,Completed,Bank Transfer
10140,4936,2024-12-08,Completed,Bank Transfer
10141,4285,2025-10-26,Completed,PayPal
10142,4373,2024-02-13,Completed,Card
10143,2155,2025-07-01,Completed,Card
10144,2805,2025-03-16,Completed,Card
10145,2221,2024-04-06,Completed,Card
10146,3990,2024-06-13,Completed,Card
10147,999,2024-04-12,Returned,PayPal
10148,722,2025-03-11,Completed,Card
10149,1215,2025-01-15,Completed,PayPal
10150,1694,2025-03-22,Completed,PayPal
10151,3395,2024-01-07,Completed,Card
10152,4026,2024-04-03,Completed,Card
10153,3580,2025-03-19,Completed,Bank Transfer
10154,2804,2025-04-23,Completed,PayPal
10155,2231,2025-09-24,Completed,Bank Transfer
10156,4813,2025-05-08,Completed,Card
10157,459,2024-02-06,Completed,Card
10158,1702,2025-06-16,Completed,Card
10159,627,2024-04-07,Completed,Bank Transfer
10160,2457,2024-01-21,Completed,Card
10161,207,2024-08-19,Completed,PayPal
10162,3317,2025-04-12,Completed,Card
10163,1357,2024-12-19,Completed,Card
10164,4769,2024-03-12,Completed,Card
10165,3597,2024-12-17,Completed,Card
10166,1940,2024-02-21,Completed,Card
10167,2796,2024-08-09,Completed,Card
10168,4369,2024-11-20,Completed,Bank Transfer
10169,2674,2025-04-04,Completed,Card
10170,1050,2024-06-15,Completed,PayPal
10171,2592,2024-10-09,Completed,PayPal
10172,3790,2025-05-15,Completed,Card
10173,4005,2025-12-17,Completed,PayPal
10174,91,2025-01-01,Completed,Card
10175,476,2025-10-11,Completed,Card
10176,2047,2024-02-05,Completed,Card
10177,4822,2025-08-29,Completed,PayPal
10178,3691,2025-06-11,Completed,PayPal
10179,4026,2025-11-06,Completed,PayPal
10180,3267,2025-08-24,Completed,Card
10181,4630,2025-09-11,Completed,Bank Transfer
10182,2746,2025-08-18,Completed,PayPal
10183,85,2024-09-11,Completed,Card
10184,2640,2025-11-07,Completed,Card
10185,4937,2024-07-18,Completed,Card
10186,77,2025-10-30,Completed,PayPal
10187,2431,2024-01-31,Completed,Card
10188,3505,2025-07-31,Completed,Card
10189,2425,2025-08-23,Completed,Card
10190,2222,2025-04-30,Cancelled,Bank Transfer
10191,406,2024-09-15,Completed,PayPal
10192,2130,2024-09-09,Completed,Card
10193,4117,2025-05-08,Completed,Card
10194,398,2024-08-21,Completed,PayPal
10195,1801,2024-04-16,Completed,PayPal
10196,3474,2025-08-03,Completed,Card
10197,1809,2024-12-01,Completed,Card
10198,4990,2025-12-13,Completed,PayPal
10199,3927,2024-02-22,Completed,Card
10200,1945,2025-11-17,Completed,PayPal
10201,438,2024-02-11,Completed,Card
10202,223,2024-09-16,Completed,Card
10203,1611,2025-01-03,Completed,Card
10204,1961,2024-07-28,Completed,Card
10205,4605,2025-04-10,Cancelled,Bank Transfer
10206,4001,2024-02-11,Completed,PayPal
10207,2665,2024-12-18,Completed,PayPal
10208,1066,2025-11-12,Completed,Card
10209,1277,2024-09-15,Completed,Card
10210,604,2024-12-02,Completed,Card
10211,189,2025-12-16,Completed,Bank Transfer
10212,676,2025-01-29,Completed,Card
10213,638,2025-11-05,Completed,Card
10214,1997,2024-04-14,Cancelled,Card
10215,1845,2025-11-20,Completed,Card
10216,47,2025-12-03,Completed,Card
10217,820,2024-05-03,Completed,Card
10218,3808,2025-12-10,Completed,Card
10219,3023,2024-04-08,Completed,PayPal
10220,1081,2024-01-06,Completed,PayPal
10221,3147,2024-09-23,Completed,Card
10222,1278,2024-02-12,Completed,PayPal
10223,3735,2025-10-14,Cancelled,Card
10224,2218,2024-09-25,Completed,Bank Transfer
10225,2887,2025-07-04,Cancelled,Card
10226,796,2025-11-04,Cancelled,Card
10227,3329,2024-07-13,Completed,Card
10228,3007,2024-11-19,Completed,Card
10229,3185,2025-09-07,Completed,Card
10230,2390,2024-03-05,Completed,PayPal
10231,4144,2024-07-19,Completed,Card
10232,3859,2024-08-29,Completed,Card
10233,1219,2024-01-07,Completed,Bank Transfer
10234,1761,2024-08-06,Completed,Card
10235,725,2024-01-03,Completed,Card
10236,1345,2025-04-08,Completed,Card
10237,138,2024-10-31,Completed,PayPal
10238,4451,2024-11-09,Completed,Card
10239,4907,2025-04-22,Completed,PayPal
10240,3555,2025-02-14,Completed,Bank Transfer
10241,2760,2025-05-12,Completed,Card
10242,59,2025-06-17,Completed,Card
10243,771,2025-08-28,Completed,PayPal
10244,389,2024-12-22,Completed,Card
10245,3925,2024-03-11,Completed,Card
10246,3423,2024-01-13,Completed,Card
10247,4435,2025-02-09,Completed,Card
10248,4853,2025-05-31,Completed,PayPal
10249,596,2024-01-22,Completed,PayPal
10250,436,2024-11-04,Completed,PayPal
10251,1474,2024-10-21,Completed,Card
10252,4473,2025-07-02,Cancelled,PayPal
10253,1983,2024-01-31,Completed,Bank Transfer
10254,2439,2024-03-02,Completed,Card
10255,2869,2024-08-08,Completed,Card
10256,4210,2024-12-24,Completed,Card
10257,3818,2025-08-15,Completed,Bank Transfer
10258,774,2025-01-17,Completed,Card
10259,1927,2025-06-01,Completed,Card
10260,2220,2025-09-08,Completed,Card
10261,18,2024-12-02,Completed,Card
10262,4331,2024-06-10,Completed,Card
10263,3967,2025-07-17,Completed,Card
10264,1693,2024-06-06,Returned,Card
10265,2771,2024-01-13,Completed,PayPal
10266,4377,2024-07-04,Completed,PayPal
10267,4927,2024-11-04,Completed,Bank Transfer
10268,3268,2024-05-27,Cancelled,Card
10269,1139,2024-02-24,Completed,PayPal
10270,1696,2025-07-24,Completed,PayPal
10271,1587,2025-12-10,Completed,Card
10272,4514,2025-09-01,Completed,Card
10273,2332,2025-10-29,Completed,Card
10274,4681,2025-11-22,Completed,Card
10275,2670,2025-05-24,Completed,PayPal
10276,2269,2025-08-08,Completed,Card
10277,2057,2025-07-26,Completed,Bank Transfer
10278,4928,2024-02-14,Completed,Card
10279,2423,2025-10-08,Completed,PayPal
10280,4630,2025-12-22,Completed,PayPal
10281,3487,2024-03-26,Completed,PayPal
10282,2750,2024-10-18,Returned,Card
10283,4042,2024-09-20,Completed,Card
10284,2825,2024-09-24,Completed,Bank Transfer
10285,1406,2024-08-12,Completed,PayPal
10286,1887,2024-08-03,Completed,PayPal
10287,2988,2024-08-18,Completed,Card
10288,3576,2025-12-02,Completed,Card
10289,4543,2025-10-15,Completed,Card
10290,2728,2024-06-25,Completed,Bank Transfer
10291,4721,2025-07-16,Completed,PayPal
10292,1864,2025-12-02,Completed,Bank Transfer
10293,2354,2025-05-31,Completed,PayPal
10294,2897,2025-12-23,Cancelled,Card
10295,4828,2025-12-07,Completed,Card
10296,2502,2025-05-27,Completed,Card
10297,938,2024-04-13,Completed,PayPal
10298,2081,2024-04-10,Completed,Card
10299,1756,2025-10-01,Completed,PayPal
10300,3391,2024-10-31,Completed,PayPal
10301,1217,2024-12-16,Completed,PayPal
10302,1204,2025-03-26,Completed,PayPal
10303,1891,2024-09-25,Completed,PayPal
10304,3032,2025-01-06,Completed,Card
10305,391,2024-02-07,Cancelled,Card
10306,2512,2024-03-03,Completed,Card
10307,2978,2025-05-19,Completed,Bank Transfer
10308,3747,2024-09-21,Cancelled,Card
10309,99,2025-11-06,Cancelled,Card
10310,2196,2025-06-18,Completed,Card
10311,4666,2024-03-19,Returned,Card
10312,4823,2025-09-21,Completed,Card
10313,1002,2024-07-03,Cancelled,PayPal
10314,1571,2025-05-09,Completed,Card
10315,4399,2025-07-24,Completed,Card
10316,3630,2025-01-04,Completed,PayPal
10317,1064,2025-08-23,Completed,Card
10318,639,2024-11-26,Completed,Card
10319,2743,2025-03-15,Completed,PayPal
10320,1143,2024-08-25,Completed,Card
10321,2121,2024-10-18,Completed,Card
10322,552,2025-03-01,Completed,Card
10323,3276,2024-10-21,Completed,Card
10324,977,2025-05-14,Completed,PayPal
10325,4192,2025-07-09,Cancelled,Card
10326,3351,2025-08-14,Completed,PayPal
10327,3215,2025-11-16,Completed,Card
10328,3548,2025-10-14,Completed,Card
10329,2932,2024-02-06,Completed,Card
10330,4070,2025-06-09,Completed,Card
10331,3986,2025-09-25,Completed,Card
10332,4142,2025-01-31,Completed,Bank Transfer
10333,346,2025-01-30,Completed,Card
10334,4943,2025-07-20,Returned,Card
10335,2943,2024-01-22,Completed,PayPal
10336,1077,2024-12-05,Completed,PayPal
10337,1172,2025-05-09,Completed,PayPal
10338,3771,2025-02-06,Completed,Card
10339,3162,2024-07-21,Completed,PayPal
10340,233,2024-12-11,Completed,Card
10341,3799,2024-01-15,Completed,PayPal
10342,4147,2024-01-30,Cancelled,Card
10343,4761,2024-01-29,Completed,PayPal
10344,3908,2024-06-08,Returned,Card
10345,3700,2025-09-20,Completed,Card
10346,451,2025-10-31,Completed,PayPal
10347,1363,2025-09-11,Completed,Card
10348,351,2025-09-18,Completed,Card
10349,2697,2024-09-28,Completed,PayPal
10350,1309,2025-02-23,Completed,Card
10351,4005,2025-05-03,Completed,PayPal
10352,2926,2024-06-24,Completed,PayPal
10353,4679,2024-08-18,Completed,PayPal
10354,245,2024-11-13,Completed,Card
10355,4646,2025-04-11,Cancelled,Bank Transfer
10356,4824,2025-03-15,Completed,Bank Transfer
10357,4735,2024-02-25,Completed,Card
10358,4680,2024-11-26,Cancelled,PayPal
10359,2274,2024-09-29,Completed,PayPal
10360,441,2025-12-02,Completed,Card
10361,3546,2024-01-21,Completed,Card
10362,1468,2024-06-13,Cancelled,Card
10363,412,2025-05-06,Completed,PayPal
10364,814,2025-02-21,Completed,Card
10365,4342,2025-08-02,Completed,Card
10366,4679,2024-09-23,Completed,Card
10367,1731,2025-12-30,Completed,Card
10368,1975,2024-12-03,Completed,PayPal
10369,550,2025-08-30,Completed,Card
10370,1938,2024-07-06,Completed,Card
10371,204,2025-04-19,Completed,Card
10372,4447,2024-07-26,Completed,PayPal
10373,4415,2024-03-14,Completed,Card
10374,3589,2025-11-04,Completed,Card
10375,2537,2025-11-03,Completed,PayPal
10376,107,2025-01-28,Completed,PayPal
10377,3812,2025-05-04,Completed,Bank Transfer
10378,2702,2025-07-25,Completed,Card
10379,3898,2024-01-26,Completed,PayPal
10380,2220,2025-06-20,Completed,Bank Transfer
10381,3937,2025-05-29,Completed,PayPal
10382,4091,2024-09-13,Completed,Bank Transfer
10383,958,2024-10-06,Completed,Card
10384,2576,2025-07-09,Completed,Bank Transfer
10385,2368,2024-02-02,Completed,PayPal
10386,1061,2024-10-20,Completed,Card
10387,2547,2025-09-15,Completed,PayPal
10388,3737,2024-11-03,Completed,PayPal
10389,3767,2024-10-17,Completed,PayPal
10390,1673,2024-10-30,Completed,PayPal
10391,402,2024-02-12,Completed,PayPal
10392,602,2025-07-09,Completed,Card
10393,3000,2025-08-21,Completed,Card
10394,4314,2025-04-24,Completed,Card
10395,4282,2024-03-23,Completed,Card
10396,3453,2024-07-22,Completed,PayPal
10397,3635,2025-10-03,Completed,Card
10398,288,2024-05-17,Completed,Card
10399,88,2024-03-23,Completed,Card
10400,2206,2025-11-17,Completed,Card
10401,2968,2025-10-09,Cancelled,PayPal
10402,4251,2025-09-10,Completed,Card
10403,3535,2024-05-30,Completed,PayPal
10404,220,2025-09-12,Completed,PayPal
10405,1483,2024-11-14,Cancelled,Card
10406,3239,2024-09-03,Completed,Card
10407,322,2024-02-06,Completed,PayPal
10408,2739,2024-09-24,Completed,PayPal
10409,4937,2025-08-08,Completed,PayPal
10410,1837,2024-04-24,Completed,Card
10411,2560,2024-03-21,Completed,PayPal
10412,1569,2025-12-05,Completed,PayPal
10413,2323,2025-12-26,Completed,PayPal
10414,4721,2025-06-10,Completed,Card
10415,2964,2024-12-01,Completed,Card
10416,353,2024-03-24,Completed,PayPal
10417,1029,2024-06-02,Completed,Bank Transfer
10418,4571,2024-09-09,Completed,Card
10419,2010,2025-05-16,Completed,PayPal
10420,928,2025-03-23,Cancelled,Card
10421,30,2024-09-29,Completed,Bank Transfer
10422,2541,2025-05-21,Completed,PayPal
10423,3820,2024-05-11,Completed,Card
10424,495,2025-12-11,Completed,Card
10425,4484,2024-11-20,Cancelled,Card
10426,873,2024-12-16,Completed,Card
10427,835,2024-03-23,Completed,Card
10428,3325,2024-05-05,Completed,PayPal
10429,630,2024-08-01,Completed,Bank Transfer
10430,2987,2025-12-27,Cancelled,Card
10431,30,2025-08-22,Completed,Card
10432,3783,2025-04-06,Returned,Card
10433,807,2025-09-16,Completed,PayPal
10434,1969,2024-04-14,Cancelled,Card
10435,3469,2025-01-05,Completed,Card
10436,3581,2024-03-03,Completed,Card
10437,1961,2025-04-13,Completed,PayPal
10438,4340,2024-01-26,Completed,PayPal
10439,221,2025-10-01,Completed,PayPal
10440,1344,2024-01-01,Completed,Card
10441,4627,2024-04-03,Returned,Card
10442,2263,2025-03-27,Completed,Card
10443,2415,2024-01-12,Completed,PayPal
10444,2162,2025-11-08,Completed,Card
10445,4121,2024-10-24,Completed,Card
10446,2982,2025-02-23,Completed,Card
10447,858,2025-08-01,Completed,Card
10448,4994,2024-06-15,Completed,Card
10449,773,2024-09-10,Completed,PayPal
10450,2493,2025-07-24,Completed,Bank Transfer
10451,20,2024-10-20,Completed,PayPal
10452,806,2024-05-23,Completed,Card
10453,1381,2024-07-27,Completed,Card
10454,2176,2024-08-13,Completed,PayPal
10455,2406,2025-04-02,Completed,Card
10456,3364,2024-10-10,Completed,Card
10457,3427,2025-08-25,Completed,Card
10458,881,2025-04-30,Completed,Card
10459,3109,2024-04-20,Completed,Card
10460,1334,2024-12-15,Completed,PayPal
10461,1685,2024-11-28,Completed,Card
10462,2965,2024-03-20,Completed,Card
10463,1606,2025-01-20,Completed,Card
10464,2558,2025-02-07,Completed,Card
10465,444,2025-12-16,Completed,Card
10466,2043,2024-11-23,Completed,Card
10467,779,2024-10-20,Completed,Card
10468,3160,2025-05-08,Cancelled,Card
10469,1747,2024-07-02,Completed,PayPal
10470,3941,2024-07-30,Completed,PayPal
10471,421,2024-09-07,Completed,Card
10472,1852,2024-06-15,Cancelled,Bank Transfer
10473,2109,2025-06-26,Completed,Card
10474,4675,2025-10-24,Completed,Card
10475,3997,2024-06-10,Completed,Card
10476,1359,2025-08-30,Completed,Bank Transfer
10477,3911,2024-09-29,Completed,PayPal
10478,2627,2025-06-19,Cancelled,PayPal
10479,2688,2025-02-22,Completed,Card
10480,4207,2025-09-21,Cancelled,Card
10481,491,2025-02-10,Completed,Card
10482,1296,2025-01-26,Completed,Card
10483,2082,2025-03-13,Completed,Card
10484,3372,2024-03-27,Completed,PayPal
10485,2173,2025-02-08,Completed,Card
10486,3175,2024-10-01,Completed,Card
10487,4065,2025-02-18,Completed,Card
10488,3754,2025-07-15,Completed,Card
10489,4990,2024-11-22,Completed,Card
10490,3830,2024-04-21,Cancelled,Card
10491,1950,2024-10-28,Completed,PayPal
10492,3381,2024-05-15,Completed,Card
10493,412,2024-11-28,Completed,PayPal
10494,1423,2024-01-03,Completed,Card
10495,2982,2024-06-10,Returned,Card
10496,1677,2025-05-26,Completed,Bank Transfer
10497,1647,2024-03-17,Completed,PayPal
10498,2712,2024-07-03,Completed,Card
10499,3960,2025-07-23,Completed,Card
10500,1240,2025-04-24,Completed,Card
10501,603,2024-06-11,Completed,Card
10502,1938,2024-01-21,Completed,PayPal
10503,26,2025-07-30,Returned,Card
10504,4680,2025-07-31,Completed,Card
10505,1068,2024-10-24,Completed,Card
10506,380,2024-10-25,Completed,Bank Transfer
10507,1285,2024-10-08,Completed,Card
10508,4465,2025-04-16,Returned,PayPal
10509,3183,2025-02-13,Completed,PayPal
10510,3748,2025-01-26,Completed,Card
10511,2257,2025-11-17,Completed,Card
10512,3928,2024-06-13,Completed,Card
10513,4121,2024-03-22,Completed,PayPal
10514,546,2025-10-19,Completed,PayPal
10515,275,2025-12-16,Completed,Card
10516,3442,2024-06-12,Completed,PayPal
10517,2270,2024-04-13,Completed,Card
10518,3109,2024-05-09,Completed,Card
10519,2923,2025-08-18,Completed,Card
10520,3388,2024-04-29,Completed,Bank Transfer
10521,1871,2024-09-15,Completed,PayPal
10522,4014,2024-04-13,Completed,Bank Transfer
10523,111,2024-12-29,Completed,Card
10524,1756,2025-06-29,Completed,Card
10525,4804,2025-01-03,Completed,Card
10526,1368,2025-11-16,Completed,Card
10527,1529,2024-11-21,Completed,Card
10528,552,2024-07-03,Completed,Bank Transfer
10529,134,2025-01-28,Completed,Card
10530,2912,2024-12-09,Completed,Card
10531,2014,2025-06-13,Completed,Card
10532,3263,2025-02-20,Completed,PayPal
10533,1061,2024-08-18,Completed,Card
10534,2508,2024-05-14,Completed,Bank Transfer
10535,2023,2024-02-14,Completed,PayPal
10536,2187,2025-09-15,Completed,Card
10537,2666,2025-05-06,Completed,Card
10538,3171,2025-08-17,Completed,PayPal
10539,2728,2025-02-25,Completed,Card
10540,3336,2025-07-04,Returned,PayPal
10541,2647,2024-05-24,Completed,Card
10542,596,2024-11-12,Completed,Card
10543,4107,2025-07-16,Completed,Card
10544,2375,2024-10-19,Completed,Card
10545,3422,2025-08-01,Completed,Card
10546,2279,2025-06-19,Completed,PayPal
10547,1165,2025-09-25,Completed,Bank Transfer
10548,618,2025-04-10,Completed,Card
10549,4861,2024-02-18,Completed,PayPal
10550,4145,2025-10-22,Completed,Card
10551,451,2025-04-03,Completed,Card
10552,1799,2025-11-27,Completed,Card
10553,4587,2025-02-28,Completed,Card
10554,1893,2025-10-18,Completed,Card
10555,2455,2025-10-22,Completed,PayPal
10556,2223,2024-03-08,Completed,Card
10557,3809,2025-05-23,Completed,Card
10558,1285,2024-07-28,Completed,Card
10559,2528,2025-12-04,Completed,Card
10560,1758,2024-10-26,Completed,Card
10561,223,2024-05-03,Completed,Card
10562,4365,2024-10-18,Cancelled,Card
10563,901,2025-02-24,Completed,Card
10564,2366,2024-02-19,Completed,Card
10565,4481,2024-07-01,Completed,PayPal
10566,1610,2024-09-03,Cancelled,PayPal
10567,4722,2024-03-28,Completed,Bank Transfer
10568,3291,2025-10-11,Completed,Bank Transfer
10569,1224,2025-07-03,Completed,Card
10570,1908,2025-07-14,Completed,Card
10571,1363,2024-03-12,Completed,PayPal
10572,2752,2025-07-09,Cancelled,PayPal
10573,3970,2024-10-17,Returned,Card
10574,1269,2025-05-18,Completed,Card
10575,4938,2025-09-19,Completed,Bank Transfer
10576,1232,2025-10-22,Completed,Card
10577,4069,2024-11-08,Completed,Card
10578,1748,2024-10-14,Completed,PayPal
10579,2559,2025-12-30,Completed,Card
10580,738,2025-05-22,Completed,PayPal
10581,4437,2024-03-11,Completed,Card
10582,2980,2024-06-09,Cancelled,Card
10583,1952,2024-05-06,Completed,Card
10584,1782,2025-03-31,Completed,Bank Transfer
10585,530,2025-11-12,Cancelled,Card
10586,4130,2025-06-12,Completed,Bank Transfer
10587,4419,2024-10-30,Cancelled,PayPal
10588,1205,2025-05-04,Completed,PayPal
10589,1987,2024-08-26,Completed,Card
10590,347,2024-06-24,Completed,Card
10591,1216,2024-07-28,Completed,PayPal
10592,2769,2025-07-22,Completed,Card
10593,245,2024-12-24,Completed,Card
10594,2726,2024-07-07,Returned,PayPal
10595,3052,2025-05-23,Completed,Card
10596,133,2025-07-09,Completed,PayPal
10597,1371,2025-09-25,Returned,Card
10598,2097,2024-02-02,Completed,Card
10599,1088,2025-05-15,Completed,PayPal
10600,1648,2024-11-07,Completed,PayPal
10601,1892,2025-06-23,Completed,Card
10602,1721,2024-05-30,Completed,PayPal
10603,4003,2025-07-28,Completed,Card
10604,2261,2025-06-02,Completed,PayPal
10605,119,2024-04-20,Completed,Card
10606,2904,2025-10-03,Completed,PayPal
10607,2809,2024-05-11,Completed,Card
10608,895,2025-06-03,Completed,PayPal
10609,1266,2024-10-31,Completed,Card
10610,363,2024-01-29,Completed,Card
10611,1774,2024-12-16,Completed,Bank Transfer
10612,314,2025-06-01,Cancelled,Card
10613,1707,2025-05-06,Completed,Card
10614,3466,2025-02-11,Completed,Card
10615,4368,2025-05-22,Completed,Card
10616,1790,2025-09-15,Completed,PayPal
10617,2394,2024-04-14,Completed,Card
10618,3611,2025-12-19,Completed,Card
10619,3695,2025-07-05,Completed,PayPal
10620,2281,2024-11-15,Completed,Card
10621,990,2024-02-15,Completed,Card
10622,3681,2024-08-28,Completed,Card
10623,2464,2024-09-26,Completed,Card
10624,905,2025-10-28,Completed,Card
10625,3045,2025-09-19,Completed,Card
10626,3398,2024-02-06,Cancelled,PayPal
10627,3998,2024-07-23,Completed,Card
10628,4840,2025-04-30,Completed,PayPal
10629,911,2024-04-19,Completed,Card
10630,2608,2025-04-30,Completed,Card
10631,1746,2024-11-13,Completed,Card
10632,2124,2025-08-14,Returned,Card
10633,4343,2024-03-16,Completed,PayPal
10634,1852,2025-09-01,Completed,PayPal
10635,4672,2025-05-12,Cancelled,Card
10636,3766,2025-04-23,Completed,PayPal
10637,1616,2025-01-23,Completed,Card
10638,2391,2025-08-10,Completed,PayPal
10639,2763,2025-08-15,Returned,Bank Transfer
10640,1206,2024-12-29,Completed,PayPal
10641,4027,2024-11-04,Completed,PayPal
10642,2680,2024-03-03,Completed,PayPal
10643,2447,2024-09-23,Completed,Card
10644,3313,2024-02-02,Completed,PayPal
10645,4388,2024-02-09,Completed,Card
10646,2102,2025-11-16,Completed,PayPal
10647,3217,2024-09-16,Completed,Card
10648,3670,2024-09-23,Completed,Card
10649,3031,2025-10-28,Completed,Card
10650,2525,2025-10-22,Completed,Card
10651,4118,2024-08-12,Completed,Card
10652,3308,2025-01-17,Returned,PayPal
10653,2743,2025-05-12,Completed,Card
10654,1962,2025-09-30,Completed,PayPal
10655,4626,2024-01-05,Completed,Card
10656,3622,2025-03-21,Completed,Card
10657,101,2024-10-14,Completed,Card
10658,1314,2024-02-27,Cancelled,Card
10659,3449,2024-03-12,Completed,Card
10660,3245,2025-10-28,Cancelled,Card
10661,1902,2025-11-10,Completed,Card
10662,4675,2025-06-24,Completed,PayPal
10663,1215,2024-03-22,Completed,PayPal
10664,3627,2025-09-09,Completed,PayPal
10665,790,2024-10-03,Returned,Bank Transfer
10666,1367,2025-06-05,Completed,Card
10667,3624,2025-07-27,Completed,PayPal
10668,503,2024-05-15,Completed,PayPal
10669,173,2024-04-23,Completed,Bank Transfer
10670,887,2024-06-05,Completed,PayPal
10671,1418,2025-01-30,Completed,Card
10672,3533,2024-08-16,Completed,PayPal
10673,4369,2025-09-03,Completed,Card
10674,3430,2024-09-11,Completed,Card
10675,1410,2024-06-27,Completed,Card
10676,2924,2024-08-16,Completed,PayPal
10677,4954,2025-01-01,Completed,Card
10678,1911,2024-01-31,Completed,Card
10679,261,2024-04-17,Completed,Card
10680,3353,2024-10-08,Completed,Card
10681,1353,2025-09-12,Completed,PayPal
10682,1500,2025-01-24,Completed,Card
10683,4374,2025-06-24,Completed,Card
10684,2141,2025-06-12,Returned,Card
10685,3007,2025-02-07,Completed,Card
10686,3619,2024-06-18,Completed,Card
10687,823,2024-06-23,Completed,Card
10688,532,2024-03-14,Completed,Card
10689,2821,2025-03-29,Completed,Card
10690,167,2025-05-23,Completed,PayPal
10691,4927,2024-08-27,Completed,PayPal
10692,4332,2024-04-05,Completed,PayPal
10693,1056,2025-05-28,Completed,Card
10694,1255,2024-07-20,Completed,Card
10695,4287,2024-02-06,Completed,Card
10696,4008,2024-03-31,Completed,Card
10697,4709,2024-08-20,Completed,Card
10698,1532,2025-10-20,Completed,PayPal
10699,3529,2024-09-09,Completed,PayPal
10700,4043,2025-01-05,Cancelled,Card
10701,973,2025-12-24,Completed,PayPal
10702,3825,2025-03-19,Returned,Card
10703,4745,2025-03-16,Completed,Card
10704,106,2024-03-04,Completed,PayPal
10705,1605,2024-01-05,Completed,PayPal
10706,3774,2025-10-19,Completed,PayPal
10707,4288,2024-03-12,Completed,PayPal
10708,1003,2025-01-31,Completed,Card
10709,4731,2025-09-08,Cancelled,PayPal
10710,85,2024-11-25,Completed,PayPal
10711,2996,2025-07-01,Completed,Card
10712,4824,2024-05-26,Completed,Card
10713,3288,2025-02-18,Completed,Card
10714,4166,2024-12-14,Completed,Card
10715,154,2024-12-30,Cancelled,Card
10716,1462,2025-02-19,Completed,Card
10717,2813,2025-09-16,Completed,Card
10718,2020,2025-05-21,Completed,Card
10719,1098,2025-06-06,Completed,Card
10720,571,2025-12-06,Completed,Card
10721,149,2024-09-06,Completed,Card
10722,3578,2024-09-05,Completed,Card
10723,2692,2024-12-16,Cancelled,Card
10724,2110,2024-09-25,Completed,Bank Transfer
10725,1919,2025-03-23,Completed,Card
10726,4870,2024-03-23,Completed,Card
10727,3656,2025-06-24,Cancelled,PayPal
10728,1713,2025-02-10,Completed,Card
10729,2493,2024-12-04,Completed,Bank Transfer
10730,1345,2024-03-20,Completed,Card
10731,3966,2024-04-04,Completed,PayPal
10732,1107,2024-09-15,Completed,Card
10733,3506,2024-05-01,Completed,Card
10734,4113,2024-05-03,Completed,Card
10735,583,2025-06-18,Completed,Bank Transfer
10736,4351,2025-12-28,Completed,PayPal
10737,2691,2024-10-15,Completed,PayPal
10738,4657,2025-04-06,Completed,Card
10739,2581,2024-04-01,Completed,PayPal
10740,320,2024-01-24,Completed,Card
10741,4316,2024-04-16,Completed,Card
10742,4795,2024-02-21,Completed,Card
10743,1438,2025-12-11,Completed,Bank Transfer
10744,32,2024-10-20,Completed,Card
10745,715,2024-10-26,Completed,Card
10746,1040,2024-12-10,Completed,Card
10747,409,2025-01-16,Completed,Card
10748,1128,2025-07-21,Completed,Card
10749,707,2024-07-12,Completed,Card
10750,3840,2025-07-10,Completed,Card
10751,3024,2025-03-11,Completed,Bank Transfer
10752,3660,2025-01-19,Completed,PayPal
10753,783,2025-01-06,Completed,Card
10754,2180,2024-11-15,Completed,Bank Transfer
10755,1179,2024-08-26,Completed,PayPal
10756,2407,2025-01-26,Completed,Card
10757,2808,2025-10-09,Completed,Card
10758,4261,2024-10-11,Completed,Bank Transfer
10759,2765,2024-01-13,Cancelled,Card
10760,2725,2025-01-19,Completed,Card
10761,2536,2025-06-24,Completed,PayPal
10762,213,2025-11-20,Cancelled,PayPal
10763,1949,2024-10-19,Completed,Card
10764,4862,2024-09-13,Completed,Bank Transfer
10765,3147,2024-04-17,Completed,Card
10766,1202,2025-08-03,Completed,Card
10767,1820,2025-11-18,Completed,Card
10768,2890,2024-07-01,Completed,Card
10769,645,2025-12-06,Completed,Bank Transfer
10770,2360,2025-01-01,Completed,PayPal
10771,4223,2025-06-17,Completed,Card
10772,4473,2025-06-06,Completed,Bank Transfer
10773,4321,2024-10-11,Completed,Card
10774,3089,2024-09-15,Completed,Card
10775,497,2024-06-21,Completed,PayPal
10776,2017,2025-12-17,Completed,Card
10777,473,2024-11-25,Completed,Card
10778,1889,2025-03-27,Completed,Card
10779,3383,2025-04-15,Completed,Card
10780,1161,2024-03-21,Completed,Card
10781,2523,2024-11-16,Completed,PayPal
10782,4313,2025-03-16,Completed,Card
10783,196,2025-02-02,Completed,Bank Transfer
10784,2249,2024-07-06,Completed,PayPal
10785,4462,2025-03-13,Completed,Card
10786,2767,2025-03-23,Completed,Card
10787,1552,2025-04-14,Completed,Card
10788,2448,2025-06-23,Completed,PayPal
10789,4310,2025-04-05,Completed,Card
10790,2389,2025-05-29,Completed,Card
10791,3007,2024-08-24,Completed,Card
10792,119,2024-06-29,Completed,PayPal
10793,3497,2025-02-13,Completed,PayPal
10794,1717,2025-05-30,Completed,PayPal
10795,2884,2024-03-12,Completed,PayPal
10796,4938,2024-06-30,Completed,Card
10797,2915,2024-04-13,Completed,PayPal
10798,1673,2024-09-28,Completed,PayPal
10799,1203,2024-10-13,Completed,Card
10800,1456,2024-03-27,Returned,Bank Transfer
10801,4662,2025-01-20,Completed,Bank Transfer
10802,3979,2024-03-13,Completed,Card
10803,2472,2025-08-25,Completed,Bank Transfer
10804,118,2025-11-15,Completed,Card
10805,368,2024-11-05,Completed,Bank Transfer
10806,3177,2025-11-29,Completed,PayPal
10807,3375,2025-03-18,Completed,Bank Transfer
10808,3813,2024-08-23,Completed,Card
10809,2198,2025-11-04,Completed,Card
10810,4912,2025-08-07,Completed,Card
10811,2130,2024-08-17,Completed,Card
10812,901,2024-09-10,Completed,Card
10813,193,2025-11-04,Completed,Bank Transfer
10814,2771,2024-12-20,Completed,Card
10815,3349,2025-05-09,Completed,PayPal
10816,951,2025-02-13,Completed,Card
10817,3607,2024-07-17,Cancelled,Card
10818,258,2025-03-04,Completed,Card
10819,1222,2025-04-19,Completed,Bank Transfer
10820,651,2025-08-10,Completed,PayPal
10821,2319,2024-12-07,Completed,Card
10822,4492,2025-04-18,Completed,Card
10823,2426,2025-01-31,Completed,Card
10824,923,2025-03-01,Completed,PayPal
10825,3160,2024-02-14,Completed,PayPal
10826,398,2024-12-08,Completed,Bank Transfer
10827,2915,2025-11-21,Completed,Card
10828,561,2024-01-17,Completed,PayPal
10829,190,2024-08-06,Completed,Card
10830,205,2025-08-18,Completed,Card
10831,3016,2024-07-09,Completed,Card
10832,4140,2025-01-25,Completed,Card
10833,3372,2025-03-14,Completed,Card
10834,3042,2025-10-05,Completed,Card
10835,1706,2025-05-11,Completed,Card
10836,713,2024-04-03,Cancelled,PayPal
10837,3457,2024-04-04,Completed,Card
10838,2685,2025-11-26,Completed,Card
10839,4407,2025-10-05,Completed,PayPal
10840,4974,2024-03-22,Returned,Card
10841,3600,2024-12-05,Completed,PayPal
10842,4953,2024-12-25,Completed,Bank Transfer
10843,2322,2024-04-21,Completed,Card
10844,3878,2024-10-29,Completed,PayPal
10845,3523,2024-02-20,Completed,Card
10846,4627,2025-12-01,Completed,Card
10847,4113,2025-12-20,Completed,Card
10848,2766,2025-10-22,Completed,Card
10849,4566,2024-10-07,Cancelled,Card
10850,4907,2024-04-22,Completed,Card
10851,555,2024-02-05,Completed,Card
10852,2141,2025-09-14,Completed,PayPal
10853,4978,2025-11-13,Completed,Bank Transfer
10854,2679,2024-03-18,Completed,Card
10855,4917,2025-06-23,Completed,PayPal
10856,584,2024-02-14,Completed,Card
10857,4942,2024-10-30,Completed,Card
10858,1997,2025-01-26,Completed,PayPal
10859,842,2025-10-15,Completed,PayPal
10860,2376,2024-01-15,Cancelled,PayPal
10861,4039,2025-10-01,Completed,PayPal
10862,1805,2024-06-15,Completed,Card
10863,730,2025-10-26,Completed,PayPal
10864,4350,2024-03-03,Returned,Bank Transfer
10865,1464,2025-07-24,Completed,Bank Transfer
10866,4947,2024-07-21,Completed,Card
10867,2168,2024-06-05,Completed,PayPal
10868,4918,2025-05-29,Completed,Card
10869,1573,2025-07-04,Cancelled,Card
10870,4967,2024-10-04,Completed,Bank Transfer
10871,1394,2024-04-10,Completed,PayPal
10872,257,2024-06-17,Cancelled,Card
10873,128,2025-06-15,Completed,Card
10874,1383,2025-02-06,Completed,PayPal
10875,3729,2024-05-20,Completed,Card
10876,4652,2024-12-12,Completed,PayPal
10877,2701,2024-07-11,Completed,Bank Transfer
10878,3148,2024-05-31,Completed,Card
10879,2206,2025-01-20,Completed,Card
10880,4181,2024-07-26,Returned,Card
10881,322,2025-07-02,Completed,Card
10882,2357,2025-01-22,Completed,PayPal
10883,4380,2024-03-18,Completed,PayPal
10884,3114,2024-06-20,Completed,Card
10885,1918,2025-07-10,Completed,Card
10886,3957,2024-12-02,Cancelled,Card
10887,4710,2025-08-18,Completed,Card
10888,2697,2025-03-06,Completed,Card
10889,1517,2025-08-27,Completed,PayPal
10890,3294,2025-05-03,Completed,PayPal
10891,4325,2025-10-27,Completed,Card
10892,3046,2024-04-15,Completed,Card
10893,119,2024-07-27,Completed,Card
10894,2372,2025-12-16,Completed,Card
10895,4416,2024-12-13,Completed,Card
10896,3919,2024-12-17,Completed,PayPal
10897,3261,2024-02-17,Returned,Card
10898,2586,2024-09-02,Completed,PayPal
10899,4797,2024-01-31,Completed,Bank Transfer
10900,2442,2025-11-25,Completed,PayPal
10901,2700,2025-04-19,Completed,Bank Transfer
10902,1018,2025-04-21,Completed,Card
10903,4502,2024-09-13,Completed,Card
10904,3048,2024-05-05,Completed,Card
10905,2069,2024-08-06,Cancelled,PayPal
10906,3666,2024-09-01,Completed,Card
10907,4251,2025-04-24,Completed,Card
10908,4963,2025-03-18,Completed,PayPal
10909,4655,2025-10-12,Completed,Card
10910,194,2025-05-15,Completed,PayPal
10911,2447,2024-08-14,Cancelled,Card
10912,1400,2024-09-11,Completed,Card
10913,2520,2024-03-10,Completed,Bank Transfer
10914,3928,2025-03-30,Completed,Card
10915,3688,2025-07-31,Completed,Card
10916,4898,2024-01-02,Completed,PayPal
10917,553,2025-05-09,Cancelled,PayPal
10918,730,2024-11-20,Completed,Card
10919,2561,2025-02-06,Completed,PayPal
10920,3998,2024-05-08,Completed,Card
10921,4267,2025-04-27,Completed,PayPal
10922,4946,2024-05-25,Completed,Card
10923,794,2025-09-16,Completed,PayPal
10924,125,2024-04-05,Completed,Card
10925,175,2025-05-15,Completed,Card
10926,2552,2025-03-31,Completed,Card
10927,3849,2025-02-07,Completed,Card
10928,3457,2024-01-08,Completed,Bank Transfer
10929,2759,2024-08-07,Completed,Card
10930,3840,2025-12-25,Completed,Card
10931,3756,2024-04-11,Completed,Card
10932,3643,2025-11-08,Completed,Card
10933,4202,2024-01-02,Completed,Bank Transfer
10934,1971,2025-12-14,Completed,Card
10935,1661,2025-05-04,Completed,PayPal
10936,2576,2025-11-25,Completed,Card
10937,38,2024-07-18,Completed,Card
10938,4491,2024-01-26,Completed,Card
10939,2525,2024-12-15,Completed,Card
10940,4818,2024-04-11,Completed,PayPal
10941,3577,2025-10-09,Completed,Card
10942,1309,2024-11-26,Cancelled,PayPal
10943,3536,2025-01-06,Completed,Card
10944,4461,2024-07-15,Completed,PayPal
10945,2229,2025-05-24,Completed,PayPal
10946,4830,2024-01-30,Completed,Card
10947,2924,2024-10-25,Completed,Card
10948,3042,2024-05-12,Completed,Card
10949,2709,2025-06-15,Cancelled,Card
10950,4340,2024-11-03,Completed,PayPal
10951,4409,2024-01-21,Completed,PayPal
10952,4172,2024-02-10,Completed,Card
10953,3953,2025-05-12,Completed,Card
10954,2310,2025-04-16,Completed,Bank Transfer
10955,231,2025-10-25,Completed,Card
10956,2751,2024-11-03,Completed,Card
10957,2694,2025-04-03,Completed,Bank Transfer
10958,2805,2025-05-28,Completed,Card
10959,842,2025-05-17,Completed,PayPal
10960,3584,2024-02-13,Completed,Card
10961,4612,2024-02-10,Completed,PayPal
10962,2490,2024-09-19,Completed,PayPal
10963,4915,2024-10-20,Completed,Card
10964,3535,2025-11-15,Completed,Card
10965,608,2024-01-09,Completed,Bank Transfer
10966,4619,2024-02-22,Completed,Card
10967,3961,2024-05-07,Completed,Card
10968,4258,2025-06-14,Completed,PayPal
10969,2032,2025-10-05,Completed,PayPal
10970,202,2025-06-08,Completed,Card
10971,1365,2024-05-19,Completed,PayPal
10972,752,2024-08-19,Cancelled,PayPal
10973,1206,2025-07-21,Completed,PayPal
10974,1321,2024-03-28,Completed,Card
10975,3888,2025-07-17,Completed,PayPal
10976,1331,2025-09-28,Completed,PayPal
10977,431,2024-07-19,Completed,Card
10978,2166,2025-01-22,Cancelled,Card
10979,4684,2024-12-26,Completed,Bank Transfer
10980,3118,2024-05-11,Completed,Card
10981,2275,2024-06-25,Completed,Card
10982,3366,2024-02-21,Completed,Card
10983,1264,2025-06-29,Completed,Card
10984,2396,2024-01-22,Completed,PayPal
10985,4237,2025-10-14,Completed,Card
10986,4300,2024-11-14,Cancelled,Card
10987,3734,2024-06-16,Completed,Card
10988,1666,2024-02-07,Completed,Card
10989,861,2025-07-20,Completed,PayPal
10990,845,2025-01-07,Cancelled,PayPal
10991,3043,2025-09-23,Completed,Card
10992,3341,2025-07-31,Completed,PayPal
10993,3490,2025-03-02,Completed,Card
10994,1939,2024-06-14,Completed,PayPal
10995,137,2025-12-22,Completed,Card
10996,3233,2025-05-16,Completed,PayPal
10997,2221,2024-03-15,Completed,PayPal
10998,1154,2025-03-15,Completed,Card
10999,4175,2025-10-07,Completed,Card
11000,979,2024-09-21,Completed,Card
11001,569,2025-02-09,Completed,PayPal
11002,2911,2025-11-16,Completed,Card
11003,2411,2024-08-30,Completed,PayPal
11004,3407,2025-08-23,Completed,Card
11005,134,2025-06-26,Completed,Card
11006,2062,2024-10-03,Completed,Card
11007,4379,2025-07-03,Completed,Card
11008,2854,2024-11-03,Cancelled,Bank Transfer
11009,3731,2025-02-06,Completed,Card
11010,3493,2025-10-11,Completed,Bank Transfer
11011,127,2025-03-05,Completed,Card
11012,1796,2024-03-16,Completed,PayPal
11013,1850,2024-12-04,Completed,Card
11014,4314,2025-03-25,Completed,Card
11015,3977,2024-03-19,Completed,Card
11016,4841,2024-02-07,Completed,PayPal
11017,2728,2024-11-13,Completed,Bank Transfer
11018,3727,2024-11-23,Completed,Card
11019,3561,2025-03-05,Completed,Bank Transfer
11020,260,2024-06-11,Completed,Card
11021,1242,2024-12-23,Completed,PayPal
11022,1844,2025-10-01,Completed,PayPal
11023,1513,2025-10-31,Completed,Card
11024,4195,2024-11-24,Completed,Card
11025,4278,2025-02-17,Cancelled,Card
11026,2217,2025-08-17,Completed,Card
11027,2281,2025-04-20,Completed,PayPal
11028,956,2025-03-31,Completed,PayPal
11029,4568,2025-12-29,Completed,PayPal
11030,1109,2025-12-14,Completed,PayPal
11031,4775,2024-05-31,Cancelled,PayPal
11032,1543,2025-06-21,Completed,PayPal
11033,381,2025-02-18,Completed,Card
11034,1256,2024-12-08,Returned,Card
11035,2299,2025-01-20,Completed,Card
11036,2241,2024-06-15,Completed,Card
11037,1659,2025-04-16,Returned,Card
11038,2985,2024-05-19,Completed,PayPal
11039,2649,2024-08-16,Completed,Bank Transfer
11040,3959,2024-03-13,Completed,PayPal
11041,3372,2025-03-03,Completed,Bank Transfer
11042,3430,2024-10-25,Completed,Card
11043,1581,2024-08-23,Completed,Card
11044,4861,2025-12-07,Completed,PayPal
11045,2933,2025-08-22,Completed,Card
11046,1587,2024-04-06,Completed,PayPal
11047,2113,2025-04-22,Completed,Card
11048,3638,2025-11-08,Cancelled,Bank Transfer
11049,4562,2025-05-05,Completed,Card
11050,4984,2024-10-22,Completed,PayPal
11051,2522,2025-02-09,Completed,PayPal
11052,3752,2025-12-15,Completed,Card
11053,2703,2025-03-22,Completed,Card
11054,19,2025-11-29,Completed,Card
11055,2570,2024-10-01,Completed,Card
11056,784,2024-01-20,Completed,Card
11057,1707,2025-08-07,Cancelled,Card
11058,415,2025-03-02,Completed,PayPal
11059,364,2024-12-26,Completed,Card
11060,2576,2024-11-05,Completed,Bank Transfer
11061,1104,2025-08-16,Completed,Card
11062,4892,2024-12-21,Completed,Card
11063,1172,2024-01-27,Completed,Card
11064,1699,2025-10-14,Completed,PayPal
11065,443,2024-02-16,Completed,Card
11066,3944,2025-03-31,Completed,Card
11067,4746,2024-04-21,Completed,Card
11068,4605,2025-10-24,Completed,PayPal
11069,4562,2025-01-09,Completed,PayPal
11070,2413,2024-11-10,Completed,Card
11071,2590,2024-05-05,Completed,Card
11072,1840,2024-01-07,Completed,Card
11073,1504,2025-07-15,Returned,Bank Transfer
11074,723,2024-12-25,Completed,PayPal
11075,842,2025-07-31,Completed,Card
11076,2348,2024-12-27,Completed,Card
11077,2222,2025-11-09,Completed,Card
11078,646,2025-12-08,Completed,Bank Transfer
11079,24,2025-11-25,Completed,PayPal
11080,3273,2024-09-20,Completed,PayPal
11081,4827,2024-10-01,Completed,Card
11082,7,2025-09-21,Completed,PayPal
11083,3702,2025-01-30,Completed,Card
11084,3233,2024-11-08,Cancelled,PayPal
11085,2926,2025-05-06,Returned,Bank Transfer
11086,1272,2025-02-07,Completed,PayPal
11087,4262,2025-01-11,Completed,Card
11088,4524,2025-10-05,Cancelled,PayPal
11089,2193,2025-10-20,Completed,Bank Transfer
11090,2557,2025-06-24,Completed,Card
11091,2955,2024-11-15,Completed,PayPal
11092,1600,2024-08-12,Completed,PayPal
11093,1667,2025-03-31,Completed,Card
11094,4920,2025-10-12,Completed,Card
11095,1062,2024-10-15,Completed,Card
11096,4662,2024-10-07,Completed,Card
11097,3802,2025-02-20,Completed,Card
11098,1164,2025-04-28,Completed,Bank Transfer
11099,3880,2025-06-21,Completed,Bank Transfer
11100,1282,2024-11-08,Completed,Card
11101,2665,2025-08-31,Completed,Card
11102,2896,2025-10-11,Completed,Card
11103,1209,2025-08-30,Cancelled,PayPal
11104,303,2024-02-26,Completed,Card
11105,756,2024-05-02,Completed,PayPal
11106,4260,2024-10-16,Completed,Card
11107,1227,2025-08-20,Completed,Card
11108,1234,2024-11-05,Completed,PayPal
11109,3518,2025-07-16,Completed,Card
11110,898,2024-08-15,Completed,Card
11111,4879,2024-01-06,Completed,PayPal
11112,3311,2025-03-18,Completed,Card
11113,4823,2024-11-05,Completed,Bank Transfer
11114,3363,2024-01-02,Returned,Card
11115,2420,2025-08-25,Completed,Bank Transfer
11116,2910,2025-01-09,Completed,Bank Transfer
11117,1455,2024-09-02,Returned,Card
11118,2328,2025-04-16,Completed,PayPal
11119,2364,2025-08-13,Completed,Card
11120,2013,2024-10-30,Completed,PayPal
11121,1101,2024-02-27,Completed,Card
11122,816,2024-08-12,Returned,Bank Transfer
11123,4247,2025-03-01,Completed,PayPal
11124,1321,2024-07-20,Completed,PayPal
11125,4765,2025-06-01,Completed,PayPal
11126,4503,2024-01-30,Completed,Card
11127,2335,2024-05-30,Completed,Card
11128,4588,2025-07-01,Completed,Card
11129,1033,2024-04-19,Completed,Card
11130,1156,2024-04-30,Completed,Card
11131,1101,2024-08-28,Completed,PayPal
11132,2786,2025-08-24,Completed,PayPal
11133,997,2024-01-30,Completed,Bank Transfer
11134,1436,2025-04-10,Completed,PayPal
11135,2546,2025-04-09,Completed,PayPal
11136,3701,2024-08-24,Completed,Card
11137,4985,2025-01-05,Completed,PayPal
11138,354,2025-11-12,Completed,Bank Transfer
11139,2319,2024-05-28,Completed,PayPal
11140,4528,2025-01-08,Completed,Card
11141,739,2025-08-22,Completed,Card
11142,2520,2025-05-30,Completed,Card
11143,4604,2025-03-08,Completed,Card
11144,55,2024-09-08,Completed,PayPal
11145,2085,2025-04-17,Completed,PayPal
11146,900,2025-07-16,Completed,PayPal
11147,2103,2025-06-19,Completed,Card
11148,524,2024-02-15,Completed,Card
11149,463,2025-09-19,Completed,Card
11150,4793,2025-06-22,Completed,PayPal
11151,1502,2025-08-29,Completed,PayPal
11152,3877,2025-03-10,Completed,Card
11153,716,2025-09-02,Completed,Card
11154,3298,2025-09-19,Completed,Bank Transfer
11155,2780,2024-10-02,Completed,Card
11156,3612,2025-05-22,Completed,Card
11157,989,2024-04-04,Completed,Card
11158,1829,2025-12-11,Completed,PayPal
11159,212,2024-05-25,Completed,PayPal
11160,3147,2025-10-28,Cancelled,Card
11161,754,2025-02-05,Completed,Card
11162,3751,2025-05-18,Completed,Card
11163,3690,2025-02-18,Completed,Card
11164,3223,2024-10-02,Completed,PayPal
11165,436,2024-11-21,Completed,Card
11166,1902,2024-09-12,Completed,Card
11167,4180,2025-07-10,Completed,Card
11168,1236,2025-05-27,Completed,Card
11169,779,2024-05-26,Completed,Card
11170,4930,2024-10-21,Completed,PayPal
11171,3853,2025-01-09,Completed,PayPal
11172,1961,2025-10-28,Completed,Card
11173,4273,2024-02-25,Completed,Card
11174,1807,2024-08-13,Completed,Card
11175,3231,2025-06-02,Completed,Card
11176,1725,2024-01-20,Completed,PayPal
11177,186,2024-06-07,Completed,Card
11178,1495,2025-04-14,Completed,Card
11179,1980,2025-08-13,Completed,Card
11180,4054,2024-12-31,Completed,Card
11181,246,2024-01-01,Completed,Card
11182,4048,2024-08-16,Completed,Card
11183,384,2025-12-25,Completed,Card
11184,285,2024-10-09,Completed,Card
11185,3995,2024-04-28,Completed,Bank Transfer
11186,300,2024-08-14,Completed,Card
11187,901,2024-01-24,Completed,PayPal
11188,1460,2025-12-02,Completed,PayPal
11189,2922,2024-11-03,Completed,Card
11190,2534,2024-11-02,Completed,Card
11191,806,2025-07-22,Completed,PayPal
11192,2229,2025-05-08,Completed,Card
11193,1922,2025-05-22,Completed,PayPal
11194,4973,2024-11-06,Completed,Bank Transfer
11195,4790,2024-03-29,Completed,Card
11196,2388,2024-10-01,Completed,Card
11197,2539,2025-09-12,Completed,PayPal
11198,1997,2025-10-14,Completed,PayPal
11199,4826,2025-04-24,Completed,Card
11200,2504,2025-04-01,Completed,PayPal
11201,105,2025-08-08,Completed,PayPal
11202,439,2024-12-20,Completed,Card
11203,1522,2024-09-18,Completed,Card
11204,1352,2024-06-24,Completed,Card
11205,2699,2025-02-07,Completed,Card
11206,3613,2024-08-17,Completed,Card
11207,509,2025-08-10,Completed,PayPal
11208,4347,2024-11-18,Cancelled,Card
11209,4975,2025-11-25,Completed,Card
11210,1275,2024-10-03,Completed,Card
11211,2823,2025-11-07,Completed,Card
11212,64,2024-10-01,Completed,Card
11213,3922,2024-08-04,Completed,Card
11214,4416,2024-07-08,Returned,Card
11215,860,2024-01-18,Completed,Bank Transfer
11216,2828,2025-02-17,Completed,PayPal
11217,1548,2024-07-02,Completed,PayPal
11218,2077,2025-09-09,Completed,Card
11219,437,2024-08-30,Completed,Card
11220,3658,2025-03-01,Completed,Card
11221,763,2024-02-22,Completed,Card
11222,736,2024-08-13,Completed,Card
11223,3665,2025-12-14,Completed,PayPal
11224,4095,2025-08-20,Completed,Card
11225,4729,2025-07-15,Completed,PayPal
11226,1579,2024-11-14,Completed,Card
11227,3730,2025-12-07,Completed,PayPal
11228,1077,2025-01-03,Completed,Card
11229,2281,2024-09-04,Completed,Card
11230,1831,2025-07-21,Completed,PayPal
11231,1899,2024-06-25,Completed,Card
11232,4296,2025-04-20,Completed,Card
11233,674,2025-10-23,Completed,PayPal
11234,549,2024-01-13,Cancelled,Card
11235,937,2024-12-26,Returned,Card
11236,4145,2024-10-15,Completed,Card
11237,896,2025-03-06,Completed,Card
11238,2570,2025-07-29,Completed,Card
11239,2088,2024-12-04,Completed,Card
11240,914,2025-09-08,Completed,Card
11241,1177,2024-02-03,Completed,PayPal
11242,4772,2024-11-19,Completed,Card
11243,4866,2025-07-04,Completed,Card
11244,4307,2025-03-31,Completed,Card
11245,3274,2024-08-12,Completed,PayPal
11246,4243,2025-10-02,Cancelled,Card
11247,1523,2024-05-12,Completed,PayPal
11248,2803,2025-04-24,Completed,Card
11249,3123,2025-07-05,Completed,Card
11250,4591,2024-08-08,Completed,Card
11251,2457,2025-02-04,Completed,PayPal
11252,1650,2025-08-28,Returned,Card
11253,2321,2025-09-02,Completed,Card
11254,2506,2024-02-29,Completed,PayPal
11255,1144,2025-10-02,Completed,Card
11256,3773,2024-05-11,Completed,Card
11257,46,2025-01-27,Completed,PayPal
11258,3315,2025-08-03,Completed,Card
11259,4407,2024-01-14,Completed,Card
11260,2610,2025-03-10,Completed,Bank Transfer
11261,4427,2025-04-18,Completed,Card
11262,4107,2024-05-30,Completed,Card
11263,3120,2025-11-16,Completed,Card
11264,1401,2025-04-14,Completed,Card
11265,1592,2025-02-14,Completed,Card
11266,8,2024-12-10,Completed,Bank Transfer
11267,984,2024-07-14,Completed,PayPal
11268,3598,2025-06-27,Completed,PayPal
11269,1751,2024-03-13,Completed,Card
11270,3512,2024-07-12,Completed,PayPal
11271,3829,2025-07-15,Completed,Card
11272,566,2025-07-22,Completed,Card
11273,2321,2025-09-20,Completed,Bank Transfer
11274,901,2024-07-10,Completed,PayPal
11275,2179,2025-03-05,Completed,PayPal
11276,3593,2025-05-15,Completed,Card
11277,2772,2024-08-04,Completed,Card
11278,114,2025-09-14,Completed,Bank Transfer
11279,532,2025-04-29,Completed,PayPal
11280,1523,2025-08-23,Completed,Card
11281,3411,2024-12-25,Completed,PayPal
11282,1045,2024-11-04,Cancelled,Card
11283,33,2025-10-30,Completed,PayPal
11284,133,2025-02-24,Completed,Card
11285,2968,2025-08-03,Completed,Bank Transfer
11286,1727,2025-02-14,Completed,Card
11287,26,2025-05-31,Completed,Bank Transfer
11288,2649,2024-08-30,Returned,PayPal
11289,4641,2025-09-21,Completed,Bank Transfer
11290,1262,2024-06-20,Completed,PayPal
11291,2066,2025-10-16,Completed,PayPal
11292,3346,2025-04-04,Completed,Card
11293,934,2024-12-30,Completed,Card
11294,1051,2024-03-18,Completed,Card
11295,817,2025-07-22,Cancelled,Card
11296,4204,2025-05-04,Completed,Card
11297,738,2025-06-15,Completed,Card
11298,2915,2025-06-09,Completed,Card
11299,3603,2024-07-24,Completed,PayPal
11300,793,2025-11-23,Completed,Card
11301,3176,2024-10-17,Completed,Bank Transfer
11302,1356,2025-12-01,Completed,Card
11303,1386,2025-05-18,Completed,Card
11304,3993,2025-10-20,Cancelled,Card
11305,4385,2025-07-07,Completed,Card
11306,1061,2025-03-03,Completed,Card
11307,1372,2025-04-15,Completed,Card
11308,4139,2025-05-27,Returned,Card
11309,1150,2024-11-19,Completed,PayPal
11310,3203,2025-09-07,Completed,PayPal
11311,3354,2024-09-11,Completed,Card
11312,2943,2025-12-21,Completed,Card
11313,4629,2025-12-30,Completed,Card
11314,3449,2025-08-12,Completed,PayPal
11315,3048,2024-02-20,Completed,Card
11316,2711,2024-04-09,Completed,Card
11317,1501,2025-12-24,Completed,Bank Transfer
11318,69,2025-04-08,Completed,PayPal
11319,1867,2025-05-13,Completed,PayPal
11320,1949,2024-08-24,Cancelled,Card
11321,3902,2025-04-16,Completed,Card
11322,3509,2025-02-01,Completed,Card
11323,301,2024-06-05,Completed,Card
11324,4123,2024-10-24,Completed,PayPal
11325,2978,2024-01-14,Completed,PayPal
11326,2601,2024-04-25,Completed,Card
11327,2154,2024-05-18,Completed,PayPal
11328,4682,2024-03-15,Completed,Card
11329,4906,2024-12-25,Completed,Card
11330,4730,2024-01-24,Completed,PayPal
11331,4019,2025-02-09,Cancelled,Card
11332,3083,2025-11-19,Completed,PayPal
11333,4755,2025-07-20,Completed,Card
11334,1240,2025-12-25,Completed,PayPal
11335,2934,2024-11-21,Completed,Card
11336,2369,2024-11-29,Completed,Card
11337,460,2024-11-24,Completed,Bank Transfer
11338,4029,2025-11-05,Completed,PayPal
11339,2627,2024-10-26,Completed,PayPal
11340,3764,2025-11-06,Completed,Card
11341,2802,2024-03-29,Completed,Card
11342,4256,2024-01-15,Completed,Card
11343,464,2024-10-27,Completed,Card
11344,998,2025-09-25,Completed,Bank Transfer
11345,3007,2024-11-13,Completed,Card
11346,1679,2024-06-26,Completed,PayPal
11347,865,2025-04-06,Completed,PayPal
11348,1191,2024-09-25,Completed,Card
11349,2698,2024-04-14,Completed,Card
11350,2375,2025-11-01,Returned,Card
11351,865,2025-05-31,Cancelled,PayPal
11352,2577,2024-12-04,Completed,Card
11353,3916,2025-01-26,Completed,Bank Transfer
11354,2927,2024-05-20,Cancelled,Card
11355,4430,2024-06-17,Completed,Card
11356,2398,2024-01-17,Completed,Bank Transfer
11357,2222,2025-06-27,Completed,Card
11358,1783,2024-01-05,Completed,PayPal
11359,3999,2024-05-16,Completed,Card
11360,2804,2025-09-10,Completed,Card
11361,4168,2024-06-10,Cancelled,Card
11362,4548,2025-11-10,Completed,Card
11363,2959,2025-04-07,Completed,PayPal
11364,1779,2025-03-13,Completed,PayPal
11365,826,2025-01-16,Completed,PayPal
11366,3662,2025-01-16,Completed,Card
11367,3370,2025-04-26,Completed,Bank Transfer
11368,3096,2024-12-20,Completed,Bank Transfer
11369,2158,2024-09-01,Completed,PayPal
11370,52,2025-09-16,Completed,Card
11371,3362,2025-11-20,Completed,Card
11372,3516,2025-04-20,Completed,PayPal
11373,4563,2025-04-09,Completed,Card
11374,3331,2024-07-08,Completed,Bank Transfer
11375,1675,2025-05-08,Completed,PayPal
11376,2866,2025-06-06,Completed,Card
11377,1362,2025-06-18,Completed,PayPal
11378,787,2025-09-22,Completed,Card
11379,556,2024-10-08,Completed,Card
11380,2040,2025-03-05,Completed,Card
11381,1763,2025-08-03,Completed,PayPal
11382,2113,2025-10-07,Returned,Card
11383,2211,2024-09-09,Completed,PayPal
11384,1702,2025-07-16,Completed,PayPal
11385,2087,2024-02-12,Cancelled,PayPal
11386,2713,2025-04-26,Cancelled,PayPal
11387,2408,2024-05-20,Completed,Bank Transfer
11388,2317,2025-05-25,Completed,Card
11389,1611,2025-06-20,Completed,Bank Transfer
11390,4353,2024-09-26,Cancelled,Card
11391,4706,2024-12-26,Cancelled,Card
11392,1128,2025-09-07,Completed,Card
11393,905,2024-10-21,Cancelled,Bank Transfer
11394,164,2025-10-26,Completed,Card
11395,1137,2025-04-19,Completed,Card
11396,4711,2025-04-16,Completed,PayPal
11397,2026,2024-06-09,Completed,PayPal
11398,106,2024-02-14,Completed,Card
11399,4795,2025-11-08,Cancelled,Card
11400,4460,2024-07-25,Completed,Card
11401,3093,2024-04-17,Completed,PayPal
11402,2022,2025-05-18,Completed,Card
11403,1153,2025-03-17,Completed,Card
11404,699,2024-03-05,Completed,Card
11405,3868,2024-09-23,Completed,PayPal
11406,3271,2025-02-02,Completed,Bank Transfer
11407,747,2025-11-27,Completed,Card
11408,961,2024-08-11,Completed,Card
11409,3492,2025-10-26,Completed,PayPal
11410,3298,2024-10-15,Completed,Card
11411,2978,2024-10-11,Completed,PayPal
11412,209,2024-07-04,Completed,Card
11413,3317,2024-08-13,Completed,Bank Transfer
11414,1892,2024-07-18,Completed,PayPal
11415,1177,2025-05-18,Completed,PayPal
11416,3507,2024-01-11,Completed,Card
11417,2040,2025-05-12,Cancelled,Card
11418,3290,2024-10-03,Completed,Card
11419,1453,2024-01-03,Completed,PayPal
11420,4762,2025-07-27,Completed,Card
11421,3861,2024-01-05,Completed,PayPal
11422,1618,2025-06-04,Completed,PayPal
11423,435,2025-07-23,Completed,Card
11424,2328,2024-10-06,Completed,Card
11425,1647,2025-02-26,Completed,Card
11426,3164,2024-08-25,Completed,Bank Transfer
11427,4763,2024-11-12,Completed,Bank Transfer
11428,1441,2024-05-06,Completed,Card
11429,4444,2024-10-30,Completed,Card
11430,4861,2024-06-26,Completed,Card
11431,934,2025-05-04,Completed,Card
11432,4279,2025-03-12,Completed,PayPal
11433,2556,2025-10-22,Completed,PayPal
11434,1147,2024-02-07,Completed,Card
11435,3997,2025-09-21,Completed,Card
11436,381,2025-04-27,Completed,Card
11437,825,2024-11-10,Completed,PayPal
11438,1539,2025-04-28,Completed,Card
11439,3376,2024-04-06,Completed,Card
11440,1638,2024-01-17,Completed,Card
11441,4288,2025-03-22,Completed,Card
11442,525,2024-10-05,Completed,Card
11443,3108,2025-03-27,Completed,Card
11444,1094,2025-10-27,Completed,Bank Transfer
11445,105,2025-08-28,Completed,Card
11446,1740,2025-11-17,Completed,Card
11447,2361,2024-01-29,Completed,Card
11448,3127,2025-06-29,Completed,PayPal
11449,1677,2024-01-10,Completed,Bank Transfer
11450,2355,2024-04-10,Cancelled,Card
11451,4917,2025-10-14,Completed,Card
11452,4132,2024-03-27,Completed,Card
11453,2935,2025-04-14,Completed,Card
11454,1873,2024-10-27,Completed,PayPal
11455,1043,2025-10-01,Completed,Card
11456,3435,2024-07-24,Cancelled,PayPal
11457,1442,2025-08-23,Cancelled,Card
11458,1846,2024-03-22,Completed,Card
11459,3502,2024-07-30,Completed,PayPal
11460,1542,2024-04-28,Cancelled,Card
11461,467,2024-05-15,Completed,PayPal
11462,2945,2025-01-11,Completed,Card
11463,4295,2025-03-03,Completed,Card
11464,1592,2025-12-20,Completed,Card
11465,2816,2024-11-09,Completed,PayPal
11466,4073,2025-02-07,Cancelled,PayPal
11467,3573,2024-08-30,Completed,PayPal
11468,4337,2024-12-10,Completed,PayPal
11469,1194,2025-09-03,Completed,Card
11470,294,2025-09-18,Completed,Card
11471,922,2025-02-27,Completed,PayPal
11472,1339,2024-01-16,Completed,PayPal
11473,3199,2025-05-30,Completed,Card
11474,4564,2024-09-22,Completed,Card
11475,2415,2025-07-13,Completed,Card
11476,4854,2025-12-16,Cancelled,PayPal
11477,3476,2024-01-20,Completed,PayPal
11478,1542,2025-12-06,Completed,Card
11479,2499,2024-01-11,Completed,PayPal
11480,908,2024-01-20,Completed,PayPal
11481,2494,2024-10-05,Completed,PayPal
11482,2128,2024-11-28,Completed,Card
11483,3089,2025-06-30,Completed,PayPal
11484,4648,2025-02-04,Completed,Card
11485,3991,2024-02-07,Completed,Card
11486,3752,2024-03-23,Completed,Card
11487,2098,2024-02-01,Completed,Card
11488,3175,2024-02-23,Completed,Card
11489,388,2025-09-10,Completed,Card
11490,299,2025-06-20,Completed,Card
11491,4435,2024-02-14,Completed,Card
11492,3461,2025-09-21,Completed,PayPal
11493,4062,2024-10-20,Returned,Card
11494,474,2024-05-04,Completed,Card
11495,4712,2025-07-01,Completed,Card
11496,4888,2024-12-09,Completed,Card
11497,3214,2025-02-26,Completed,PayPal
11498,4109,2024-06-15,Completed,Card
11499,449,2024-09-25,Completed,PayPal
11500,2222,2024-07-12,Completed,Card
11501,1983,2024-05-03,Returned,Card
11502,3612,2024-09-27,Completed,PayPal
11503,2643,2024-02-27,Completed,PayPal
11504,1921,2024-02-28,Completed,PayPal
11505,2317,2025-03-25,Completed,Card
11506,1275,2024-08-04,Completed,PayPal
11507,4869,2025-08-03,Completed,Card
11508,1616,2025-04-26,Completed,Card
11509,4984,2024-08-31,Completed,Card
11510,3619,2024-04-12,Completed,Card
11511,2307,2025-05-31,Completed,PayPal
11512,260,2024-09-20,Cancelled,Card
11513,3207,2024-08-28,Completed,PayPal
11514,1513,2024-08-16,Completed,PayPal
11515,4739,2025-03-27,Completed,Card
11516,2129,2025-03-30,Completed,Card
11517,3439,2025-06-27,Completed,PayPal
11518,2177,2025-01-08,Completed,Card
11519,4508,2024-01-24,Completed,Card
11520,3509,2024-11-01,Completed,Card
11521,4711,2025-01-08,Completed,Bank Transfer
11522,4995,2024-07-05,Cancelled,Card
11523,3081,2025-10-01,Completed,Card
11524,232,2024-04-21,Completed,PayPal
11525,730,2025-05-07,Completed,Card
11526,3013,2024-10-20,Completed,Card
11527,2930,2025-02-25,Completed,Bank Transfer
11528,318,2024-05-28,Completed,PayPal
11529,1531,2024-05-30,Completed,PayPal
11530,1111,2024-06-22,Completed,Card
11531,716,2024-07-15,Cancelled,Card
11532,1342,2024-09-11,Completed,Card
11533,3405,2025-02-17,Completed,Card
11534,3313,2024-06-16,Completed,Card
11535,3121,2024-03-22,Completed,Card
11536,3088,2024-03-10,Completed,PayPal
11537,202,2025-03-01,Completed,PayPal
11538,2141,2025-02-05,Completed,Card
11539,1673,2025-06-08,Completed,Card
11540,1057,2025-09-22,Completed,Card
11541,3672,2024-07-30,Completed,Card
11542,419,2024-04-11,Completed,PayPal
11543,2599,2025-12-08,Completed,Card
11544,626,2025-08-11,Cancelled,PayPal
11545,4941,2024-12-03,Completed,Card
11546,3831,2024-11-28,Completed,PayPal
11547,1879,2024-07-23,Completed,Card
11548,1945,2025-05-01,Completed,Card
11549,2930,2024-08-16,Cancelled,PayPal
11550,2768,2024-07-07,Completed,Card
11551,3384,2024-04-08,Cancelled,Card
11552,3541,2025-02-14,Completed,Card
11553,394,2025-12-30,Completed,Card
11554,2857,2025-04-04,Completed,PayPal
11555,2920,2024-07-12,Completed,PayPal
11556,2619,2025-07-08,Completed,Card
11557,632,2025-09-27,Completed,PayPal
11558,2857,2024-01-20,Completed,Card
11559,322,2024-11-06,Completed,Card
11560,3507,2025-11-10,Completed,Bank Transfer
11561,4670,2025-07-11,Completed,Card
11562,1694,2024-03-19,Completed,Card
11563,1064,2024-06-18,Completed,Card
11564,3112,2024-09-02,Completed,Card
11565,1477,2025-04-16,Completed,Card
11566,2918,2024-04-08,Completed,Card
11567,3262,2024-11-17,Completed,Card
11568,2794,2024-05-20,Completed,Card
11569,3087,2024-04-18,Completed,Card
11570,3812,2024-11-08,Completed,Card
11571,3971,2025-10-10,Cancelled,Card
11572,3352,2024-04-30,Completed,PayPal
11573,959,2024-04-08,Cancelled,PayPal
11574,4144,2025-07-31,Completed,Card
11575,1583,2025-05-08,Returned,Card
11576,3177,2024-05-23,Completed,PayPal
11577,2417,2024-04-19,Completed,Card
11578,460,2025-04-28,Returned,Card
11579,2295,2024-05-09,Completed,Card
11580,2312,2025-02-03,Cancelled,PayPal
11581,1230,2025-05-20,Completed,PayPal
11582,1531,2024-07-28,Completed,Card
11583,4626,2024-12-26,Completed,PayPal
11584,1388,2024-06-02,Completed,Card
11585,2798,2025-10-06,Completed,Card
11586,1364,2025-06-16,Completed,Card
11587,4503,2025-06-30,Completed,PayPal
11588,453,2024-12-25,Completed,Card
11589,3905,2024-11-05,Completed,PayPal
11590,4910,2025-04-18,Completed,PayPal
11591,578,2025-09-27,Completed,PayPal
11592,3920,2024-10-26,Completed,Card
11593,3013,2024-12-06,Completed,Bank Transfer
11594,3265,2024-01-04,Completed,PayPal
11595,1932,2025-09-26,Completed,PayPal
11596,4243,2025-07-07,Completed,PayPal
11597,4502,2024-06-17,Completed,Card
11598,183,2025-02-23,Completed,PayPal
11599,3178,2024-10-06,Completed,Card
11600,236,2025-01-23,Cancelled,Card
11601,638,2024-07-03,Completed,PayPal
11602,3006,2024-11-18,Completed,PayPal
11603,4275,2024-01-11,Completed,Card
11604,2480,2025-11-15,Completed,Card
11605,3473,2025-08-30,Completed,Card
11606,525,2024-10-04,Cancelled,PayPal
11607,2791,2024-05-18,Completed,Card
11608,2371,2025-11-08,Completed,Card
11609,1285,2025-11-29,Cancelled,PayPal
11610,1636,2024-03-26,Completed,Card
11611,1724,2024-08-18,Completed,Bank Transfer
11612,2447,2025-03-26,Cancelled,Card
11613,4433,2024-05-17,Completed,Card
11614,4215,2025-06-14,Completed,Card
11615,1582,2024-12-03,Completed,Card
11616,2461,2024-06-04,Completed,Card
11617,580,2025-08-29,Completed,PayPal
11618,3942,2024-01-17,Completed,Card
11619,196,2024-09-17,Completed,Card
11620,333,2024-06-08,Completed,PayPal
11621,3092,2024-11-04,Completed,Card
11622,4719,2024-03-21,Completed,PayPal
11623,658,2025-11-27,Completed,Card
11624,704,2024-07-31,Completed,PayPal
11625,4979,2025-03-02,Completed,Bank Transfer
11626,1450,2024-12-07,Completed,Bank Transfer
11627,1253,2024-12-24,Completed,Card
11628,524,2025-11-09,Completed,Card
11629,2265,2024-07-24,Completed,Bank Transfer
11630,2423,2024-12-01,Completed,Card
11631,36,2024-09-17,Completed,Card
11632,776,2024-08-30,Completed,Card
11633,28,2025-08-04,Cancelled,Bank Transfer
11634,86,2025-01-29,Completed,Card
11635,2236,2025-12-25,Completed,Card
11636,2353,2024-12-02,Completed,Card
11637,3494,2024-10-05,Completed,Card
11638,4282,2024-09-05,Completed,Card
11639,4654,2025-12-08,Completed,Card
11640,2557,2024-01-30,Cancelled,Card
11641,4313,2024-05-10,Completed,Bank Transfer
11642,257,2025-06-07,Completed,Card
11643,3807,2025-04-04,Completed,Card
11644,1448,2025-01-29,Completed,Card
11645,4420,2025-06-11,Completed,Card
11646,2245,2025-02-16,Completed,PayPal
11647,4600,2024-04-26,Completed,Card
11648,3344,2024-05-28,Returned,PayPal
11649,694,2024-04-18,Completed,Card
11650,2066,2024-08-23,Completed,Bank Transfer
11651,3601,2025-03-02,Completed,Card
11652,4221,2025-05-31,Completed,Card
11653,483,2024-06-28,Cancelled,Card
11654,3666,2025-01-30,Completed,Card
11655,3076,2024-01-01,Completed,PayPal
11656,2675,2024-01-08,Completed,Card
11657,2399,2024-05-23,Returned,PayPal
11658,351,2025-10-16,Completed,Card
11659,649,2024-10-01,Completed,PayPal
11660,3871,2025-10-26,Completed,PayPal
11661,228,2024-10-13,Completed,Card
11662,2064,2025-05-04,Completed,Card
11663,425,2025-10-03,Completed,Bank Transfer
11664,2512,2025-09-24,Completed,Card
11665,4820,2025-07-24,Completed,Card
11666,1822,2025-12-29,Completed,Card
11667,4890,2024-01-31,Completed,PayPal
11668,4273,2025-03-27,Completed,PayPal
11669,2591,2024-08-31,Completed,Card
11670,2557,2024-05-19,Completed,Card
11671,1586,2025-02-04,Completed,Bank Transfer
11672,1679,2025-12-25,Completed,PayPal
11673,4660,2025-06-24,Completed,Card
11674,2281,2024-06-12,Completed,Card
11675,3750,2024-04-13,Completed,Bank Transfer
11676,2539,2024-03-03,Completed,Card
11677,1017,2024-01-15,Completed,Card
11678,444,2025-05-08,Completed,Card
11679,2068,2024-06-27,Completed,Card
11680,3683,2025-06-06,Completed,PayPal
11681,3799,2025-03-16,Completed,Card
11682,3628,2025-06-08,Completed,PayPal
11683,111,2025-12-27,Completed,PayPal
11684,2535,2025-05-02,Completed,Card
11685,89,2024-11-06,Completed,Card
11686,3391,2025-07-28,Completed,Bank Transfer
11687,1942,2024-05-09,Completed,Card
11688,3311,2025-04-10,Completed,PayPal
11689,72,2025-05-16,Completed,PayPal
11690,822,2024-09-19,Completed,Card
11691,3471,2024-06-19,Completed,PayPal
11692,816,2025-02-09,Completed,PayPal
11693,404,2025-12-02,Completed,Bank Transfer
11694,1699,2024-01-25,Completed,PayPal
11695,4347,2025-03-24,Cancelled,Card
11696,2917,2024-06-08,Completed,Card
11697,2043,2024-08-04,Completed,Bank Transfer
11698,1954,2025-11-18,Completed,Card
11699,4964,2025-05-04,Completed,Card
11700,3294,2024-10-06,Cancelled,PayPal
11701,3703,2024-03-21,Completed,Card
11702,3254,2024-05-04,Completed,PayPal
11703,4992,2024-06-18,Completed,Bank Transfer
11704,3802,2025-08-04,Completed,PayPal
11705,256,2025-08-12,Completed,Card
11706,1932,2024-03-30,Completed,Card
11707,1112,2025-01-14,Completed,Card
11708,873,2024-04-20,Returned,Card
11709,4588,2024-06-12,Completed,Bank Transfer
11710,1562,2025-02-18,Completed,Card
11711,4729,2025-10-01,Completed,Card
11712,4458,2024-06-03,Completed,PayPal
11713,894,2024-07-12,Completed,PayPal
11714,2685,2025-04-20,Completed,Card
11715,1247,2025-11-15,Completed,PayPal
11716,747,2024-01-21,Completed,Card
11717,4054,2024-04-18,Completed,Card
11718,4086,2025-02-02,Returned,Card
11719,1007,2024-05-08,Completed,Bank Transfer
11720,2741,2025-05-23,Completed,PayPal
11721,4311,2024-10-06,Completed,PayPal
11722,4323,2025-03-02,Completed,Card
11723,891,2024-01-27,Completed,Bank Transfer
11724,2492,2024-12-09,Completed,Card
11725,2877,2025-02-04,Cancelled,Card
11726,1632,2025-08-26,Completed,PayPal
11727,3704,2024-10-21,Completed,PayPal
11728,2027,2025-07-20,Completed,Card
11729,4108,2024-07-14,Completed,Card
11730,3323,2024-06-04,Completed,Card
11731,742,2025-03-15,Completed,Card
11732,3009,2024-04-10,Completed,PayPal
11733,1977,2025-05-14,Completed,Card
11734,3663,2024-10-11,Completed,Bank Transfer
11735,3801,2024-03-09,Completed,Card
11736,3572,2025-01-20,Completed,PayPal
11737,2912,2025-03-27,Completed,Card
11738,3085,2024-05-17,Completed,PayPal
11739,774,2024-09-04,Completed,Card
11740,2145,2024-04-12,Completed,Card
11741,993,2025-09-11,Completed,PayPal
11742,1839,2025-12-12,Completed,PayPal
11743,3814,2025-05-24,Completed,Card
11744,4908,2025-01-09,Completed,PayPal
11745,3322,2025-12-27,Cancelled,Card
11746,3843,2024-06-03,Completed,PayPal
11747,3254,2024-03-27,Completed,PayPal
11748,1876,2025-04-26,Completed,Bank Transfer
11749,3238,2024-07-27,Completed,Card
11750,4,2024-06-26,Completed,Card
11751,165,2025-08-08,Completed,PayPal
11752,4440,2024-09-14,Completed,PayPal
11753,1898,2024-09-29,Completed,Card
11754,3241,2024-01-24,Completed,Card
11755,2568,2025-08-05,Completed,PayPal
11756,3508,2025-08-17,Completed,PayPal
11757,2560,2025-02-03,Completed,Card
11758,1339,2024-12-18,Completed,PayPal
11759,4638,2024-10-27,Completed,Card
11760,613,2024-01-10,Completed,Card
11761,4996,2024-02-12,Completed,PayPal
11762,1885,2024-02-20,Completed,Card
11763,4025,2025-12-19,Completed,Card
11764,3135,2024-04-16,Completed,PayPal
11765,1056,2025-12-06,Completed,Bank Transfer
11766,1623,2024-08-22,Completed,Card
11767,3283,2025-05-04,Completed,Card
11768,2611,2025-11-05,Completed,PayPal
11769,3070,2025-04-19,Completed,Card
11770,1256,2025-08-03,Completed,Card
11771,2661,2024-10-18,Completed,Card
11772,4225,2025-04-25,Completed,PayPal
11773,1043,2025-04-04,Completed,Card
11774,4453,2025-02-28,Cancelled,PayPal
11775,1443,2024-11-24,Completed,Card
11776,3678,2024-07-03,Completed,Card
11777,4177,2025-05-20,Completed,PayPal
11778,3687,2025-09-19,Completed,PayPal
11779,1905,2025-04-22,Completed,PayPal
11780,2714,2024-01-14,Completed,Card
11781,1878,2025-12-27,Completed,PayPal
11782,791,2024-04-02,Completed,Card
11783,225,2024-06-28,Cancelled,PayPal
11784,3035,2025-07-19,Completed,Card
11785,4876,2024-10-31,Completed,PayPal
11786,4233,2025-04-19,Completed,Card
11787,226,2025-06-25,Completed,Card
11788,3406,2025-06-07,Completed,PayPal
11789,3180,2024-04-20,Completed,Card
11790,812,2025-02-18,Completed,Card
11791,2493,2025-02-24,Completed,PayPal
11792,4103,2025-02-14,Completed,Card
11793,4224,2025-09-15,Cancelled,Card
11794,4067,2025-11-11,Completed,Card
11795,4363,2025-09-07,Completed,Card
11796,4310,2025-06-06,Completed,Card
11797,247,2024-11-24,Completed,Card
11798,1619,2024-09-28,Completed,Card
11799,1828,2024-01-14,Returned,Card
11800,3446,2024-06-23,Completed,PayPal
11801,421,2024-06-06,Completed,Card
11802,2765,2025-09-13,Completed,PayPal
11803,1372,2025-10-25,Completed,Card
11804,4239,2024-08-21,Completed,PayPal
11805,2189,2024-05-20,Completed,Card
11806,2613,2025-04-25,Completed,Card
11807,2081,2024-04-28,Completed,Card
11808,4325,2025-01-16,Completed,Card
11809,2736,2025-06-04,Completed,Bank Transfer
11810,830,2025-11-19,Completed,Card
11811,3059,2025-02-13,Returned,Card
11812,850,2024-02-18,Completed,Card
11813,2781,2025-01-04,Completed,PayPal
11814,1154,2024-11-28,Completed,PayPal
11815,4941,2024-05-28,Completed,PayPal
11816,3830,2024-06-05,Completed,PayPal
11817,2683,2025-08-26,Completed,Bank Transfer
11818,3080,2024-05-31,Completed,PayPal
11819,403,2025-04-05,Completed,Card
11820,2976,2025-01-10,Completed,Card
11821,1603,2025-11-12,Completed,Card
11822,4723,2025-08-18,Completed,Card
11823,981,2025-02-28,Completed,Card
11824,2295,2024-02-17,Completed,Card
11825,2385,2024-11-30,Completed,Card
11826,3353,2025-12-29,Completed,Card
11827,4129,2025-08-11,Completed,Card
11828,799,2025-07-08,Completed,Bank Transfer
11829,2596,2025-04-13,Completed,Card
11830,1367,2025-07-28,Completed,PayPal
11831,2939,2024-09-01,Completed,Card
11832,1263,2025-09-23,Completed,Card
11833,2777,2024-09-18,Completed,Card
11834,3249,2024-09-06,Completed,Card
11835,304,2025-05-11,Cancelled,Card
11836,1694,2024-02-21,Returned,Card
11837,2317,2025-05-03,Completed,Card
11838,4496,2024-05-21,Completed,PayPal
11839,922,2025-01-06,Completed,PayPal
11840,421,2024-09-07,Completed,PayPal
11841,2179,2024-11-09,Completed,Card
11842,3810,2024-08-12,Completed,Card
11843,1167,2025-10-26,Cancelled,Card
11844,4674,2024-02-25,Returned,Card
11845,540,2024-12-04,Completed,PayPal
11846,3500,2025-06-04,Completed,Card
11847,1461,2025-05-14,Completed,Card
11848,4688,2025-04-28,Completed,PayPal
11849,4740,2024-06-12,Completed,Bank Transfer
11850,328,2025-03-16,Completed,PayPal
11851,2860,2024-05-12,Completed,Card
11852,2094,2024-03-21,Completed,Bank Transfer
11853,2132,2024-12-15,Completed,Card
11854,2842,2025-10-08,Completed,PayPal
11855,352,2024-05-13,Completed,PayPal
11856,4733,2024-02-21,Completed,Card
11857,3909,2025-05-08,Completed,Card
11858,234,2024-07-20,Cancelled,Card
11859,3123,2025-12-10,Completed,PayPal
11860,4877,2025-09-09,Completed,Bank Transfer
11861,2729,2025-05-22,Completed,Card
11862,933,2024-01-14,Returned,Bank Transfer
11863,1824,2025-01-19,Cancelled,Card
11864,3501,2025-12-23,Completed,Card
11865,4074,2024-07-19,Returned,Bank Transfer
11866,3346,2024-06-13,Completed,Card
11867,861,2025-07-14,Completed,PayPal
11868,1231,2024-05-12,Completed,Card
11869,2196,2025-08-04,Completed,PayPal
11870,4396,2024-04-28,Completed,Card
11871,1477,2025-10-12,Completed,Card
11872,2024,2025-11-23,Cancelled,PayPal
11873,2597,2025-04-30,Completed,PayPal
11874,2431,2024-07-01,Completed,PayPal
11875,3690,2025-04-02,Completed,Card
11876,534,2024-11-30,Completed,PayPal
11877,1257,2025-07-15,Returned,PayPal
11878,1658,2025-11-23,Completed,Card
11879,1153,2025-09-28,Completed,Card
11880,3894,2024-08-18,Completed,PayPal
11881,1753,2024-11-06,Completed,Card
11882,1684,2024-01-03,Cancelled,PayPal
11883,2979,2025-11-15,Completed,Card
11884,4333,2024-03-21,Completed,Card
11885,3654,2024-10-01,Completed,Card
11886,3014,2025-01-22,Completed,PayPal
11887,701,2024-12-10,Completed,PayPal
11888,4671,2024-08-06,Completed,PayPal
11889,3065,2025-10-13,Completed,Card
11890,4867,2024-03-03,Completed,Card
11891,1765,2025-03-15,Completed,Bank Transfer
11892,4319,2024-01-27,Completed,Card
11893,1123,2025-12-08,Completed,Card
11894,3831,2025-01-15,Completed,Card
11895,2959,2025-10-25,Completed,PayPal
11896,2321,2024-09-04,Returned,PayPal
11897,1423,2024-06-02,Completed,PayPal
11898,1541,2024-07-28,Completed,Card
11899,4526,2024-01-22,Completed,Card
11900,523,2025-08-04,Completed,Card
11901,3008,2024-01-19,Completed,Card
11902,2499,2025-05-23,Completed,Card
11903,2090,2025-09-04,Completed,Card
11904,1739,2025-11-04,Completed,Card
11905,4190,2025-10-12,Completed,Card
11906,2534,2025-08-22,Completed,Card
11907,2565,2025-03-04,Completed,PayPal
11908,2765,2024-02-06,Completed,Card
11909,499,2025-02-10,Completed,Card
11910,2419,2025-02-27,Completed,PayPal
11911,2747,2025-11-13,Completed,Card
11912,485,2024-12-03,Completed,Card
11913,665,2024-09-27,Completed,Card
11914,3455,2025-10-13,Completed,PayPal
11915,628,2025-08-02,Completed,Card
11916,1685,2025-08-02,Completed,Card
11917,732,2025-11-11,Completed,Card
11918,4288,2025-09-08,Returned,Card
11919,1245,2025-04-06,Completed,Bank Transfer
11920,2175,2024-11-10,Cancelled,Card
11921,3875,2024-02-27,Returned,Card
11922,2775,2025-01-10,Completed,PayPal
11923,3079,2025-11-29,Completed,Bank Transfer
11924,4792,2025-03-31,Completed,Card
11925,1140,2025-02-10,Completed,Card
11926,4660,2025-01-19,Completed,PayPal
11927,3118,2024-02-25,Completed,PayPal
11928,2441,2025-04-03,Completed,PayPal
11929,4119,2025-04-19,Cancelled,Card
11930,3203,2025-05-30,Completed,Card
11931,3199,2024-01-17,Completed,Card
11932,4541,2025-03-08,Completed,Card
11933,4873,2024-08-24,Completed,Bank Transfer
11934,2045,2024-11-02,Completed,Card
11935,708,2025-03-08,Completed,Card
11936,433,2024-01-24,Completed,Card
11937,473,2024-10-26,Completed,Bank Transfer
11938,48,2025-09-19,Completed,Card
11939,1915,2024-08-25,Completed,Card
11940,1106,2025-11-11,Completed,Bank Transfer
11941,3181,2025-05-06,Completed,Card
11942,1891,2024-10-14,Completed,PayPal
11943,358,2025-02-18,Completed,Card
11944,568,2025-02-03,Cancelled,Bank Transfer
11945,480,2025-02-19,Completed,PayPal
11946,867,2025-04-27,Completed,Card
11947,3261,2024-09-07,Completed,Card
11948,4060,2025-11-07,Completed,Card
11949,1029,2025-02-03,Completed,Card
11950,3358,2024-05-20,Completed,PayPal
11951,1814,2025-01-12,Completed,PayPal
11952,3729,2024-04-29,Completed,PayPal
11953,3527,2024-12-03,Cancelled,Card
11954,4804,2025-03-25,Completed,Bank Transfer
11955,1051,2024-06-09,Completed,Card
11956,127,2024-04-14,Completed,Bank Transfer
11957,3607,2024-04-01,Completed,Card
11958,2379,2025-04-29,Completed,Card
11959,1653,2025-02-22,Completed,PayPal
11960,8,2025-02-24,Completed,Card
11961,4709,2025-12-16,Completed,PayPal
11962,1285,2025-07-05,Completed,PayPal
11963,4694,2024-02-23,Completed,Card
11964,4482,2025-08-23,Completed,Card
11965,179,2025-10-08,Completed,Card
11966,3596,2025-05-28,Completed,Card
11967,4911,2024-04-06,Completed,PayPal
11968,3818,2025-07-21,Completed,Card
11969,3255,2025-09-27,Cancelled,Card
11970,4454,2024-07-03,Completed,Card
11971,2424,2025-03-08,Completed,PayPal
11972,4798,2025-04-15,Completed,Card
11973,1751,2024-05-04,Completed,Bank Transfer
11974,4878,2024-11-29,Completed,Card
11975,4178,2024-09-20,Completed,Card
11976,3430,2024-07-09,Completed,Bank Transfer
11977,185,2025-12-27,Completed,Bank Transfer
11978,2336,2024-08-08,Completed,Card
11979,3134,2024-07-17,Completed,PayPal
11980,4979,2024-12-09,Completed,PayPal
11981,507,2024-06-22,Completed,Bank Transfer
11982,4126,2024-08-04,Cancelled,Card
11983,1933,2024-07-24,Completed,Card
11984,1197,2025-08-01,Completed,PayPal
11985,3686,2025-01-07,Returned,Bank Transfer
11986,4182,2024-06-22,Completed,Card
11987,1339,2024-03-18,Completed,PayPal
11988,2621,2024-11-18,Completed,PayPal
11989,683,2025-07-07,Completed,PayPal
11990,3515,2025-07-29,Completed,PayPal
11991,4368,2025-01-18,Completed,Card
11992,2161,2025-03-12,Completed,Card
11993,1730,2024-07-17,Completed,Bank Transfer
11994,1418,2025-08-24,Completed,Card
11995,4015,2024-01-07,Completed,Card
11996,19,2024-09-19,Completed,PayPal
11997,2653,2025-09-25,Completed,Card
11998,3801,2025-11-06,Completed,Card
11999,465,2025-09-19,Completed,Card
12000,691,2025-06-08,Completed,Card
12001,1011,2024-01-20,Completed,Card
12002,3062,2025-12-13,Completed,Card
12003,4021,2024-09-10,Completed,PayPal
12004,163,2025-08-20,Completed,Card
12005,1636,2024-06-28,Completed,Card
12006,2747,2024-12-18,Cancelled,PayPal
12007,295,2025-07-26,Completed,Card
12008,579,2025-12-27,Completed,Card
12009,1586,2024-08-02,Completed,Bank Transfer
12010,3381,2024-12-23,Completed,Card
12011,2350,2025-08-24,Completed,Card
12012,2172,2025-08-30,Completed,PayPal
12013,195,2025-07-26,Cancelled,Bank Transfer
12014,842,2025-07-21,Completed,Card
12015,4008,2024-08-07,Completed,Bank Transfer
12016,4585,2025-08-28,Completed,PayPal
12017,2932,2025-07-05,Completed,PayPal
12018,446,2024-12-02,Cancelled,Card
12019,80,2024-11-14,Completed,Card
12020,4841,2025-04-10,Completed,Card
12021,2746,2025-12-29,Completed,Card
12022,3689,2024-06-02,Completed,Card
12023,1861,2024-12-16,Completed,PayPal
12024,931,2024-03-02,Completed,PayPal
12025,1935,2025-04-04,Completed,PayPal
12026,4368,2024-08-27,Completed,Card
12027,2172,2024-07-08,Completed,PayPal
12028,3295,2024-05-25,Completed,PayPal
12029,4782,2025-06-05,Completed,Card
12030,4748,2024-10-18,Completed,Card
12031,4393,2025-10-03,Completed,PayPal
12032,2835,2024-02-29,Completed,Card
12033,4717,2025-04-17,Completed,Card
12034,1655,2025-11-17,Completed,Card
12035,2929,2024-03-13,Completed,Card
12036,3604,2024-08-26,Completed,Card
12037,1673,2025-02-19,Completed,PayPal
12038,4351,2024-06-27,Completed,Card
12039,1288,2024-03-07,Completed,Card
12040,2727,2025-08-15,Completed,Card
12041,4125,2024-03-17,Completed,Card
12042,1059,2024-09-04,Completed,Card
12043,4845,2025-12-07,Completed,Card
12044,602,2024-03-08,Completed,PayPal
12045,3275,2025-07-21,Completed,Card
12046,2979,2024-04-08,Completed,Card
12047,131,2025-08-10,Completed,Card
12048,111,2025-07-31,Completed,Card
12049,2572,2025-06-28,Completed,Card
12050,3360,2025-06-25,Completed,Card
12051,2735,2025-06-21,Completed,Bank Transfer
12052,831,2025-12-22,Completed,PayPal
12053,666,2024-11-19,Completed,PayPal
12054,1067,2024-05-02,Completed,Card
12055,4971,2024-02-02,Completed,Card
12056,3789,2025-10-16,Completed,PayPal
12057,1318,2024-05-24,Returned,Card
12058,285,2025-05-31,Completed,PayPal
12059,4660,2025-11-03,Completed,Card
12060,4115,2024-11-05,Completed,Card
12061,3579,2024-05-23,Completed,PayPal
12062,4643,2025-10-25,Completed,Card
12063,48,2025-05-31,Completed,Card
12064,1769,2024-07-13,Completed,PayPal
12065,4315,2025-04-27,Completed,Bank Transfer
12066,4862,2025-09-28,Completed,Card
12067,3260,2025-04-19,Completed,Card
12068,2079,2025-08-10,Cancelled,Bank Transfer
12069,2307,2024-06-17,Completed,PayPal
12070,3416,2025-12-29,Cancelled,Bank Transfer
12071,4404,2024-07-01,Completed,Card
12072,3143,2024-04-22,Completed,Bank Transfer
12073,568,2024-10-02,Completed,Card
12074,4327,2025-04-20,Completed,PayPal
12075,4066,2024-06-26,Completed,Card
12076,82,2025-09-28,Completed,Card
12077,3006,2024-10-17,Completed,Card
12078,217,2025-03-09,Cancelled,Card
12079,335,2025-04-07,Completed,Card
12080,559,2025-02-20,Completed,Card
12081,2912,2025-12-11,Cancelled,Card
12082,874,2024-05-17,Completed,PayPal
12083,753,2025-05-03,Completed,Card
12084,3762,2025-12-30,Completed,Card
12085,594,2024-06-16,Completed,PayPal
12086,2752,2024-05-13,Completed,PayPal
12087,1679,2024-06-09,Completed,PayPal
12088,3898,2025-01-11,Completed,Bank Transfer
12089,4649,2024-11-25,Completed,Card
12090,1483,2025-01-29,Completed,Card
12091,783,2024-06-20,Cancelled,PayPal
12092,2135,2025-04-14,Completed,Bank Transfer
12093,3587,2025-02-25,Completed,Card
12094,3795,2024-09-12,Completed,Card
12095,4609,2025-11-10,Completed,PayPal
12096,984,2024-04-29,Completed,PayPal
12097,4683,2024-01-19,Completed,PayPal
12098,743,2024-09-03,Completed,PayPal
12099,4545,2024-07-23,Completed,Card
12100,4684,2025-02-23,Completed,Card
12101,4356,2024-03-07,Completed,PayPal
12102,3609,2024-12-07,Completed,Card
12103,3272,2024-12-10,Cancelled,Card
12104,2511,2025-11-27,Completed,Card
12105,4011,2025-01-21,Completed,Card
12106,94,2024-12-07,Completed,Card
12107,1376,2024-04-17,Completed,Card
12108,1132,2025-11-07,Completed,Card
12109,2517,2025-09-24,Completed,PayPal
12110,4964,2025-02-05,Completed,PayPal
12111,91,2025-08-18,Completed,Card
12112,1480,2024-10-28,Completed,Card
12113,955,2024-04-16,Completed,Card
12114,2432,2025-09-26,Completed,PayPal
12115,23,2025-08-07,Returned,Card
12116,1726,2025-04-21,Completed,Card
12117,4119,2024-12-02,Completed,Card
12118,3306,2025-04-04,Completed,Card
12119,1722,2024-11-08,Completed,PayPal
12120,1441,2024-06-02,Completed,PayPal
12121,4671,2025-08-31,Completed,Card
12122,2151,2024-12-14,Completed,Card
12123,2548,2025-08-16,Completed,Card
12124,4924,2025-06-12,Completed,Card
12125,3555,2024-10-26,Completed,Card
12126,189,2025-11-22,Completed,Card
12127,460,2025-12-28,Completed,Card
12128,2237,2025-06-17,Completed,PayPal
12129,4447,2024-08-23,Completed,PayPal
12130,581,2024-07-29,Returned,Card
12131,2162,2024-10-12,Completed,Card
12132,4716,2025-02-26,Completed,PayPal
12133,1532,2025-12-19,Completed,Card
12134,1369,2025-05-08,Completed,Card
12135,2435,2025-02-22,Completed,Card
12136,2992,2024-12-10,Completed,Card
12137,2903,2025-06-06,Completed,Card
12138,2531,2024-11-14,Completed,PayPal
12139,473,2024-12-07,Completed,Card
12140,859,2025-01-13,Completed,Card
12141,2990,2025-06-29,Completed,PayPal
12142,2441,2025-09-24,Cancelled,Card
12143,3707,2025-11-25,Completed,Card
12144,1713,2025-08-12,Completed,Bank Transfer
12145,516,2025-09-26,Completed,Card
12146,2394,2024-07-26,Completed,PayPal
12147,1376,2024-07-04,Completed,Bank Transfer
12148,3670,2024-01-17,Completed,PayPal
12149,2391,2024-10-16,Completed,Card
12150,3263,2024-09-10,Returned,Card
12151,4639,2025-09-02,Completed,Card
12152,2867,2025-03-21,Cancelled,Card
12153,1060,2025-03-31,Completed,Card
12154,757,2024-05-26,Completed,Card
12155,3496,2024-04-23,Completed,Card
12156,188,2024-04-06,Completed,PayPal
12157,2382,2025-01-16,Completed,Card
12158,4579,2025-01-10,Completed,Card
12159,2715,2025-05-20,Completed,Card
12160,296,2024-11-17,Completed,Card
12161,3534,2024-11-23,Completed,PayPal
12162,4141,2024-12-14,Cancelled,Bank Transfer
12163,4043,2024-06-18,Completed,Card
12164,2043,2024-11-02,Completed,Card
12165,4271,2024-07-17,Completed,Card
12166,3052,2024-06-25,Completed,Card
12167,1801,2024-05-03,Completed,PayPal
12168,3905,2024-06-05,Completed,Card
12169,3782,2025-08-29,Completed,Bank Transfer
12170,2262,2024-10-12,Completed,PayPal
12171,1523,2025-09-02,Completed,Card
12172,4854,2024-08-22,Completed,Card
12173,1421,2025-12-02,Completed,Card
12174,4593,2024-10-20,Completed,Card
12175,105,2024-01-18,Completed,Card
12176,3624,2024-06-22,Completed,Card
12177,479,2025-02-06,Completed,Card
12178,693,2025-01-15,Completed,PayPal
12179,3039,2024-04-29,Completed,Card
12180,2970,2024-04-05,Completed,Card
12181,194,2024-01-31,Completed,PayPal
12182,1490,2024-04-06,Completed,PayPal
12183,59,2025-04-14,Completed,Card
12184,1887,2025-12-05,Completed,PayPal
12185,3610,2024-02-15,Completed,Card
12186,4574,2024-08-23,Completed,Card
12187,2581,2025-07-14,Completed,PayPal
12188,1969,2024-12-02,Completed,Card
12189,4688,2025-11-04,Completed,PayPal
12190,4935,2024-10-11,Completed,Card
12191,4054,2024-05-13,Completed,PayPal
12192,4645,2025-11-25,Cancelled,Card
12193,3086,2025-06-22,Completed,Card
12194,221,2025-10-13,Completed,Card
12195,876,2024-09-16,Completed,Card
12196,3463,2025-05-17,Completed,PayPal
12197,2726,2025-08-14,Completed,Card
12198,1197,2024-06-28,Completed,Card
12199,2710,2024-09-23,Completed,PayPal
12200,2732,2025-07-17,Completed,Card
12201,336,2024-03-24,Completed,Card
12202,225,2025-02-13,Completed,Card
12203,3942,2024-06-04,Completed,Card
12204,4284,2025-05-04,Completed,Card
12205,1248,2024-11-23,Completed,Card
12206,2691,2025-09-07,Completed,Card
12207,3958,2024-12-11,Cancelled,PayPal
12208,4590,2024-04-06,Completed,Bank Transfer
12209,1887,2025-09-28,Completed,Bank Transfer
12210,311,2024-07-01,Completed,Card
12211,2569,2024-11-22,Completed,PayPal
12212,1605,2025-07-19,Cancelled,Card
12213,3983,2025-11-06,Completed,Card
12214,369,2025-10-22,Completed,PayPal
12215,3547,2025-01-12,Completed,Card
12216,4842,2024-03-27,Completed,Card
12217,998,2025-11-04,Completed,Card
12218,497,2025-11-10,Completed,Card
12219,964,2024-05-14,Completed,Bank Transfer
12220,2005,2024-03-30,Cancelled,PayPal
12221,1199,2025-05-02,Completed,Card
12222,2346,2025-08-15,Completed,PayPal
12223,577,2024-03-29,Completed,Card
12224,3161,2024-10-19,Completed,Card
12225,54,2025-03-21,Completed,Card
12226,3433,2025-02-02,Completed,PayPal
12227,229,2025-05-28,Completed,Card
12228,779,2025-01-29,Returned,PayPal
12229,3831,2024-01-17,Completed,Card
12230,985,2025-12-08,Completed,Card
12231,4469,2025-09-23,Completed,Card
12232,469,2024-08-29,Completed,Bank Transfer
12233,2468,2025-11-16,Completed,PayPal
12234,1850,2025-06-27,Completed,PayPal
12235,532,2025-12-07,Completed,Card
12236,3036,2024-01-04,Completed,Card
12237,562,2024-10-07,Completed,PayPal
12238,90,2025-06-16,Completed,Card
12239,1407,2025-04-15,Completed,Card
12240,4465,2024-08-25,Completed,Card
12241,3146,2025-08-27,Completed,Card
12242,1293,2025-04-22,Completed,PayPal
12243,4111,2024-03-29,Completed,Bank Transfer
12244,3782,2024-04-22,Completed,Card
12245,4068,2025-09-01,Completed,PayPal
12246,3506,2024-05-21,Completed,Card
12247,2392,2025-10-23,Completed,Card
12248,1219,2025-07-13,Completed,PayPal
12249,1946,2024-02-20,Completed,Bank Transfer
12250,2253,2024-07-26,Returned,Bank Transfer
12251,3892,2025-06-06,Completed,PayPal
12252,1675,2025-05-22,Completed,Card
12253,776,2024-09-26,Completed,Card
12254,4782,2024-09-19,Completed,Card
12255,3568,2025-12-09,Completed,PayPal
12256,2766,2024-07-04,Completed,Card
12257,225,2024-08-08,Completed,Card
12258,64,2024-03-21,Completed,Card
12259,1788,2025-02-12,Completed,PayPal
12260,3851,2025-11-12,Completed,Card
12261,1376,2024-03-26,Completed,Card
12262,3535,2025-07-09,Cancelled,Card
12263,3916,2024-04-13,Completed,Card
12264,4453,2024-10-10,Completed,Card
12265,93,2025-04-04,Completed,Card
12266,2743,2025-11-30,Completed,Card
12267,1678,2025-04-05,Returned,Bank Transfer
12268,3667,2024-04-30,Completed,PayPal
12269,3865,2025-10-22,Completed,PayPal
12270,2482,2024-12-17,Completed,PayPal
12271,4937,2025-03-15,Cancelled,PayPal
12272,1402,2025-07-22,Completed,Card
12273,1607,2024-07-07,Completed,Card
12274,3957,2025-07-03,Returned,Card
12275,3410,2025-12-13,Completed,Card
12276,3072,2024-08-16,Completed,Card
12277,898,2025-01-20,Completed,Card
12278,2932,2024-05-10,Completed,PayPal
12279,4588,2024-06-19,Completed,Card
12280,3714,2024-11-25,Completed,Card
12281,3132,2024-02-04,Completed,Bank Transfer
12282,1533,2024-07-19,Completed,Card
12283,1978,2024-06-16,Completed,PayPal
12284,1799,2025-05-23,Completed,Card
12285,1352,2025-05-25,Completed,Card
12286,1839,2024-09-02,Completed,Card
12287,2561,2024-08-11,Completed,PayPal
12288,2992,2024-12-06,Completed,Card
12289,1664,2025-07-23,Completed,Card
12290,2398,2025-06-20,Completed,Bank Transfer
12291,3204,2025-03-15,Completed,Card
12292,4642,2025-06-27,Completed,Card
12293,599,2025-09-13,Completed,PayPal
12294,2045,2025-09-04,Completed,PayPal
12295,259,2024-05-29,Completed,Card
12296,4572,2025-12-05,Completed,PayPal
12297,1906,2025-09-12,Completed,Bank Transfer
12298,3020,2024-12-21,Completed,PayPal
12299,388,2025-06-16,Completed,Card
12300,3870,2025-01-07,Cancelled,PayPal
12301,1862,2025-02-15,Returned,PayPal
12302,3633,2024-09-08,Completed,PayPal
12303,798,2024-01-14,Completed,PayPal
12304,2504,2024-08-02,Completed,Card
12305,4021,2025-06-19,Completed,Card
12306,1926,2024-01-20,Completed,PayPal
12307,3955,2025-05-02,Completed,Card
12308,1628,2025-12-14,Completed,PayPal
12309,4313,2025-03-11,Completed,Bank Transfer
12310,789,2024-11-16,Completed,Card
12311,2057,2024-02-21,Returned,Card
12312,1064,2024-12-22,Completed,Card
12313,4469,2025-11-28,Completed,Card
12314,1448,2025-12-19,Completed,PayPal
12315,515,2025-08-29,Completed,Card
12316,4460,2024-12-13,Cancelled,PayPal
12317,1914,2024-11-21,Completed,PayPal
12318,1952,2025-06-10,Completed,Card
12319,774,2025-11-17,Completed,Card
12320,329,2024-08-06,Completed,Card
12321,794,2025-06-05,Returned,Card
12322,962,2025-02-08,Completed,PayPal
12323,4693,2024-01-19,Completed,Bank Transfer
12324,1411,2025-08-02,Completed,Bank Transfer
12325,1138,2024-10-20,Completed,Card
12326,4667,2024-01-15,Completed,Card
12327,1569,2024-11-21,Completed,Card
12328,4473,2025-09-17,Completed,PayPal
12329,3275,2024-06-06,Completed,PayPal
12330,3274,2024-04-13,Returned,Bank Transfer
12331,3470,2025-08-20,Completed,Card
12332,1964,2025-08-28,Completed,Card
12333,2166,2025-11-16,Completed,Card
12334,4637,2024-10-08,Completed,PayPal
12335,3573,2024-05-26,Completed,Card
12336,1876,2025-05-28,Completed,PayPal
12337,1237,2024-03-08,Completed,PayPal
12338,2747,2025-05-18,Completed,Card
12339,4209,2024-03-09,Completed,PayPal
12340,4469,2025-07-12,Completed,Card
12341,2347,2025-02-16,Completed,Card
12342,1043,2024-03-04,Completed,Card
12343,4872,2025-08-14,Completed,Card
12344,4767,2024-08-24,Completed,Card
12345,4107,2025-01-30,Completed,Card
12346,8,2024-05-18,Cancelled,PayPal
12347,3697,2024-11-11,Completed,Card
12348,3732,2025-10-27,Cancelled,PayPal
12349,1574,2025-02-26,Completed,PayPal
12350,461,2024-05-11,Completed,PayPal
12351,3307,2024-08-13,Completed,PayPal
12352,2303,2025-08-26,Returned,PayPal
12353,2634,2025-04-17,Completed,PayPal
12354,1352,2024-04-27,Completed,Card
12355,362,2025-09-29,Completed,Card
12356,788,2024-12-04,Cancelled,Card
12357,209,2025-02-22,Completed,PayPal
12358,267,2025-03-10,Completed,Card
12359,4752,2024-06-27,Completed,PayPal
12360,554,2025-04-06,Completed,Card
12361,1588,2025-08-19,Cancelled,PayPal
12362,4517,2025-11-06,Completed,Card
12363,1119,2025-12-18,Cancelled,Card
12364,1514,2024-04-13,Completed,Bank Transfer
12365,1927,2024-04-23,Completed,PayPal
12366,3404,2025-11-30,Cancelled,PayPal
12367,3062,2024-09-27,Completed,Card
12368,221,2025-07-16,Completed,Bank Transfer
12369,2345,2024-11-01,Completed,PayPal
12370,1972,2025-09-14,Completed,Card
12371,4439,2024-02-24,Completed,Card
12372,4689,2025-06-07,Completed,Card
12373,4065,2025-03-09,Completed,PayPal
12374,1985,2024-07-08,Completed,PayPal
12375,892,2025-01-23,Completed,Card
12376,4803,2025-10-28,Completed,Card
12377,3527,2024-11-30,Completed,PayPal
12378,1206,2024-12-11,Completed,Card
12379,4853,2024-09-21,Completed,PayPal
12380,1219,2024-04-13,Completed,Card
12381,1856,2025-11-05,Completed,Card
12382,2000,2024-05-20,Completed,Card
12383,2436,2025-07-09,Cancelled,Card
12384,2975,2024-08-26,Cancelled,PayPal
12385,3099,2025-03-05,Completed,Card
12386,3387,2025-08-31,Completed,Card
12387,4544,2024-04-07,Completed,PayPal
12388,1817,2025-04-05,Completed,Card
12389,1778,2025-07-18,Completed,Card
12390,2505,2025-09-12,Completed,PayPal
12391,2940,2024-09-13,Completed,Card
12392,839,2024-01-11,Completed,Card
12393,2702,2024-06-26,Completed,Card
12394,4760,2025-01-27,Completed,Card
12395,4861,2024-10-20,Completed,Card
12396,3139,2025-01-31,Completed,Bank Transfer
12397,176,2025-01-23,Completed,Card
12398,4606,2025-06-20,Completed,PayPal
12399,3687,2025-09-29,Completed,Card
12400,3163,2024-09-22,Completed,Card
12401,2753,2024-05-12,Completed,Card
12402,1190,2024-10-04,Completed,Card
12403,4698,2025-07-07,Completed,Card
12404,838,2024-04-10,Completed,PayPal
12405,3899,2025-02-07,Completed,Card
12406,3852,2024-10-10,Completed,PayPal
12407,2734,2024-10-03,Completed,Card
12408,3811,2024-05-18,Completed,PayPal
12409,2654,2024-08-08,Completed,Card
12410,3251,2024-03-09,Completed,Card
12411,3350,2024-06-25,Completed,PayPal
12412,3311,2025-01-07,Completed,Card
12413,4681,2025-12-09,Completed,Card
12414,2387,2025-06-28,Completed,Card
12415,374,2024-10-27,Completed,Card
12416,4676,2024-08-15,Returned,PayPal
12417,4613,2025-10-09,Completed,Card
12418,1262,2025-01-06,Completed,PayPal
12419,121,2025-10-07,Completed,Bank Transfer
12420,3846,2025-02-02,Completed,Card
12421,2885,2024-05-22,Completed,Card
12422,2618,2024-05-16,Cancelled,Bank Transfer
12423,4139,2025-07-26,Completed,Card
12424,3269,2024-02-25,Completed,Card
12425,2043,2025-10-06,Completed,PayPal
12426,2120,2025-01-16,Completed,PayPal
12427,491,2025-04-15,Completed,PayPal
12428,4845,2024-07-26,Completed,Card
12429,3046,2025-09-29,Completed,Card
12430,383,2025-09-26,Completed,Card
12431,805,2024-02-04,Cancelled,Card
12432,1178,2024-09-22,Returned,Card
12433,2218,2025-08-25,Completed,PayPal
12434,1296,2024-01-21,Completed,Card
12435,918,2024-05-19,Completed,Card
12436,4247,2024-09-21,Completed,Card
12437,4527,2025-02-03,Completed,Bank Transfer
12438,2415,2025-04-01,Completed,PayPal
12439,651,2024-04-29,Completed,PayPal
12440,4916,2025-01-17,Completed,PayPal
12441,2287,2025-06-18,Completed,Card
12442,2752,2024-02-08,Returned,Bank Transfer
12443,3199,2025-10-01,Completed,Card
12444,942,2024-01-22,Completed,Card
12445,541,2025-07-20,Completed,Bank Transfer
12446,2681,2024-02-16,Completed,Card
12447,3728,2025-06-22,Completed,PayPal
12448,2530,2025-01-18,Cancelled,Card
12449,1203,2025-04-26,Completed,Card
12450,4965,2024-02-17,Completed,Bank Transfer
12451,651,2025-11-09,Completed,Bank Transfer
12452,3007,2024-03-21,Cancelled,Bank Transfer
12453,4533,2025-09-21,Completed,Card
12454,2905,2024-02-14,Completed,Card
12455,314,2024-10-01,Cancelled,Card
12456,4115,2025-11-23,Completed,PayPal
12457,1184,2024-11-06,Completed,PayPal
12458,4914,2024-08-19,Completed,Bank Transfer
12459,122,2024-03-26,Returned,PayPal
12460,169,2024-04-14,Completed,Card
12461,3683,2024-06-25,Completed,Card
12462,4725,2025-08-12,Completed,Card
12463,4122,2025-09-29,Completed,Card
12464,3969,2024-07-07,Completed,Card
12465,4018,2024-02-29,Cancelled,Card
12466,3698,2024-08-07,Cancelled,PayPal
12467,1730,2025-08-10,Completed,Card
12468,3556,2025-08-25,Completed,Card
12469,1119,2024-04-25,Completed,Card
12470,2169,2025-04-14,Completed,Card
12471,4222,2024-06-15,Completed,Card
12472,4782,2025-09-29,Completed,PayPal
12473,3117,2025-03-20,Completed,PayPal
12474,4731,2024-08-20,Completed,Bank Transfer
12475,2430,2024-04-23,Cancelled,PayPal
12476,2008,2025-05-22,Completed,Card
12477,1051,2025-09-03,Returned,Card
12478,705,2024-05-30,Completed,PayPal
12479,2900,2025-08-06,Completed,Card
12480,3208,2025-01-04,Completed,Card
12481,707,2024-12-14,Completed,Card
12482,3833,2024-06-15,Completed,Card
12483,2009,2024-03-12,Completed,Card
12484,4722,2024-12-18,Completed,PayPal
12485,4622,2024-01-11,Completed,Card
12486,1598,2025-09-29,Completed,PayPal
12487,1067,2024-06-01,Completed,PayPal
12488,1947,2024-06-10,Completed,Card
12489,2800,2025-01-20,Completed,Card
12490,96,2025-11-21,Completed,PayPal
12491,2075,2024-05-23,Completed,Card
12492,4932,2024-05-18,Completed,Card
12493,1919,2024-07-24,Completed,PayPal
12494,1266,2024-04-05,Completed,Card
12495,2535,2025-12-26,Cancelled,Card
12496,240,2025-08-03,Completed,Card
12497,1328,2024-12-21,Completed,PayPal
12498,1143,2025-04-15,Completed,Card
12499,3224,2024-11-13,Completed,Card
12500,3849,2025-05-26,Completed,Card
12501,1416,2024-01-19,Completed,Card
12502,2399,2025-02-16,Completed,Card
12503,761,2025-02-10,Completed,Card
12504,3643,2025-02-05,Completed,PayPal
12505,1553,2024-04-10,Completed,Card
12506,863,2025-08-15,Completed,Card
12507,4036,2025-11-25,Completed,Card
12508,1156,2024-01-18,Completed,PayPal
12509,357,2024-06-03,Completed,PayPal
12510,1672,2024-05-08,Completed,Card
12511,1329,2024-11-10,Completed,Card
12512,1030,2024-12-31,Completed,Card
12513,2377,2025-04-06,Completed,PayPal
12514,3242,2024-06-09,Completed,Card
12515,1992,2025-09-22,Completed,Card
12516,3872,2025-01-10,Completed,Card
12517,2386,2024-11-27,Completed,PayPal
12518,3141,2025-11-15,Completed,PayPal
12519,882,2025-10-26,Completed,Card
12520,539,2024-01-20,Completed,PayPal
12521,4833,2025-06-29,Completed,PayPal
12522,1858,2025-07-25,Completed,Card
12523,3558,2025-04-06,Completed,Card
12524,4539,2024-06-06,Returned,Card
12525,2197,2024-12-29,Cancelled,Card
12526,1951,2025-12-18,Completed,Card
12527,1611,2025-08-27,Completed,PayPal
12528,3164,2025-12-30,Completed,Card
12529,4464,2024-11-18,Completed,Card
12530,4008,2024-03-29,Completed,Card
12531,4676,2024-06-21,Completed,PayPal
12532,4752,2024-02-09,Completed,Card
12533,227,2024-07-21,Completed,Card
12534,592,2025-07-12,Completed,PayPal
12535,4120,2024-08-30,Completed,PayPal
12536,2076,2025-05-20,Completed,Bank Transfer
12537,4949,2024-03-28,Cancelled,PayPal
12538,2672,2025-10-30,Completed,Card
12539,1369,2025-11-04,Cancelled,PayPal
12540,2023,2025-06-15,Completed,Card
12541,2079,2025-10-21,Completed,Card
12542,3951,2025-12-13,Completed,Bank Transfer
12543,3882,2024-05-30,Completed,PayPal
12544,3322,2024-04-09,Returned,PayPal
12545,4146,2024-09-03,Completed,Card
12546,2437,2025-09-16,Completed,PayPal
12547,1805,2025-06-20,Completed,Card
12548,3360,2025-05-10,Completed,Card
12549,1731,2024-10-15,Completed,Card
12550,3663,2025-02-18,Completed,Card
12551,2974,2025-09-06,Completed,Card
12552,1030,2024-03-19,Completed,PayPal
12553,412,2025-01-19,Cancelled,Card
12554,1982,2025-03-13,Completed,Card
12555,662,2025-06-11,Completed,Card
12556,1348,2024-12-06,Completed,Bank Transfer
12557,3471,2024-02-28,Completed,PayPal
12558,1306,2025-12-06,Completed,Bank Transfer
12559,4287,2025-09-28,Completed,Bank Transfer
12560,2834,2025-06-27,Completed,PayPal
12561,4681,2025-11-20,Completed,Card
12562,1854,2024-08-06,Completed,PayPal
12563,4596,2024-04-09,Completed,Card
12564,4676,2024-04-12,Completed,PayPal
12565,816,2025-09-21,Cancelled,PayPal
12566,3506,2024-04-28,Cancelled,Card
12567,1477,2024-01-07,Completed,PayPal
12568,3514,2025-01-22,Completed,Bank Transfer
12569,2038,2025-04-22,Cancelled,Card
12570,1331,2025-06-05,Completed,Card
12571,4876,2024-10-07,Completed,Card
12572,3807,2024-02-11,Completed,PayPal
12573,1150,2025-07-12,Completed,PayPal
12574,7,2024-04-05,Completed,Card
12575,1437,2025-05-18,Completed,Bank Transfer
12576,3251,2024-09-02,Completed,Card
12577,3540,2024-08-11,Completed,Card
12578,695,2024-04-23,Completed,Bank Transfer
12579,2966,2025-06-27,Completed,Bank Transfer
12580,3300,2024-11-25,Completed,Card
12581,4844,2025-05-17,Completed,Bank Transfer
12582,4242,2024-06-01,Completed,Card
12583,3368,2024-08-04,Completed,Card
12584,4953,2025-05-03,Completed,PayPal
12585,4383,2024-09-28,Completed,Card
12586,26,2025-02-03,Completed,Card
12587,4548,2024-12-15,Completed,PayPal
12588,2154,2025-02-25,Completed,Card
12589,4336,2024-09-17,Completed,Card
12590,3490,2025-06-02,Completed,PayPal
12591,332,2025-12-17,Completed,Card
12592,645,2024-09-20,Completed,PayPal
12593,1853,2024-11-13,Completed,Bank Transfer
12594,4131,2025-12-14,Completed,PayPal
12595,2924,2024-04-25,Completed,Card
12596,2432,2024-07-30,Completed,PayPal
12597,3585,2024-06-08,Completed,Card
12598,3810,2025-04-21,Completed,Card
12599,811,2025-10-02,Completed,PayPal
12600,1312,2024-05-27,Completed,Card
12601,2796,2025-03-22,Cancelled,Card
12602,1895,2024-03-18,Completed,Card
12603,3007,2024-09-18,Completed,PayPal
12604,4301,2024-02-21,Cancelled,Card
12605,2071,2024-09-14,Completed,Card
12606,2657,2025-07-04,Cancelled,Card
12607,4135,2024-09-04,Completed,Bank Transfer
12608,4269,2024-10-14,Completed,Bank Transfer
12609,4856,2024-09-10,Completed,Card
12610,3485,2025-09-19,Completed,Card
12611,414,2025-12-09,Completed,Card
12612,692,2024-08-01,Completed,Card
12613,2663,2024-04-01,Completed,Card
12614,4118,2025-06-27,Cancelled,Card
12615,2699,2025-08-27,Completed,Card
12616,4310,2024-08-19,Completed,Card
12617,920,2025-10-04,Completed,Bank Transfer
12618,907,2024-01-13,Completed,Card
12619,3211,2025-06-16,Completed,Card
12620,3729,2025-03-20,Completed,PayPal
12621,2720,2025-05-17,Completed,Card
12622,3667,2025-06-09,Completed,Card
12623,4896,2025-09-10,Completed,PayPal
12624,2365,2025-02-09,Completed,Card
12625,793,2025-10-01,Completed,PayPal
12626,576,2025-06-27,Completed,Card
12627,1728,2025-11-11,Cancelled,Bank Transfer
12628,3228,2024-10-14,Completed,Card
12629,3572,2025-03-01,Completed,Card
12630,4187,2025-03-11,Completed,PayPal
12631,3726,2024-03-21,Completed,PayPal
12632,4857,2025-05-02,Completed,PayPal
12633,3367,2024-06-30,Completed,Card
12634,4866,2024-12-23,Completed,Card
12635,1361,2025-12-02,Completed,PayPal
12636,2049,2024-09-11,Cancelled,PayPal
12637,2976,2024-06-14,Returned,Card
12638,3197,2025-04-09,Completed,Card
12639,1088,2024-09-12,Completed,Bank Transfer
12640,206,2025-02-26,Completed,PayPal
12641,3487,2024-07-16,Completed,Bank Transfer
12642,3316,2024-07-31,Completed,Card
12643,623,2025-07-10,Completed,Card
12644,1678,2025-06-08,Completed,Card
12645,3288,2024-02-21,Completed,Card
12646,3013,2024-09-21,Completed,Card
12647,3013,2024-11-20,Completed,Card
12648,3638,2025-07-08,Completed,Card
12649,2701,2024-01-07,Completed,PayPal
12650,1872,2024-02-13,Completed,Card
12651,79,2024-06-20,Completed,Card
12652,1477,2024-04-11,Completed,Card
12653,4735,2025-08-02,Completed,Card
12654,3229,2025-09-25,Completed,PayPal
12655,2336,2025-08-11,Completed,Card
12656,1726,2024-10-22,Completed,Card
12657,1115,2024-07-23,Completed,PayPal
12658,161,2025-05-05,Cancelled,PayPal
12659,1426,2024-11-13,Completed,PayPal
12660,1734,2024-06-19,Completed,Card
12661,4416,2024-08-05,Completed,Bank Transfer
12662,2412,2025-05-15,Completed,Card
12663,3961,2024-07-11,Completed,PayPal
12664,2523,2024-11-28,Completed,Card
12665,4862,2024-06-01,Completed,Card
12666,602,2025-07-06,Completed,PayPal
12667,2360,2024-01-23,Completed,Card
12668,1556,2025-11-28,Completed,Card
12669,4685,2024-08-03,Completed,PayPal
12670,1521,2024-02-12,Completed,Bank Transfer
12671,2391,2024-12-26,Completed,Card
12672,906,2025-09-16,Completed,Card
12673,1651,2025-02-17,Returned,Card
12674,1118,2025-02-21,Completed,Bank Transfer
12675,1525,2025-09-13,Completed,PayPal
12676,4268,2025-10-11,Completed,Card
12677,4722,2025-09-08,Completed,Card
12678,3081,2024-11-11,Completed,Card
12679,4778,2025-10-13,Completed,PayPal
12680,3241,2025-03-05,Completed,Card
12681,4407,2025-05-13,Completed,PayPal
12682,3802,2024-12-14,Completed,PayPal
12683,1936,2024-03-15,Cancelled,PayPal
12684,3628,2024-08-20,Completed,PayPal
12685,4381,2025-12-24,Completed,Card
12686,3710,2025-07-23,Completed,Card
12687,2543,2024-02-07,Returned,Card
12688,4451,2024-09-18,Completed,Card
12689,200,2025-03-21,Completed,PayPal
12690,2184,2024-07-30,Completed,Card
12691,2676,2025-04-02,Completed,PayPal
12692,4037,2025-10-11,Cancelled,Card
12693,3494,2024-10-08,Completed,Card
12694,3973,2025-07-23,Cancelled,Card
12695,1365,2025-07-18,Completed,Card
12696,1853,2024-07-24,Completed,Bank Transfer
12697,4438,2024-01-05,Completed,Card
12698,3602,2025-09-10,Completed,Card
12699,388,2024-08-30,Completed,Card
12700,4100,2024-05-27,Completed,PayPal
12701,4773,2025-11-21,Completed,Card
12702,1663,2025-11-16,Completed,Bank Transfer
12703,2459,2024-11-18,Completed,Card
12704,213,2025-01-21,Completed,Card
12705,4656,2025-01-27,Completed,PayPal
12706,558,2025-10-12,Completed,Bank Transfer
12707,2606,2025-11-17,Completed,Card
12708,3120,2024-09-06,Completed,Bank Transfer
12709,3704,2025-03-03,Completed,Card
12710,2692,2025-01-03,Completed,Card
12711,1995,2025-10-09,Completed,PayPal
12712,475,2025-03-22,Completed,Bank Transfer
12713,1768,2024-01-22,Completed,Card
12714,42,2025-07-03,Completed,Card
12715,2652,2025-06-22,Completed,Card
12716,2096,2024-10-08,Completed,Card
12717,3993,2024-10-05,Completed,Card
12718,1987,2024-04-29,Completed,PayPal
12719,3866,2024-09-09,Completed,PayPal
12720,3658,2025-04-21,Completed,Card
12721,4824,2024-03-05,Completed,Card
12722,3518,2025-08-08,Cancelled,PayPal
12723,2269,2024-10-29,Completed,PayPal
12724,1645,2024-11-12,Completed,Card
12725,940,2024-06-22,Cancelled,Card
12726,4439,2025-02-18,Completed,PayPal
12727,3310,2024-09-16,Completed,PayPal
12728,2986,2024-10-11,Completed,PayPal
12729,4937,2024-03-13,Completed,PayPal
12730,2028,2024-03-19,Completed,PayPal
12731,3128,2024-02-13,Completed,PayPal
12732,4990,2024-01-03,Completed,Card
12733,4134,2025-03-18,Completed,Card
12734,1365,2024-03-19,Completed,PayPal
12735,851,2025-01-11,Completed,Card
12736,231,2025-11-23,Completed,Card
12737,2500,2024-05-18,Completed,Card
12738,2305,2024-01-07,Cancelled,Card
12739,2482,2025-12-25,Completed,Card
12740,4305,2025-05-27,Completed,Card
12741,3712,2025-11-26,Completed,Bank Transfer
12742,2904,2025-12-27,Completed,Card
12743,3466,2024-03-17,Completed,Bank Transfer
12744,2769,2024-02-12,Completed,Card
12745,2893,2024-06-05,Completed,Card
12746,2084,2025-06-13,Completed,Card
12747,1239,2024-08-07,Completed,PayPal
12748,2075,2025-08-07,Completed,PayPal
12749,2066,2024-07-08,Completed,Card
12750,630,2024-09-18,Completed,Card
12751,3209,2024-05-23,Completed,Card
12752,4675,2025-04-29,Completed,Card
12753,903,2025-10-02,Completed,Card
12754,1054,2024-10-04,Completed,Card
12755,123,2025-12-02,Completed,PayPal
12756,957,2025-10-24,Cancelled,PayPal
12757,987,2024-11-02,Completed,Card
12758,1252,2025-08-29,Completed,Bank Transfer
12759,4434,2025-07-03,Completed,Card
12760,991,2024-06-04,Completed,Card
12761,2321,2024-10-26,Completed,Card
12762,902,2024-12-12,Completed,Card
12763,2087,2025-02-26,Completed,PayPal
12764,3993,2025-03-01,Completed,PayPal
12765,4522,2024-02-11,Completed,Card
12766,4710,2024-11-11,Completed,Card
12767,3581,2025-09-29,Completed,Card
12768,2803,2024-03-17,Completed,Card
12769,2205,2024-04-05,Completed,Card
12770,872,2024-09-19,Completed,Card
12771,2825,2025-09-14,Completed,PayPal
12772,2903,2024-07-23,Completed,Card
12773,4731,2024-10-14,Completed,PayPal
12774,2504,2024-09-19,Completed,Card
12775,3404,2025-08-10,Completed,Card
12776,2192,2025-10-16,Completed,PayPal
12777,3883,2024-11-10,Completed,Card
12778,4583,2025-01-03,Completed,Card
12779,3208,2025-08-19,Completed,Bank Transfer
12780,3659,2024-09-08,Completed,PayPal
12781,3098,2024-11-28,Completed,Card
12782,3079,2025-03-01,Completed,PayPal
12783,2639,2024-10-21,Completed,PayPal
12784,3087,2025-10-03,Completed,PayPal
12785,2947,2024-10-11,Completed,Card
12786,3472,2024-11-12,Completed,Card
12787,4303,2025-05-26,Completed,PayPal
12788,1625,2024-01-29,Completed,Card
12789,2958,2024-10-20,Completed,Bank Transfer
12790,3288,2024-01-07,Completed,PayPal
12791,1526,2025-06-25,Completed,PayPal
12792,1483,2024-08-02,Completed,PayPal
12793,259,2025-09-18,Completed,Bank Transfer
12794,454,2024-08-02,Completed,PayPal
12795,799,2024-06-12,Completed,Card
12796,4471,2024-06-18,Cancelled,Card
12797,2512,2024-08-08,Completed,Bank Transfer
12798,4171,2024-09-16,Completed,PayPal
12799,242,2025-12-24,Returned,PayPal
12800,1713,2024-09-17,Completed,Card
12801,4219,2025-10-03,Cancelled,Card
12802,2003,2025-09-08,Completed,Card
12803,3328,2025-07-19,Completed,Card
12804,2282,2025-09-11,Completed,Card
12805,497,2025-04-16,Completed,Card
12806,3112,2024-09-11,Completed,PayPal
12807,727,2024-10-04,Completed,Card
12808,1832,2025-07-12,Completed,PayPal
12809,1822,2025-10-07,Cancelled,Card
12810,1817,2024-01-24,Completed,PayPal
12811,92,2025-03-08,Completed,Card
12812,3433,2025-09-20,Completed,Card
12813,1970,2025-04-22,Completed,Card
12814,2385,2025-05-08,Completed,PayPal
12815,3680,2025-01-16,Completed,PayPal
12816,4609,2025-01-08,Cancelled,PayPal
12817,603,2025-07-06,Completed,Card
12818,428,2024-11-18,Returned,Card
12819,2020,2024-03-29,Completed,Card
12820,1457,2024-04-01,Completed,Card
12821,7,2025-01-11,Completed,Card
12822,2435,2024-03-21,Completed,Card
12823,1374,2025-10-03,Completed,Card
12824,641,2025-08-25,Completed,Card
12825,3763,2024-04-09,Completed,Card
12826,4006,2025-08-12,Completed,Card
12827,2231,2025-07-08,Completed,PayPal
12828,4661,2024-05-02,Completed,Card
12829,3812,2025-01-30,Completed,Bank Transfer
12830,3307,2024-01-23,Completed,Card
12831,446,2025-10-17,Completed,Card
12832,3942,2025-06-02,Completed,Card
12833,4296,2024-10-03,Completed,Card
12834,2996,2025-11-28,Completed,PayPal
12835,513,2024-04-04,Returned,Card
12836,990,2025-01-16,Completed,Card
12837,1402,2025-01-11,Completed,PayPal
12838,1813,2024-01-25,Completed,PayPal
12839,546,2024-10-17,Completed,Card
12840,2534,2024-08-14,Completed,Card
12841,2010,2024-06-21,Completed,Card
12842,3433,2025-10-08,Completed,Bank Transfer
12843,4086,2025-03-28,Cancelled,Bank Transfer
12844,2216,2024-10-14,Completed,Bank Transfer
12845,4986,2024-03-09,Completed,Card
12846,3666,2024-10-07,Completed,Bank Transfer
12847,828,2024-12-07,Completed,Card
12848,2185,2024-11-28,Completed,PayPal
12849,2163,2025-01-20,Completed,Card
12850,1276,2024-12-07,Completed,Card
12851,1517,2024-11-12,Cancelled,Card
12852,1313,2024-11-02,Completed,Card
12853,3524,2024-06-21,Completed,Card
12854,516,2025-06-27,Completed,Bank Transfer
12855,4784,2024-07-18,Completed,Card
12856,1020,2025-08-14,Completed,Bank Transfer
12857,1296,2024-03-15,Completed,Card
12858,1050,2025-08-19,Completed,Card
12859,2341,2024-08-04,Completed,PayPal
12860,1258,2025-09-24,Completed,Card
12861,2279,2025-06-15,Completed,Card
12862,2986,2025-03-24,Completed,Bank Transfer
12863,3870,2025-10-22,Completed,Bank Transfer
12864,1145,2024-01-07,Completed,PayPal
12865,4614,2025-01-27,Completed,Bank Transfer
12866,706,2025-08-20,Completed,PayPal
12867,2425,2025-01-20,Cancelled,PayPal
12868,3572,2025-05-15,Completed,PayPal
12869,1935,2024-05-26,Completed,Card
12870,2485,2024-11-11,Completed,Card
12871,1746,2025-03-29,Completed,Card
12872,970,2024-07-05,Completed,PayPal
12873,2547,2024-11-20,Cancelled,Card
12874,2648,2024-11-13,Completed,Card
12875,778,2025-01-28,Completed,PayPal
12876,1334,2025-01-13,Completed,Bank Transfer
12877,2118,2025-12-05,Completed,Card
12878,2389,2025-04-18,Completed,PayPal
12879,3104,2025-11-30,Completed,Card
12880,3115,2024-01-18,Completed,PayPal
12881,4214,2024-05-28,Completed,Card
12882,2937,2025-07-11,Completed,PayPal
12883,4111,2024-01-12,Completed,Card
12884,1346,2025-04-06,Completed,Card
12885,2042,2025-09-16,Completed,Bank Transfer
12886,2675,2024-06-08,Completed,Card
12887,1556,2025-11-25,Completed,Card
12888,690,2025-07-20,Completed,PayPal
12889,4870,2024-09-22,Completed,Card
12890,3453,2025-06-30,Completed,PayPal
12891,1535,2024-03-20,Completed,Card
12892,120,2025-06-01,Cancelled,Card
12893,4160,2025-09-30,Completed,Card
12894,4556,2024-03-08,Completed,Card
12895,4055,2025-12-02,Completed,Card
12896,2853,2024-08-31,Completed,Bank Transfer
12897,1614,2024-01-09,Completed,Card
12898,3034,2024-06-05,Completed,Card
12899,2784,2025-08-05,Cancelled,Card
12900,2937,2025-04-08,Completed,Card
12901,4064,2025-10-07,Completed,Card
12902,3889,2024-10-26,Completed,Card
12903,3785,2024-11-15,Completed,PayPal
12904,2627,2024-09-05,Completed,Card
12905,3545,2024-11-18,Completed,Card
12906,1150,2025-07-09,Completed,PayPal
12907,4803,2025-09-19,Completed,Card
12908,1710,2025-04-06,Completed,Card
12909,3159,2025-02-01,Completed,Card
12910,1367,2025-01-27,Completed,Card
12911,4050,2024-08-15,Completed,Card
12912,4491,2025-07-22,Completed,PayPal
12913,4580,2024-08-31,Completed,PayPal
12914,4762,2024-02-26,Cancelled,Card
12915,456,2024-05-22,Completed,Card
12916,4306,2024-07-10,Completed,Card
12917,4621,2025-06-02,Completed,Card
12918,676,2025-02-07,Completed,PayPal
12919,1002,2024-10-01,Completed,PayPal
12920,4072,2025-10-07,Cancelled,PayPal
12921,896,2024-02-08,Completed,PayPal
12922,2355,2024-07-11,Completed,PayPal
12923,3094,2024-11-22,Completed,Card
12924,60,2025-04-27,Completed,Card
12925,4482,2024-01-25,Completed,Card
12926,2765,2024-04-11,Completed,Card
12927,1795,2025-10-24,Completed,PayPal
12928,3263,2024-08-04,Returned,PayPal
12929,2530,2024-09-23,Completed,Bank Transfer
12930,1943,2024-06-10,Completed,Card
12931,3488,2024-10-13,Completed,PayPal
12932,4892,2025-11-08,Completed,PayPal
12933,4988,2024-09-03,Cancelled,PayPal
12934,3422,2024-06-22,Completed,Card
12935,4697,2025-01-30,Completed,Card
12936,4079,2024-01-09,Completed,Card
12937,1374,2025-03-23,Completed,Card
12938,3554,2025-07-24,Completed,PayPal
12939,3673,2025-08-19,Completed,PayPal
12940,1083,2025-10-23,Cancelled,Card
12941,4248,2024-11-16,Completed,Card
12942,934,2025-07-25,Completed,Card
12943,2588,2024-05-04,Completed,Card
12944,4086,2024-02-10,Cancelled,Card
12945,558,2024-12-02,Completed,Card
12946,4714,2025-11-15,Completed,Card
12947,4120,2024-11-21,Completed,Card
12948,1543,2025-11-15,Cancelled,Card
12949,2383,2024-07-04,Completed,Bank Transfer
12950,4099,2024-08-28,Completed,Card
12951,1008,2024-12-04,Completed,PayPal
12952,1282,2024-04-03,Cancelled,PayPal
12953,4359,2025-02-19,Completed,PayPal
12954,121,2024-03-03,Completed,Bank Transfer
12955,4117,2025-06-03,Completed,PayPal
12956,905,2025-12-25,Completed,PayPal
12957,140,2024-07-27,Completed,Card
12958,1816,2024-07-27,Cancelled,Card
12959,4302,2025-01-10,Completed,PayPal
12960,4139,2024-03-25,Completed,Card
12961,1029,2024-07-25,Completed,Card
12962,2255,2024-12-12,Completed,Card
12963,345,2025-10-26,Completed,PayPal
12964,2420,2024-06-09,Completed,Card
12965,3304,2025-03-25,Completed,PayPal
12966,3236,2024-04-25,Completed,Card
12967,2595,2024-12-27,Completed,Card
12968,1388,2024-09-07,Completed,Bank Transfer
12969,4018,2024-07-01,Completed,PayPal
12970,984,2025-11-06,Completed,PayPal
12971,4431,2024-11-23,Completed,Card
12972,2123,2025-08-14,Completed,Card
12973,2995,2024-01-07,Cancelled,Bank Transfer
12974,2901,2025-08-21,Completed,Card
12975,776,2025-06-03,Completed,Card
12976,3919,2025-01-21,Completed,PayPal
12977,4982,2025-01-04,Completed,Card
12978,736,2025-07-01,Completed,PayPal
12979,1487,2025-09-03,Returned,Card
12980,396,2024-03-19,Completed,Bank Transfer
12981,4779,2024-08-08,Completed,Card
12982,2002,2025-12-08,Cancelled,Card
12983,3448,2025-08-21,Completed,Card
12984,364,2025-07-23,Completed,PayPal
12985,3288,2025-02-15,Completed,Card
12986,1855,2025-04-23,Completed,Bank Transfer
12987,4189,2025-11-12,Completed,Card
12988,4362,2024-04-06,Completed,Card
12989,744,2025-10-19,Completed,Card
12990,374,2025-01-27,Cancelled,PayPal
12991,4190,2025-04-12,Completed,Card
12992,4128,2025-01-05,Completed,Bank Transfer
12993,3735,2025-01-27,Cancelled,PayPal
12994,4085,2024-01-18,Completed,Card
12995,140,2024-07-02,Completed,Card
12996,3021,2024-05-22,Completed,Card
12997,3293,2025-04-07,Completed,PayPal
12998,1565,2025-05-21,Completed,Card
12999,58,2024-11-29,Completed,Card
13000,3497,2024-03-02,Completed,Card
13001,2188,2024-06-11,Completed,Card
13002,2949,2025-07-05,Completed,Bank Transfer
13003,4474,2024-06-27,Completed,Card
13004,373,2024-08-22,Completed,Card
13005,3135,2024-02-29,Completed,Card
13006,1588,2024-08-15,Completed,PayPal
13007,778,2024-08-26,Completed,PayPal
13008,4263,2025-07-21,Completed,Card
13009,3223,2024-03-24,Completed,Card
13010,3679,2025-12-15,Completed,Card
13011,4680,2024-02-10,Completed,PayPal
13012,2549,2025-03-13,Cancelled,Card
13013,2944,2025-06-12,Completed,PayPal
13014,999,2024-04-14,Completed,Card
13015,560,2025-06-20,Completed,Card
13016,3344,2025-01-16,Completed,Card
13017,3502,2024-04-02,Completed,Card
13018,4015,2024-08-02,Completed,Card
13019,3679,2025-11-26,Completed,Card
13020,4329,2024-08-04,Completed,PayPal
13021,4656,2025-05-03,Completed,Bank Transfer
13022,921,2024-05-30,Completed,Card
13023,1243,2025-01-08,Completed,Card
13024,81,2025-09-22,Completed,Card
13025,3621,2025-03-24,Completed,Card
13026,2662,2025-02-25,Completed,Card
13027,4799,2025-10-07,Completed,Card
13028,541,2024-07-25,Completed,Bank Transfer
13029,1275,2025-12-02,Completed,Card
13030,2786,2025-10-31,Returned,Card
13031,3487,2025-04-21,Completed,PayPal
13032,3158,2025-08-10,Returned,PayPal
13033,4718,2025-07-17,Completed,PayPal
13034,2244,2024-08-13,Cancelled,PayPal
13035,3043,2025-08-28,Completed,PayPal
13036,1321,2025-11-20,Completed,Card
13037,2994,2025-01-21,Completed,Card
13038,2092,2024-04-15,Completed,Card
13039,4059,2024-03-16,Completed,Card
13040,3026,2025-05-30,Completed,Card
13041,4155,2024-07-05,Completed,Card
13042,479,2025-06-15,Completed,Card
13043,2666,2024-10-01,Completed,PayPal
13044,1757,2025-10-09,Completed,PayPal
13045,1799,2025-06-22,Completed,PayPal
13046,4880,2025-10-09,Completed,PayPal
13047,3121,2024-01-18,Completed,Card
13048,2988,2024-10-11,Completed,Card
13049,2579,2024-10-28,Completed,PayPal
13050,1027,2025-05-13,Completed,PayPal
13051,4474,2025-10-11,Completed,PayPal
13052,4668,2024-09-13,Completed,Card
13053,1955,2024-08-06,Completed,PayPal
13054,3314,2025-10-05,Completed,Card
13055,1565,2024-12-22,Completed,PayPal
13056,587,2024-09-12,Completed,Card
13057,4453,2025-08-30,Completed,Card
13058,685,2024-09-30,Completed,PayPal
13059,3269,2024-11-29,Completed,PayPal
13060,3491,2025-01-02,Completed,Card
13061,659,2024-01-15,Completed,Card
13062,1297,2024-06-27,Completed,Card
13063,1526,2025-03-20,Completed,Bank Transfer
13064,2083,2025-02-06,Completed,PayPal
13065,4608,2024-03-28,Completed,PayPal
13066,1072,2024-04-03,Completed,Bank Transfer
13067,2321,2025-01-29,Completed,PayPal
13068,2575,2024-01-28,Completed,PayPal
13069,210,2025-11-27,Completed,PayPal
13070,624,2024-03-15,Completed,Card
13071,1806,2024-02-23,Completed,Card
13072,4269,2024-11-16,Completed,PayPal
13073,3750,2025-07-12,Completed,Card
13074,4543,2024-08-21,Completed,Card
13075,11,2025-09-21,Completed,PayPal
13076,761,2024-08-17,Completed,PayPal
13077,1328,2024-11-27,Completed,Card
13078,1178,2025-11-24,Completed,Card
13079,2371,2025-04-16,Completed,Card
13080,3609,2024-11-12,Completed,Card
13081,977,2024-04-10,Completed,PayPal
13082,2493,2024-09-04,Completed,Bank Transfer
13083,2390,2025-04-24,Completed,PayPal
13084,2458,2025-09-16,Completed,Card
13085,3674,2024-08-08,Completed,Card
13086,2553,2024-12-04,Completed,Card
13087,4136,2024-05-27,Completed,PayPal
13088,1483,2024-10-22,Completed,Card
13089,2311,2025-12-09,Completed,Card
13090,3742,2025-02-10,Completed,Bank Transfer
13091,3840,2025-08-03,Completed,PayPal
13092,2756,2025-04-22,Completed,PayPal
13093,823,2024-01-24,Completed,PayPal
13094,3598,2024-07-04,Cancelled,PayPal
13095,461,2024-06-18,Completed,Card
13096,4313,2025-06-27,Completed,PayPal
13097,1741,2025-03-13,Completed,PayPal
13098,2125,2024-10-27,Completed,Card
13099,1445,2025-11-18,Completed,Bank Transfer
13100,3098,2024-12-29,Completed,Bank Transfer
13101,4470,2024-06-25,Completed,Card
13102,654,2024-05-23,Cancelled,PayPal
13103,5000,2025-06-06,Completed,PayPal
13104,3542,2025-04-25,Completed,Card
13105,744,2025-05-06,Completed,Card
13106,853,2025-04-30,Completed,Card
13107,4927,2025-10-20,Completed,PayPal
13108,1562,2025-04-29,Completed,Bank Transfer
13109,3946,2025-03-12,Completed,PayPal
13110,2677,2024-07-13,Completed,PayPal
13111,1319,2025-04-10,Returned,Bank Transfer
13112,122,2024-03-16,Completed,PayPal
13113,4255,2024-06-08,Completed,PayPal
13114,3728,2025-05-04,Completed,Card
13115,307,2024-04-09,Cancelled,Card
13116,3983,2024-04-25,Completed,Card
13117,1113,2025-01-14,Completed,Card
13118,4847,2025-08-17,Completed,Bank Transfer
13119,1897,2024-03-03,Completed,Card
13120,4687,2024-05-11,Completed,Card
13121,346,2024-09-04,Returned,PayPal
13122,3912,2025-01-29,Completed,Card
13123,149,2025-10-04,Completed,Card
13124,1040,2025-02-14,Completed,Bank Transfer
13125,1391,2025-03-03,Completed,PayPal
13126,3905,2025-10-31,Completed,Card
13127,4877,2025-12-28,Completed,Card
13128,118,2024-11-21,Completed,Card
13129,704,2025-06-29,Completed,Card
13130,4384,2025-01-09,Cancelled,Card
13131,2956,2024-10-24,Completed,Card
13132,2025,2024-10-05,Completed,Card
13133,4539,2024-10-22,Completed,Card
13134,4997,2025-06-10,Completed,PayPal
13135,4397,2024-04-24,Completed,Card
13136,4346,2025-05-07,Completed,Bank Transfer
13137,1958,2024-02-26,Completed,Card
13138,4782,2024-05-21,Completed,PayPal
13139,2800,2025-12-19,Completed,PayPal
13140,998,2025-10-13,Completed,Bank Transfer
13141,406,2025-09-10,Completed,Card
13142,2849,2025-02-12,Completed,Card
13143,244,2024-03-18,Completed,PayPal
13144,2415,2024-01-02,Completed,Card
13145,3857,2024-02-04,Completed,PayPal
13146,1606,2025-01-29,Completed,Bank Transfer
13147,433,2024-08-05,Completed,PayPal
13148,4279,2024-03-07,Completed,PayPal
13149,2807,2024-03-09,Completed,Card
13150,1142,2024-08-11,Completed,Card
13151,4127,2024-12-26,Completed,PayPal
13152,3025,2025-04-02,Completed,Card
13153,1173,2024-10-20,Completed,PayPal
13154,3457,2024-11-21,Completed,PayPal
13155,4198,2024-07-21,Completed,PayPal
13156,1096,2025-08-15,Completed,PayPal
13157,3906,2025-07-31,Completed,Card
13158,2853,2024-10-23,Completed,Bank Transfer
13159,2456,2024-09-17,Completed,Card
13160,3924,2025-06-01,Completed,Card
13161,1391,2024-05-11,Completed,Bank Transfer
13162,4926,2024-11-20,Completed,Card
13163,2837,2024-03-08,Completed,Bank Transfer
13164,618,2024-05-05,Cancelled,Card
13165,2597,2025-01-27,Completed,Card
13166,4387,2025-02-05,Cancelled,Card
13167,2470,2025-11-13,Completed,PayPal
13168,4277,2024-12-01,Completed,PayPal
13169,2703,2024-01-29,Completed,Bank Transfer
13170,3166,2025-11-18,Completed,Card
13171,260,2025-09-08,Completed,Card
13172,3179,2024-02-14,Completed,Card
13173,2292,2024-04-10,Cancelled,Card
13174,4431,2024-08-13,Completed,Bank Transfer
13175,1047,2025-02-22,Completed,Card
13176,4367,2025-09-07,Completed,Card
13177,4058,2024-09-18,Completed,Card
13178,3212,2025-11-07,Completed,PayPal
13179,1408,2024-10-18,Completed,Bank Transfer
13180,1401,2024-07-30,Cancelled,Card
13181,1010,2025-10-17,Completed,PayPal
13182,3407,2025-03-31,Cancelled,Card
13183,3603,2024-08-23,Completed,PayPal
13184,4228,2025-06-17,Completed,Card
13185,2816,2024-03-09,Completed,PayPal
13186,1745,2025-08-03,Completed,Card
13187,2549,2024-09-02,Cancelled,Card
13188,1546,2025-07-28,Completed,Bank Transfer
13189,135,2024-08-24,Completed,PayPal
13190,4863,2024-11-26,Completed,Card
13191,2860,2024-12-28,Completed,PayPal
13192,3479,2025-06-14,Completed,PayPal
13193,4866,2025-04-09,Completed,Card
13194,2142,2024-08-16,Completed,Card
13195,1265,2025-05-23,Completed,Card
13196,1773,2025-01-16,Completed,Card
13197,165,2024-05-06,Completed,Card
13198,4421,2025-10-19,Completed,PayPal
13199,2988,2024-04-23,Completed,PayPal
13200,620,2024-08-30,Completed,Card
13201,231,2024-05-24,Completed,Card
13202,2781,2025-07-06,Completed,Card
13203,3152,2025-11-03,Completed,Bank Transfer
13204,1378,2025-03-14,Completed,PayPal
13205,1892,2024-12-03,Completed,Bank Transfer
13206,3753,2025-02-11,Completed,Card
13207,3973,2025-08-11,Completed,Bank Transfer
13208,3233,2024-06-16,Completed,Card
13209,403,2025-09-13,Completed,PayPal
13210,2775,2025-12-07,Completed,Card
13211,4481,2024-06-15,Completed,Card
13212,2608,2025-06-16,Completed,PayPal
13213,1191,2024-06-13,Completed,Card
13214,389,2025-10-03,Cancelled,Card
13215,3405,2024-09-18,Completed,PayPal
13216,1774,2025-07-17,Completed,Card
13217,790,2024-09-17,Completed,Card
13218,1495,2024-06-23,Completed,PayPal
13219,2752,2024-04-05,Completed,PayPal
13220,1548,2024-12-22,Completed,Card
13221,821,2025-01-04,Completed,Card
13222,4037,2025-07-05,Completed,PayPal
13223,4958,2025-12-21,Completed,Card
13224,1480,2024-05-21,Completed,PayPal
13225,2370,2024-06-15,Completed,Card
13226,4066,2025-12-03,Completed,Card
13227,3131,2024-11-14,Completed,PayPal
13228,1464,2025-09-22,Completed,PayPal
13229,1908,2025-10-19,Completed,Card
13230,3066,2024-11-30,Completed,Card
13231,3646,2025-04-18,Completed,Card
13232,4029,2025-10-02,Completed,PayPal
13233,3966,2024-05-24,Returned,PayPal
13234,4847,2024-02-23,Completed,Card
13235,1317,2024-05-01,Completed,PayPal
13236,182,2024-05-03,Completed,Card
13237,2655,2024-06-15,Completed,Card
13238,961,2025-10-16,Completed,Card
13239,4201,2024-01-22,Completed,Card
13240,2655,2024-10-02,Completed,PayPal
13241,3295,2025-02-11,Completed,Bank Transfer
13242,990,2025-04-26,Completed,PayPal
13243,4580,2024-10-25,Completed,PayPal
13244,1726,2024-10-03,Completed,Card
13245,707,2024-11-17,Completed,Card
13246,4116,2024-04-24,Completed,Card
13247,4848,2024-09-28,Completed,PayPal
13248,4331,2024-06-16,Completed,PayPal
13249,1621,2025-03-11,Completed,Card
13250,4702,2024-09-20,Completed,Card
13251,4650,2024-09-06,Completed,Card
13252,3422,2025-04-06,Completed,Bank Transfer
13253,4682,2025-03-14,Cancelled,Bank Transfer
13254,3581,2024-12-07,Completed,Card
13255,423,2025-04-10,Completed,Card
13256,4016,2024-02-27,Completed,Bank Transfer
13257,3197,2024-01-05,Completed,Card
13258,4554,2025-09-14,Completed,Card
13259,1915,2024-09-21,Completed,Card
13260,2602,2024-09-05,Completed,PayPal
13261,4011,2024-04-04,Completed,Card
13262,4086,2025-11-27,Completed,Card
13263,4942,2025-04-01,Completed,Card
13264,3183,2024-11-12,Completed,Card
13265,4647,2024-04-28,Completed,Card
13266,3751,2024-07-20,Completed,PayPal
13267,2059,2024-02-22,Completed,Card
13268,1646,2024-11-12,Returned,Card
13269,4593,2025-11-03,Cancelled,PayPal
13270,3088,2024-08-31,Returned,Bank Transfer
13271,2793,2024-04-03,Returned,Card
13272,2537,2025-07-05,Completed,Card
13273,3260,2024-10-06,Completed,Card
13274,2512,2024-04-01,Completed,PayPal
13275,2091,2024-02-07,Completed,PayPal
13276,4635,2025-02-16,Completed,Bank Transfer
13277,568,2024-08-30,Completed,PayPal
13278,121,2024-12-29,Cancelled,Card
13279,316,2025-10-09,Completed,Card
13280,621,2024-03-04,Completed,Card
13281,4064,2024-07-19,Completed,Bank Transfer
13282,454,2024-11-02,Completed,PayPal
13283,2735,2024-06-23,Completed,Bank Transfer
13284,2672,2025-11-19,Completed,Card
13285,4708,2025-08-19,Completed,Bank Transfer
13286,959,2025-11-02,Completed,PayPal
13287,2009,2025-11-24,Completed,PayPal
13288,4743,2025-07-01,Completed,Bank Transfer
13289,763,2024-04-08,Cancelled,Card
13290,1361,2024-08-13,Completed,PayPal
13291,4336,2025-07-02,Completed,Bank Transfer
13292,2052,2024-09-29,Completed,PayPal
13293,197,2024-07-04,Completed,Card
13294,261,2025-03-27,Completed,Card
13295,3909,2025-07-14,Cancelled,PayPal
13296,4190,2025-05-19,Completed,Card
13297,1281,2024-04-03,Completed,Card
13298,136,2024-11-02,Completed,Card
13299,2546,2025-05-31,Completed,Bank Transfer
13300,3486,2024-06-22,Completed,PayPal
13301,369,2025-11-25,Completed,Card
13302,3663,2024-03-13,Completed,Card
13303,4864,2024-05-24,Completed,Card
13304,3455,2025-10-25,Completed,Card
13305,4769,2024-02-25,Completed,PayPal
13306,4607,2025-11-25,Completed,Card
13307,4809,2025-09-25,Completed,Bank Transfer
13308,4916,2024-08-31,Completed,Card
13309,545,2024-07-22,Returned,Card
13310,4600,2025-08-13,Completed,Card
13311,3424,2024-01-16,Completed,Card
13312,4901,2024-05-05,Completed,Card
13313,4806,2025-08-21,Completed,PayPal
13314,2373,2025-04-10,Completed,Card
13315,4484,2025-03-03,Completed,Card
13316,4336,2024-12-16,Completed,Bank Transfer
13317,1098,2025-07-08,Cancelled,Card
13318,2079,2024-03-19,Completed,PayPal
13319,2527,2025-05-15,Completed,Card
13320,4164,2025-01-13,Completed,Bank Transfer
13321,3712,2024-09-20,Completed,Card
13322,3054,2024-10-31,Completed,PayPal
13323,1944,2025-05-02,Completed,Card
13324,1720,2024-05-04,Completed,Card
13325,291,2025-09-09,Cancelled,PayPal
13326,3690,2025-10-07,Completed,Card
13327,975,2024-03-21,Cancelled,Card
13328,415,2025-09-12,Completed,Card
13329,851,2024-06-23,Completed,Card
13330,3778,2025-11-06,Completed,PayPal
13331,2729,2024-05-04,Completed,Card
13332,4642,2024-12-13,Completed,Card
13333,3961,2025-01-01,Completed,Card
13334,742,2025-06-18,Completed,Card
13335,592,2025-02-18,Completed,PayPal
13336,750,2025-07-27,Cancelled,Card
13337,2220,2025-12-24,Completed,Card
13338,838,2024-09-08,Completed,Bank Transfer
13339,3131,2025-08-30,Completed,PayPal
13340,3482,2025-12-21,Completed,Card
13341,534,2025-07-22,Cancelled,Card
13342,4461,2024-08-21,Cancelled,Card
13343,4463,2024-12-23,Completed,Card
13344,1774,2024-11-21,Cancelled,Card
13345,2344,2024-03-05,Completed,Card
13346,2654,2024-10-19,Completed,Card
13347,2571,2024-11-19,Completed,PayPal
13348,265,2024-11-26,Completed,Card
13349,3596,2025-06-12,Completed,Card
13350,2035,2024-05-14,Completed,Card
13351,3203,2025-02-22,Completed,PayPal
13352,382,2024-05-09,Returned,PayPal
13353,3297,2025-07-02,Completed,Card
13354,1167,2025-07-22,Completed,PayPal
13355,2479,2024-12-22,Completed,PayPal
13356,389,2025-06-05,Completed,PayPal
13357,2072,2025-04-04,Completed,PayPal
13358,395,2025-08-15,Completed,PayPal
13359,3658,2025-08-24,Completed,PayPal
13360,3257,2025-09-23,Completed,Card
13361,4020,2025-09-05,Completed,Bank Transfer
13362,2240,2025-05-09,Completed,PayPal
13363,4817,2025-06-22,Completed,PayPal
13364,2860,2024-09-17,Completed,Card
13365,2394,2025-07-26,Completed,PayPal
13366,4569,2024-05-15,Completed,PayPal
13367,2051,2025-08-31,Completed,Card
13368,3122,2025-10-22,Cancelled,PayPal
13369,925,2024-08-14,Completed,PayPal
13370,4972,2024-08-15,Completed,PayPal
13371,3576,2024-09-14,Completed,Bank Transfer
13372,3283,2025-02-17,Completed,Card
13373,3752,2024-08-07,Completed,Card
13374,3355,2024-08-23,Completed,Card
13375,4475,2024-01-20,Completed,Card
13376,3398,2025-02-27,Completed,Card
13377,3769,2025-02-16,Completed,Card
13378,4221,2025-01-23,Completed,Card
13379,2982,2024-12-10,Completed,PayPal
13380,4576,2025-10-11,Completed,PayPal
13381,3473,2025-04-11,Returned,Card
13382,2618,2024-07-07,Completed,Card
13383,3500,2025-09-08,Completed,Card
13384,3593,2025-01-02,Completed,PayPal
13385,432,2025-01-19,Cancelled,Card
13386,1113,2024-04-07,Completed,PayPal
13387,4697,2024-09-26,Completed,PayPal
13388,4952,2025-10-26,Completed,PayPal
13389,2054,2024-08-05,Completed,Bank Transfer
13390,4254,2024-01-21,Returned,PayPal
13391,4319,2024-09-28,Returned,Card
13392,2450,2025-12-14,Returned,Card
13393,545,2024-06-08,Completed,Card
13394,3159,2025-05-06,Cancelled,Card
13395,2629,2025-03-04,Completed,PayPal
13396,3452,2025-07-29,Completed,Card
13397,538,2025-08-18,Completed,Card
13398,1437,2025-08-07,Completed,PayPal
13399,2816,2025-07-25,Completed,Card
13400,3766,2025-10-20,Completed,Bank Transfer
13401,3063,2024-02-16,Completed,PayPal
13402,260,2024-08-10,Completed,PayPal
13403,4922,2024-06-06,Completed,PayPal
13404,4412,2024-02-16,Completed,PayPal
13405,4842,2025-12-22,Completed,PayPal
13406,719,2025-06-16,Completed,PayPal
13407,2728,2024-12-16,Completed,Card
13408,2902,2024-11-14,Completed,Card
13409,461,2024-08-18,Completed,Bank Transfer
13410,2855,2024-10-24,Completed,Card
13411,4068,2025-03-20,Cancelled,Card
13412,1703,2024-04-14,Completed,Bank Transfer
13413,3248,2025-09-29,Completed,Card
13414,2978,2024-10-25,Completed,Card
13415,1815,2024-03-08,Completed,Bank Transfer
13416,3481,2025-06-21,Cancelled,PayPal
13417,1742,2025-11-03,Cancelled,Card
13418,4072,2025-09-11,Completed,Bank Transfer
13419,30,2025-08-18,Completed,Card
13420,3494,2024-02-10,Cancelled,Bank Transfer
13421,982,2024-07-18,Completed,Card
13422,231,2025-07-01,Completed,Card
13423,2777,2025-01-09,Completed,Card
13424,1252,2025-02-09,Cancelled,Card
13425,4495,2024-08-21,Completed,Card
13426,4191,2025-05-22,Completed,Bank Transfer
13427,1964,2024-08-29,Completed,Card
13428,4571,2024-12-04,Completed,Card
13429,3167,2024-01-20,Completed,Card
13430,1779,2025-10-25,Completed,Card
13431,4871,2024-06-19,Completed,Bank Transfer
13432,1148,2024-08-03,Completed,Card
13433,2848,2024-01-16,Completed,Card
13434,3851,2024-10-09,Completed,Bank Transfer
13435,2992,2024-10-27,Cancelled,Card
13436,3071,2024-06-13,Completed,Card
13437,621,2025-11-21,Completed,Card
13438,964,2024-09-14,Completed,Card
13439,2861,2025-08-10,Completed,Bank Transfer
13440,2143,2025-09-08,Completed,Card
13441,1501,2024-12-18,Completed,Card
13442,3190,2024-03-27,Completed,PayPal
13443,1327,2025-06-09,Completed,Card
13444,122,2024-01-09,Completed,Card
13445,4314,2025-04-07,Completed,Card
13446,1077,2025-06-19,Completed,Card
13447,3198,2025-09-15,Completed,Card
13448,1183,2024-10-23,Completed,Card
13449,795,2024-08-04,Completed,Card
13450,1625,2024-08-15,Completed,Card
13451,4272,2024-02-01,Completed,Card
13452,292,2025-03-06,Returned,PayPal
13453,491,2024-06-18,Completed,PayPal
13454,2809,2024-08-18,Cancelled,Card
13455,3429,2024-03-10,Completed,Card
13456,634,2024-04-20,Completed,Card
13457,3500,2024-03-29,Completed,Card
13458,2173,2024-01-02,Completed,Card
13459,3387,2024-02-25,Completed,Card
13460,3908,2025-10-31,Completed,Card
13461,4700,2024-09-27,Completed,Card
13462,3469,2024-09-30,Completed,PayPal
13463,491,2025-06-27,Completed,Card
13464,4661,2024-09-26,Completed,Card
13465,4264,2024-07-08,Completed,Card
13466,759,2025-12-22,Completed,PayPal
13467,1198,2025-04-27,Completed,Card
13468,3444,2024-11-03,Completed,Card
13469,1905,2024-01-22,Completed,Bank Transfer
13470,1651,2024-01-14,Completed,PayPal
13471,4276,2025-04-30,Returned,PayPal
13472,3192,2025-12-18,Completed,PayPal
13473,28,2025-06-29,Completed,Bank Transfer
13474,2751,2025-04-08,Completed,Card
13475,2705,2025-07-21,Completed,Card
13476,2880,2025-03-08,Completed,PayPal
13477,4358,2025-07-28,Completed,PayPal
13478,3726,2025-02-03,Completed,Bank Transfer
13479,2674,2025-08-14,Completed,PayPal
13480,2833,2025-07-05,Completed,PayPal
13481,3110,2024-10-05,Completed,PayPal
13482,4293,2024-04-19,Completed,PayPal
13483,3597,2024-02-17,Returned,Card
13484,3696,2024-03-22,Completed,Card
13485,1461,2025-11-16,Completed,Card
13486,2922,2025-09-16,Completed,PayPal
13487,1434,2024-10-04,Completed,PayPal
13488,4429,2025-01-15,Returned,PayPal
13489,3537,2024-11-05,Completed,Card
13490,1182,2025-07-05,Completed,Card
13491,3406,2025-06-25,Completed,Card
13492,4175,2024-08-27,Completed,PayPal
13493,3915,2024-07-01,Completed,PayPal
13494,4293,2024-07-02,Completed,Card
13495,3192,2025-07-07,Completed,Card
13496,1784,2025-04-10,Completed,Card
13497,3723,2025-09-30,Completed,PayPal
13498,4322,2025-03-12,Completed,PayPal
13499,2643,2025-08-16,Completed,Card
13500,3712,2024-08-20,Completed,PayPal
13501,2961,2025-12-04,Completed,Card
13502,4831,2024-01-01,Completed,PayPal
13503,1580,2025-05-19,Completed,Card
13504,1620,2024-12-27,Completed,Card
13505,2967,2025-12-19,Completed,PayPal
13506,4316,2025-12-09,Completed,Card
13507,2341,2024-10-09,Completed,Card
13508,1228,2025-06-12,Completed,Card
13509,1729,2024-06-17,Completed,Bank Transfer
13510,3586,2024-07-04,Cancelled,PayPal
13511,202,2024-05-01,Completed,Card
13512,3161,2025-03-16,Completed,PayPal
13513,3274,2025-09-30,Completed,PayPal
13514,1714,2025-11-08,Completed,Card
13515,753,2025-04-18,Completed,PayPal
13516,115,2024-05-01,Cancelled,Card
13517,3981,2025-10-21,Completed,Card
13518,2819,2024-10-18,Completed,Card
13519,469,2024-09-03,Cancelled,Bank Transfer
13520,426,2024-07-06,Completed,PayPal
13521,1576,2025-06-06,Completed,Card
13522,1866,2024-10-10,Completed,PayPal
13523,834,2025-07-10,Completed,PayPal
13524,4107,2024-05-03,Completed,Card
13525,3704,2024-09-03,Completed,PayPal
13526,1409,2025-02-09,Completed,Card
13527,3482,2024-12-02,Cancelled,PayPal
13528,2171,2024-06-07,Completed,PayPal
13529,604,2024-09-23,Completed,Card
13530,213,2024-10-18,Returned,Card
13531,3902,2025-08-12,Completed,Card
13532,3739,2024-05-30,Completed,Card
13533,2755,2024-10-11,Completed,Card
13534,4636,2024-05-30,Completed,Card
13535,4802,2024-05-03,Completed,Card
13536,1759,2024-09-28,Completed,Card
13537,4594,2024-12-05,Completed,Bank Transfer
13538,3069,2025-12-29,Completed,Card
13539,782,2025-10-20,Completed,Card
13540,4222,2025-12-30,Completed,Card
13541,3431,2025-08-30,Completed,PayPal
13542,1527,2025-03-22,Completed,Card
13543,841,2025-07-15,Completed,Card
13544,1342,2025-04-01,Completed,Card
13545,4108,2025-07-08,Completed,Card
13546,1501,2025-06-14,Completed,PayPal
13547,516,2024-04-22,Completed,PayPal
13548,3463,2025-12-25,Completed,Card
13549,3080,2025-06-13,Completed,Card
13550,1148,2025-10-07,Completed,Card
13551,3444,2025-06-09,Completed,PayPal
13552,3257,2024-03-04,Completed,Card
13553,2595,2025-01-27,Completed,PayPal
13554,3657,2025-11-05,Completed,Card
13555,1549,2025-05-13,Completed,Card
13556,2087,2025-06-01,Completed,Card
13557,3156,2024-12-20,Completed,Card
13558,2351,2025-09-24,Completed,PayPal
13559,979,2024-06-01,Completed,Card
13560,2306,2024-11-24,Completed,Card
13561,3884,2025-11-20,Completed,Card
13562,3048,2025-04-23,Completed,Card
13563,2590,2025-01-25,Completed,PayPal
13564,2007,2025-07-28,Completed,Card
13565,2600,2025-02-15,Completed,Card
13566,2509,2024-09-14,Completed,Card
13567,4320,2025-07-30,Completed,Card
13568,2140,2025-05-21,Completed,Card
13569,280,2025-11-29,Completed,Card
13570,1194,2025-12-11,Completed,PayPal
13571,1758,2024-10-20,Completed,Bank Transfer
13572,2046,2025-04-21,Cancelled,Card
13573,248,2025-12-05,Completed,PayPal
13574,1385,2025-05-22,Completed,Card
13575,1373,2024-04-28,Completed,Bank Transfer
13576,2914,2025-11-21,Completed,PayPal
13577,3673,2025-04-22,Completed,PayPal
13578,45,2025-07-17,Completed,Card
13579,2086,2025-09-13,Completed,Card
13580,4512,2025-09-01,Completed,Bank Transfer
13581,2541,2024-11-14,Completed,PayPal
13582,2371,2025-01-29,Completed,Card
13583,2516,2024-02-17,Completed,Card
13584,4183,2025-09-04,Completed,PayPal
13585,4324,2025-03-13,Completed,Card
13586,623,2025-04-19,Completed,Card
13587,3382,2025-08-08,Completed,Card
13588,485,2025-07-03,Completed,PayPal
13589,2888,2025-12-28,Returned,PayPal
13590,25,2024-05-15,Completed,Bank Transfer
13591,1815,2025-06-01,Returned,Card
13592,1226,2024-11-19,Completed,Card
13593,1249,2024-07-15,Completed,PayPal
13594,779,2024-04-20,Completed,PayPal
13595,2843,2025-07-03,Completed,Card
13596,3701,2024-04-24,Cancelled,Bank Transfer
13597,1583,2025-11-27,Returned,PayPal
13598,4849,2025-12-24,Completed,Card
13599,1714,2025-05-02,Completed,PayPal
13600,3592,2024-12-30,Cancelled,Card
13601,4522,2025-04-28,Completed,Card
13602,3139,2024-11-05,Completed,Card
13603,4756,2024-04-22,Completed,Card
13604,1518,2024-09-26,Completed,PayPal
13605,2733,2024-11-15,Completed,Card
13606,4643,2024-06-23,Completed,Bank Transfer
13607,2964,2024-01-19,Completed,PayPal
13608,3864,2024-07-21,Completed,PayPal
13609,3769,2024-05-05,Cancelled,PayPal
13610,1497,2025-04-11,Completed,Card
13611,3728,2024-09-10,Completed,Card
13612,1736,2024-10-18,Completed,PayPal
13613,1344,2024-05-31,Cancelled,Bank Transfer
13614,2268,2024-07-17,Completed,Card
13615,3916,2024-07-17,Completed,Card
13616,49,2025-11-17,Completed,PayPal
13617,2511,2025-03-28,Completed,Card
13618,3335,2024-06-28,Completed,Card
13619,3661,2024-08-05,Completed,Card
13620,1747,2025-09-21,Completed,PayPal
13621,496,2024-11-15,Completed,Card
13622,634,2024-01-23,Completed,Card
13623,4698,2025-09-28,Cancelled,Card
13624,2818,2024-03-24,Cancelled,Card
13625,2721,2025-12-11,Completed,Card
13626,176,2024-11-21,Completed,Bank Transfer
13627,3161,2025-11-29,Completed,Card
13628,639,2024-11-24,Completed,PayPal
13629,3358,2025-08-26,Completed,Card
13630,4393,2024-11-25,Completed,Bank Transfer
13631,475,2025-11-24,Completed,Card
13632,3828,2025-12-11,Completed,PayPal
13633,1647,2025-04-17,Completed,Bank Transfer
13634,1959,2025-04-22,Completed,Bank Transfer
13635,4121,2024-08-22,Completed,Card
13636,349,2025-07-09,Completed,Card
13637,637,2025-08-10,Completed,Card
13638,3615,2025-10-14,Completed,Card
13639,3821,2025-11-24,Completed,PayPal
13640,4323,2024-04-28,Completed,Card
13641,4134,2024-02-09,Completed,PayPal
13642,2618,2024-09-16,Completed,Card
13643,1205,2025-10-02,Completed,PayPal
13644,2162,2024-01-06,Completed,PayPal
13645,2180,2024-11-06,Cancelled,Card
13646,348,2024-03-06,Completed,Card
13647,1204,2025-01-08,Completed,PayPal
13648,983,2024-05-25,Completed,PayPal
13649,732,2024-08-21,Completed,Bank Transfer
13650,2601,2024-01-29,Completed,Card
13651,453,2025-11-03,Completed,PayPal
13652,4074,2025-10-04,Completed,Card
13653,2895,2025-10-21,Completed,Card
13654,2235,2025-08-16,Cancelled,PayPal
13655,164,2025-04-14,Returned,Card
13656,1448,2024-12-26,Completed,Card
13657,3870,2025-08-17,Completed,Card
13658,102,2025-08-07,Completed,Card
13659,4055,2024-12-20,Completed,Card
13660,3708,2025-12-26,Completed,Card
13661,1453,2024-01-26,Cancelled,Card
13662,4787,2024-10-16,Completed,PayPal
13663,2659,2024-03-11,Completed,Bank Transfer
13664,536,2025-11-19,Completed,Card
13665,1701,2024-03-29,Completed,Card
13666,1464,2024-06-25,Completed,PayPal
13667,4220,2024-01-27,Completed,Card
13668,4345,2024-10-15,Completed,PayPal
13669,1972,2025-07-28,Completed,Card
13670,1453,2025-06-14,Completed,PayPal
13671,1594,2025-04-28,Completed,PayPal
13672,713,2025-03-09,Completed,Bank Transfer
13673,3656,2025-05-07,Completed,Card
13674,4343,2024-10-04,Completed,Card
13675,4577,2024-12-11,Completed,Card
13676,4085,2025-08-01,Completed,Bank Transfer
13677,1449,2024-08-25,Completed,Card
13678,3649,2024-05-16,Completed,Card
13679,2014,2024-06-11,Completed,PayPal
13680,459,2024-10-19,Completed,PayPal
13681,2844,2024-01-28,Completed,Card
13682,593,2024-09-12,Returned,Card
13683,498,2025-09-15,Completed,Card
13684,2135,2025-10-26,Completed,Bank Transfer
13685,2450,2024-09-21,Completed,Card
13686,4293,2025-07-17,Completed,Card
13687,2812,2025-04-25,Completed,Card
13688,27,2025-02-04,Completed,Card
13689,3917,2025-04-04,Completed,Card
13690,1718,2025-07-19,Completed,PayPal
13691,2254,2024-05-12,Completed,PayPal
13692,3643,2024-07-09,Cancelled,PayPal
13693,3656,2024-05-03,Completed,Card
13694,3299,2025-03-06,Completed,PayPal
13695,4699,2024-08-05,Completed,Card
13696,4458,2025-02-06,Completed,PayPal
13697,1284,2024-11-17,Completed,Card
13698,1087,2024-10-27,Completed,Card
13699,2016,2024-03-11,Completed,Card
13700,1716,2024-08-01,Completed,PayPal
13701,1727,2025-06-28,Completed,Bank Transfer
13702,908,2025-01-08,Completed,Card
13703,3464,2024-12-01,Completed,Card
13704,4342,2024-06-19,Completed,PayPal
13705,4443,2024-12-09,Cancelled,PayPal
13706,4468,2025-03-31,Completed,Card
13707,809,2025-02-13,Completed,Card
13708,2897,2024-10-27,Cancelled,PayPal
13709,2171,2025-05-10,Cancelled,Card
13710,3129,2024-10-17,Completed,Card
13711,4256,2025-03-12,Completed,Card
13712,1151,2024-04-11,Completed,Bank Transfer
13713,3679,2024-01-10,Completed,Card
13714,1335,2024-02-10,Completed,Card
13715,518,2025-01-04,Completed,Card
13716,1289,2024-05-05,Completed,Card
13717,746,2025-01-17,Completed,Card
13718,4516,2024-11-22,Completed,PayPal
13719,3968,2025-03-25,Completed,Card
13720,4236,2025-06-06,Completed,PayPal
13721,4803,2025-12-07,Completed,Card
13722,698,2025-06-15,Returned,Card
13723,3035,2024-09-29,Completed,Card
13724,475,2025-05-16,Completed,Card
13725,3977,2025-05-01,Completed,Card
13726,511,2024-08-14,Completed,PayPal
13727,538,2024-08-14,Completed,Bank Transfer
13728,2261,2024-12-06,Completed,Card
13729,2945,2024-09-28,Completed,Bank Transfer
13730,3875,2025-01-29,Completed,PayPal
13731,1367,2024-05-03,Completed,Card
13732,1062,2024-07-13,Completed,Card
13733,4329,2025-08-05,Cancelled,PayPal
13734,2308,2024-06-21,Completed,PayPal
13735,308,2024-07-21,Completed,PayPal
13736,4499,2024-02-02,Completed,PayPal
13737,997,2024-07-29,Completed,PayPal
13738,1285,2025-11-24,Completed,Card
13739,4846,2024-02-20,Completed,Card
13740,1130,2025-02-10,Completed,Card
13741,304,2025-06-24,Completed,PayPal
13742,3892,2025-06-01,Completed,PayPal
13743,855,2024-05-12,Completed,PayPal
13744,1746,2024-04-05,Completed,Card
13745,818,2025-02-27,Completed,PayPal
13746,3650,2024-03-22,Completed,PayPal
13747,973,2024-11-10,Completed,Card
13748,4134,2025-12-29,Cancelled,Card
13749,1179,2024-10-06,Completed,Card
13750,105,2025-10-04,Completed,Card
13751,255,2024-03-26,Completed,Card
13752,2536,2024-12-31,Completed,Bank Transfer
13753,591,2024-12-31,Completed,PayPal
13754,525,2024-04-02,Completed,PayPal
13755,370,2024-03-11,Completed,PayPal
13756,4198,2024-11-21,Completed,PayPal
13757,2964,2025-05-21,Completed,Card
13758,664,2024-11-21,Completed,Card
13759,690,2024-07-09,Completed,Card
13760,2647,2024-08-01,Completed,Card
13761,2589,2024-02-16,Completed,Card
13762,1536,2025-12-30,Cancelled,Card
13763,2029,2024-03-29,Completed,Card
13764,1857,2024-08-14,Completed,Card
13765,3187,2025-01-31,Completed,Card
13766,2770,2024-08-04,Completed,Card
13767,2988,2024-10-27,Completed,Card
13768,4476,2025-02-19,Completed,Card
13769,1149,2024-06-18,Completed,Card
13770,781,2024-12-30,Completed,PayPal
13771,4406,2024-08-19,Completed,Card
13772,2154,2025-09-11,Completed,PayPal
13773,556,2024-11-23,Completed,PayPal
13774,3297,2024-08-20,Completed,Bank Transfer
13775,3314,2025-11-12,Completed,Card
13776,4493,2025-10-08,Completed,PayPal
13777,2584,2025-10-04,Completed,Card
13778,3708,2024-02-06,Completed,Card
13779,3869,2025-02-05,Completed,PayPal
13780,3044,2025-09-27,Completed,Card
13781,3014,2025-03-01,Completed,PayPal
13782,3845,2025-02-11,Completed,PayPal
13783,1170,2024-08-04,Completed,Card
13784,3263,2024-06-18,Completed,PayPal
13785,4023,2025-09-01,Completed,Card
13786,201,2024-12-23,Completed,Card
13787,1891,2024-07-04,Completed,Card
13788,12,2025-12-25,Completed,Bank Transfer
13789,1977,2025-11-09,Completed,Card
13790,1326,2024-06-09,Cancelled,PayPal
13791,3372,2024-10-10,Completed,PayPal
13792,4071,2024-07-02,Completed,PayPal
13793,3557,2025-06-20,Completed,Card
13794,4967,2024-05-21,Returned,PayPal
13795,366,2025-11-25,Completed,PayPal
13796,657,2025-08-18,Completed,PayPal
13797,161,2024-08-18,Completed,Card
13798,175,2025-04-12,Completed,Card
13799,3471,2025-01-22,Completed,Card
13800,4061,2024-06-06,Completed,Card
13801,545,2024-11-13,Completed,Card
13802,3855,2024-07-03,Completed,PayPal
13803,1762,2025-02-24,Completed,Card
13804,957,2024-07-01,Completed,PayPal
13805,452,2025-08-19,Completed,Bank Transfer
13806,82,2025-07-30,Completed,PayPal
13807,1237,2024-02-21,Completed,Card
13808,4912,2024-01-03,Completed,Card
13809,447,2024-03-17,Returned,Bank Transfer
13810,2166,2025-10-08,Completed,Card
13811,1620,2025-08-04,Completed,Card
13812,1794,2025-11-04,Completed,Card
13813,3315,2025-08-30,Cancelled,Card
13814,4845,2024-01-16,Completed,PayPal
13815,1174,2024-08-17,Completed,Card
13816,646,2024-09-23,Completed,Card
13817,379,2024-11-01,Completed,Card
13818,2656,2024-01-06,Cancelled,Card
13819,3585,2024-04-19,Completed,PayPal
13820,3734,2024-05-22,Completed,PayPal
13821,1141,2025-10-28,Completed,Card
13822,3736,2024-07-25,Completed,Card
13823,2014,2025-03-04,Completed,Card
13824,662,2024-06-14,Completed,PayPal
13825,4972,2024-09-16,Completed,Card
13826,12,2025-11-15,Completed,Card
13827,388,2025-01-28,Completed,Card
13828,3024,2024-04-30,Completed,Card
13829,3834,2025-02-16,Completed,Card
13830,1920,2024-05-19,Completed,Card
13831,4492,2024-06-16,Completed,Card
13832,2593,2024-03-24,Completed,PayPal
13833,2709,2025-02-24,Cancelled,Card
13834,4736,2025-12-06,Completed,PayPal
13835,100,2024-09-24,Completed,Bank Transfer
13836,4553,2024-02-07,Completed,Card
13837,4077,2024-10-29,Completed,Card
13838,2772,2024-12-03,Completed,Card
13839,4170,2024-11-25,Completed,Card
13840,2378,2024-07-17,Completed,PayPal
13841,1864,2024-01-05,Completed,PayPal
13842,4020,2025-03-07,Completed,PayPal
13843,4271,2025-01-05,Completed,Card
13844,3759,2024-04-12,Completed,PayPal
13845,4593,2025-03-10,Cancelled,PayPal
13846,4524,2025-10-11,Cancelled,PayPal
13847,35,2025-01-15,Completed,Card
13848,2167,2024-03-06,Completed,PayPal
13849,3640,2025-08-01,Completed,PayPal
13850,3973,2024-09-26,Completed,PayPal
13851,3381,2024-02-16,Completed,Card
13852,3177,2024-12-30,Completed,Card
13853,176,2024-06-28,Completed,PayPal
13854,2154,2024-03-08,Completed,Card
13855,4688,2024-04-24,Completed,Card
13856,1587,2024-01-26,Completed,PayPal
13857,3659,2025-07-12,Completed,Card
13858,3003,2024-07-25,Cancelled,Card
13859,953,2024-03-13,Completed,PayPal
13860,4957,2024-09-15,Completed,PayPal
13861,2872,2025-01-20,Returned,Card
13862,4330,2024-01-30,Completed,Card
13863,2715,2025-02-24,Completed,PayPal
13864,3657,2024-01-03,Completed,PayPal
13865,2979,2025-06-04,Completed,Card
13866,1810,2025-06-03,Completed,PayPal
13867,2807,2025-06-04,Completed,Card
13868,4152,2025-02-04,Completed,Card
13869,3760,2025-10-25,Completed,PayPal
13870,3329,2025-10-15,Completed,Card
13871,2971,2024-09-30,Completed,Card
13872,4909,2025-04-16,Completed,Card
13873,3135,2025-01-06,Completed,PayPal
13874,1960,2025-03-06,Completed,Bank Transfer
13875,806,2025-06-22,Completed,Card
13876,3101,2024-12-13,Completed,Card
13877,1576,2024-03-11,Completed,Card
13878,3731,2025-04-26,Returned,Card
13879,600,2024-09-12,Completed,Card
13880,2616,2024-04-12,Completed,Card
13881,3372,2024-05-26,Completed,PayPal
13882,612,2025-10-31,Completed,PayPal
13883,1950,2024-05-19,Completed,Card
13884,561,2025-10-16,Completed,PayPal
13885,2547,2025-09-12,Completed,Card
13886,627,2025-02-26,Completed,Card
13887,2812,2024-03-04,Completed,Card
13888,1611,2024-09-27,Completed,Card
13889,3263,2025-11-28,Completed,PayPal
13890,3783,2025-05-27,Returned,Card
13891,675,2024-01-07,Completed,Card
13892,3723,2025-01-27,Completed,PayPal
13893,49,2024-01-01,Completed,Card
13894,1387,2024-09-17,Completed,Card
13895,1903,2024-02-16,Completed,PayPal
13896,4723,2024-01-02,Cancelled,Card
13897,3568,2025-06-18,Completed,PayPal
13898,4373,2024-12-24,Completed,PayPal
13899,2095,2025-04-21,Returned,PayPal
13900,3843,2025-02-25,Completed,Card
13901,4312,2025-08-18,Cancelled,Card
13902,230,2024-07-22,Completed,Card
13903,3493,2024-08-14,Completed,Card
13904,1686,2024-05-30,Completed,Bank Transfer
13905,1311,2024-09-03,Completed,PayPal
13906,4142,2024-01-17,Completed,Card
13907,633,2024-10-30,Completed,PayPal
13908,2423,2025-05-28,Completed,PayPal
13909,2751,2024-07-15,Completed,PayPal
13910,333,2025-03-21,Completed,Card
13911,1880,2024-12-06,Completed,Card
13912,507,2024-03-01,Completed,PayPal
13913,4213,2024-09-23,Completed,Card
13914,943,2024-04-06,Completed,PayPal
13915,636,2024-10-09,Completed,PayPal
13916,1590,2024-09-03,Cancelled,Card
13917,1463,2024-02-04,Completed,Card
13918,1992,2025-04-13,Completed,Card
13919,4965,2024-03-08,Completed,Card
13920,1735,2024-07-07,Completed,Card
13921,2264,2024-02-10,Completed,Bank Transfer
13922,113,2025-08-30,Completed,PayPal
13923,2264,2025-11-13,Completed,Card
13924,427,2024-03-07,Completed,Card
13925,1067,2024-11-03,Completed,Card
13926,2812,2024-04-28,Completed,Card
13927,4380,2025-11-13,Returned,Bank Transfer
13928,834,2024-07-04,Completed,Card
13929,230,2024-03-10,Completed,Card
13930,4481,2025-11-01,Completed,Card
13931,4255,2024-10-10,Completed,Card
13932,824,2025-09-10,Completed,PayPal
13933,2519,2025-07-01,Completed,Card
13934,3668,2024-12-13,Completed,PayPal
13935,4304,2024-07-13,Completed,Card
13936,4270,2025-04-28,Completed,Card
13937,1824,2025-08-10,Completed,PayPal
13938,1105,2024-10-06,Cancelled,PayPal
13939,1042,2024-12-13,Completed,PayPal
13940,708,2025-08-14,Completed,Card
13941,1384,2025-04-22,Completed,PayPal
13942,1892,2024-04-07,Completed,Card
13943,1303,2024-10-08,Completed,Card
13944,3022,2025-09-21,Completed,Card
13945,677,2025-02-22,Completed,Card
13946,2565,2024-08-10,Completed,Card
13947,3323,2024-09-08,Returned,Card
13948,4758,2024-03-20,Completed,Card
13949,1564,2025-11-12,Completed,Card
13950,1261,2025-02-16,Completed,PayPal
13951,3204,2025-10-30,Completed,Card
13952,2354,2025-01-27,Completed,Card
13953,358,2024-11-29,Completed,PayPal
13954,3235,2024-11-23,Completed,Card
13955,419,2024-01-02,Completed,Card
13956,4738,2024-07-21,Completed,Card
13957,3956,2024-09-14,Completed,Card
13958,1594,2025-01-01,Completed,Card
13959,4603,2024-05-25,Completed,Card
13960,1386,2025-01-12,Cancelled,Card
13961,4408,2025-03-16,Completed,Card
13962,2752,2025-03-30,Cancelled,Card
13963,245,2025-02-10,Completed,Card
13964,4573,2024-01-19,Cancelled,Card
13965,615,2025-03-08,Completed,PayPal
13966,250,2025-03-04,Cancelled,Card
13967,3094,2024-09-08,Completed,PayPal
13968,1596,2025-07-15,Completed,Card
13969,1930,2025-10-10,Completed,PayPal
13970,511,2024-08-08,Completed,PayPal
13971,3968,2024-04-22,Completed,Card
13972,4870,2024-05-28,Completed,PayPal
13973,1366,2025-07-13,Completed,PayPal
13974,924,2024-02-27,Completed,Card
13975,74,2024-07-15,Completed,PayPal
13976,809,2025-10-10,Cancelled,PayPal
13977,2879,2025-12-07,Cancelled,Card
13978,2268,2025-12-18,Returned,Card
13979,2127,2024-01-18,Completed,Card
13980,4331,2024-08-02,Cancelled,PayPal
13981,2205,2025-12-18,Completed,Card
13982,3680,2025-09-27,Cancelled,Card
13983,4738,2024-01-16,Completed,Bank Transfer
13984,4717,2025-11-07,Cancelled,Card
13985,3659,2025-10-21,Completed,Bank Transfer
13986,985,2025-02-02,Completed,Card
13987,1299,2024-08-20,Completed,Bank Transfer
13988,3745,2024-01-25,Completed,Bank Transfer
13989,3281,2025-02-04,Completed,Card
13990,3956,2024-12-30,Completed,Card
13991,2654,2024-10-21,Completed,Bank Transfer
13992,3688,2025-03-12,Completed,PayPal
13993,2963,2024-03-11,Completed,Card
13994,2947,2025-12-12,Completed,PayPal
13995,3046,2025-07-12,Completed,Card
13996,860,2024-01-25,Completed,Bank Transfer
13997,2086,2025-12-25,Completed,Card
13998,2728,2025-01-08,Completed,Bank Transfer
13999,377,2025-06-28,Completed,Card
14000,4472,2025-04-02,Completed,Card
14001,4691,2024-08-01,Completed,Card
14002,2795,2024-07-29,Completed,Card
14003,1066,2025-06-24,Completed,Card
14004,3683,2024-02-08,Completed,Card
14005,2008,2024-09-16,Completed,Card
14006,3202,2025-11-07,Completed,PayPal
14007,1052,2024-04-04,Cancelled,Card
14008,629,2025-01-24,Completed,Card
14009,2374,2024-08-07,Completed,PayPal
14010,3975,2024-09-24,Completed,Card
14011,1184,2025-05-08,Completed,Card
14012,4842,2025-09-21,Completed,Card
14013,1278,2024-03-06,Completed,Card
14014,1952,2025-01-21,Cancelled,PayPal
14015,3922,2024-07-11,Completed,Bank Transfer
14016,3425,2024-11-15,Completed,Card
14017,1326,2025-06-30,Completed,Card
14018,1172,2024-06-23,Completed,Card
14019,4317,2024-04-21,Completed,PayPal
14020,3770,2024-11-03,Completed,PayPal
14021,1872,2024-12-05,Cancelled,Card
14022,3632,2024-03-20,Completed,Card
14023,2311,2025-04-22,Completed,PayPal
14024,2344,2024-04-20,Completed,Card
14025,3387,2025-05-01,Completed,Bank Transfer
14026,3068,2025-03-28,Completed,PayPal
14027,2340,2025-02-16,Completed,Card
14028,684,2025-08-26,Completed,Bank Transfer
14029,876,2024-07-04,Completed,PayPal
14030,1055,2025-07-06,Completed,PayPal
14031,3754,2024-03-27,Completed,Bank Transfer
14032,2603,2024-08-11,Completed,Card
14033,4015,2024-02-20,Completed,Card
14034,349,2024-05-05,Completed,Bank Transfer
14035,4315,2024-05-25,Cancelled,Bank Transfer
14036,1023,2024-02-10,Completed,Bank Transfer
14037,450,2024-12-20,Completed,Card
14038,504,2025-03-20,Cancelled,Card
14039,86,2024-12-28,Completed,Card
14040,3323,2025-06-19,Completed,Card
14041,523,2024-10-10,Completed,PayPal
14042,3152,2024-02-05,Completed,Card
14043,3693,2024-10-03,Completed,Card
14044,2509,2025-11-26,Completed,Bank Transfer
14045,630,2024-11-20,Completed,PayPal
14046,18,2025-10-27,Completed,Card
14047,1269,2024-06-30,Completed,PayPal
14048,1177,2025-04-15,Completed,PayPal
14049,1633,2025-02-20,Completed,Card
14050,4596,2025-10-27,Completed,Card
14051,4554,2024-05-29,Completed,PayPal
14052,3770,2025-02-07,Cancelled,PayPal
14053,3614,2025-05-28,Completed,Card
14054,115,2025-07-19,Completed,Card
14055,753,2025-03-16,Completed,Card
14056,4865,2024-09-02,Completed,Bank Transfer
14057,2401,2024-02-15,Completed,Card
14058,1871,2024-03-15,Completed,PayPal
14059,2589,2024-05-28,Cancelled,Card
14060,322,2025-02-09,Completed,Card
14061,4322,2024-01-03,Completed,Card
14062,3828,2024-01-09,Completed,Card
14063,4457,2025-05-28,Completed,PayPal
14064,834,2024-08-25,Completed,Bank Transfer
14065,4208,2025-06-23,Completed,Bank Transfer
14066,212,2024-10-16,Completed,Card
14067,1257,2024-06-29,Completed,Card
14068,159,2024-11-10,Completed,PayPal
14069,2620,2024-09-22,Completed,Card
14070,1348,2024-03-23,Completed,Card
14071,3165,2024-09-14,Completed,Bank Transfer
14072,3213,2025-07-13,Completed,Card
14073,911,2025-10-07,Completed,Card
14074,2452,2024-07-17,Completed,Card
14075,3804,2024-10-18,Completed,Card
14076,404,2025-10-09,Completed,Bank Transfer
14077,1842,2024-03-23,Completed,Card
14078,2649,2024-09-22,Completed,Card
14079,1691,2025-02-20,Completed,PayPal
14080,3486,2024-01-19,Completed,Card
14081,1257,2025-06-13,Completed,PayPal
14082,4289,2025-01-05,Cancelled,PayPal
14083,3185,2025-11-21,Completed,Bank Transfer
14084,1643,2024-01-23,Completed,Card
14085,3353,2025-01-19,Completed,Card
14086,523,2025-09-10,Completed,Card
14087,4446,2025-10-04,Completed,Card
14088,1945,2025-06-05,Completed,Card
14089,3572,2025-01-13,Completed,Card
14090,1561,2025-12-11,Completed,Card
14091,4748,2024-03-30,Completed,PayPal
14092,4731,2024-05-23,Completed,Card
14093,3595,2025-09-12,Cancelled,Card
14094,593,2024-07-22,Completed,Card
14095,3894,2025-07-09,Completed,PayPal
14096,2669,2025-06-03,Completed,Card
14097,3903,2025-01-26,Completed,Card
14098,756,2024-10-27,Completed,PayPal
14099,1300,2025-05-19,Completed,PayPal
14100,497,2024-06-01,Completed,Card
14101,4869,2025-06-12,Completed,PayPal
14102,2422,2024-12-04,Completed,Card
14103,1599,2025-05-26,Completed,Bank Transfer
14104,4280,2024-11-30,Completed,Card
14105,4128,2025-05-23,Completed,Card
14106,4379,2024-02-25,Completed,Card
14107,4932,2025-07-09,Completed,Card
14108,3591,2025-07-04,Completed,Card
14109,4782,2024-05-09,Completed,Card
14110,462,2024-04-07,Completed,Card
14111,4967,2025-02-25,Completed,PayPal
14112,368,2024-03-20,Completed,Card
14113,2706,2024-10-14,Completed,Card
14114,3324,2024-06-17,Completed,Card
14115,166,2024-03-19,Completed,Card
14116,3687,2024-03-11,Completed,Bank Transfer
14117,4083,2024-09-19,Completed,Card
14118,3048,2025-12-12,Completed,PayPal
14119,1729,2025-12-23,Completed,PayPal
14120,4698,2025-06-13,Completed,Card
14121,3670,2024-07-28,Completed,Card
14122,3175,2024-04-26,Completed,Card
14123,2174,2025-09-07,Completed,Card
14124,38,2024-03-17,Completed,Card
14125,4444,2024-11-10,Completed,PayPal
14126,2022,2024-01-11,Completed,Card
14127,734,2024-02-20,Completed,Card
14128,4522,2024-01-07,Completed,Card
14129,648,2025-07-02,Completed,PayPal
14130,3303,2024-09-17,Completed,Card
14131,320,2025-07-27,Completed,Card
14132,4608,2025-05-26,Completed,Card
14133,2554,2024-07-18,Completed,PayPal
14134,3179,2024-11-25,Completed,Card
14135,1723,2024-03-30,Completed,Card
14136,1757,2025-08-13,Completed,PayPal
14137,3679,2024-02-24,Completed,Bank Transfer
14138,3779,2024-08-08,Completed,Card
14139,2516,2024-04-01,Completed,PayPal
14140,3848,2025-08-08,Completed,Card
14141,938,2024-02-25,Completed,PayPal
14142,765,2024-06-27,Completed,PayPal
14143,653,2024-03-01,Completed,Card
14144,4081,2024-04-26,Completed,PayPal
14145,3603,2025-08-12,Cancelled,PayPal
14146,2130,2024-08-23,Cancelled,Card
14147,4577,2024-02-02,Completed,Bank Transfer
14148,3965,2025-07-20,Completed,Card
14149,4612,2024-08-30,Completed,Card
14150,187,2024-03-14,Completed,Card
14151,146,2024-01-21,Completed,Card
14152,4248,2025-12-13,Completed,Card
14153,1387,2024-06-02,Completed,PayPal
14154,4189,2024-09-10,Completed,Card
14155,2588,2024-07-25,Completed,Card
14156,2697,2024-05-28,Completed,Card
14157,4013,2025-11-25,Completed,PayPal
14158,4698,2024-10-28,Completed,Card
14159,49,2024-10-23,Completed,Card
14160,3330,2025-05-05,Cancelled,PayPal
14161,3590,2024-02-13,Completed,Card
14162,2589,2024-05-23,Completed,Card
14163,3482,2024-08-31,Completed,PayPal
14164,775,2025-02-22,Completed,Card
14165,4642,2025-05-31,Completed,Card
14166,1261,2024-03-02,Completed,PayPal
14167,650,2025-06-21,Completed,PayPal
14168,3440,2024-11-12,Cancelled,Bank Transfer
14169,3049,2025-03-10,Cancelled,Card
14170,2024,2025-11-26,Completed,Card
14171,1081,2025-01-15,Completed,Card
14172,4271,2024-02-05,Completed,Card
14173,2075,2025-06-25,Completed,Card
14174,4243,2025-08-03,Completed,PayPal
14175,4964,2024-08-19,Completed,PayPal
14176,2313,2025-11-18,Completed,Card
14177,3475,2024-02-02,Completed,Bank Transfer
14178,2306,2025-08-03,Completed,PayPal
14179,3261,2024-12-17,Completed,Card
14180,2875,2024-09-11,Completed,Card
14181,4839,2024-02-19,Completed,Card
14182,4806,2024-01-23,Completed,Card
14183,3311,2024-09-10,Completed,Bank Transfer
14184,1351,2025-01-28,Completed,Card
14185,1094,2025-11-06,Completed,PayPal
14186,3777,2024-09-29,Completed,PayPal
14187,3097,2025-11-23,Completed,Card
14188,1855,2024-09-06,Completed,PayPal
14189,2267,2024-08-24,Cancelled,Card
14190,561,2024-08-19,Completed,Card
14191,4988,2025-03-03,Completed,Card
14192,4693,2025-09-25,Completed,PayPal
14193,4546,2024-08-29,Completed,PayPal
14194,2384,2024-05-13,Completed,PayPal
14195,1826,2024-03-11,Completed,Card
14196,1684,2025-04-09,Completed,PayPal
14197,1199,2025-02-24,Completed,PayPal
14198,1010,2024-11-05,Completed,Card
14199,1772,2024-10-05,Completed,Card
14200,1708,2024-08-06,Completed,Card
14201,4536,2025-11-27,Completed,Card
14202,2273,2024-11-02,Completed,Card
14203,2613,2024-11-09,Completed,PayPal
14204,4342,2025-02-06,Completed,Bank Transfer
14205,1543,2025-12-29,Completed,Card
14206,1238,2025-05-02,Completed,Card
14207,2976,2025-02-08,Completed,PayPal
14208,1725,2025-01-13,Completed,PayPal
14209,2264,2024-10-07,Completed,PayPal
14210,283,2025-09-28,Cancelled,PayPal
14211,2621,2025-11-21,Completed,Card
14212,3287,2024-11-22,Completed,PayPal
14213,172,2024-02-04,Completed,Card
14214,3457,2024-03-10,Returned,Bank Transfer
14215,1883,2024-12-25,Cancelled,Bank Transfer
14216,2276,2025-11-20,Completed,Card
14217,2622,2025-02-11,Completed,Bank Transfer
14218,601,2025-07-14,Completed,Card
14219,3791,2025-08-02,Completed,Bank Transfer
14220,2024,2025-06-02,Completed,Bank Transfer
14221,467,2025-08-28,Completed,Bank Transfer
14222,3951,2025-01-18,Cancelled,PayPal
14223,3890,2024-03-21,Completed,Card
14224,4393,2025-03-13,Completed,Bank Transfer
14225,2593,2024-09-06,Completed,Card
14226,1020,2024-02-07,Completed,Card
14227,1548,2024-02-14,Completed,Card
14228,4757,2024-12-24,Completed,Card
14229,4750,2024-05-16,Completed,Card
14230,4898,2025-04-05,Completed,Card
14231,4437,2025-01-01,Completed,Card
14232,704,2024-10-31,Completed,Card
14233,853,2024-08-16,Completed,Card
14234,306,2024-07-01,Completed,Bank Transfer
14235,3579,2025-04-11,Completed,PayPal
14236,1934,2024-07-22,Completed,Bank Transfer
14237,1788,2025-09-14,Completed,Card
14238,3788,2024-03-08,Completed,PayPal
14239,874,2025-07-03,Completed,Card
14240,1582,2025-12-10,Completed,PayPal
14241,3958,2024-10-31,Completed,Bank Transfer
14242,4591,2025-08-26,Completed,Card
14243,3333,2025-09-19,Completed,Bank Transfer
14244,1686,2024-04-04,Completed,Card
14245,1606,2025-12-25,Completed,Card
14246,896,2024-09-02,Completed,PayPal
14247,3264,2025-11-15,Returned,PayPal
14248,3425,2024-03-19,Completed,PayPal
14249,3854,2025-03-08,Completed,PayPal
14250,2347,2024-10-06,Completed,Card
14251,3532,2025-10-22,Completed,Card
14252,2475,2025-01-03,Completed,Card
14253,1862,2024-10-05,Completed,Card
14254,2764,2024-12-16,Completed,Card
14255,4853,2024-08-13,Completed,PayPal
14256,31,2025-02-09,Completed,Bank Transfer
14257,4008,2025-03-21,Completed,PayPal
14258,3456,2024-11-18,Completed,Card
14259,243,2025-09-21,Completed,PayPal
14260,4782,2024-03-13,Completed,Card
14261,1499,2025-06-01,Completed,PayPal
14262,4669,2024-11-16,Completed,Card
14263,3423,2024-01-22,Completed,Card
14264,4004,2024-06-27,Completed,PayPal
14265,1660,2025-12-08,Returned,PayPal
14266,3229,2024-04-18,Completed,Card
14267,599,2025-01-06,Cancelled,Card
14268,2196,2025-11-27,Completed,PayPal
14269,70,2025-03-31,Completed,PayPal
14270,1394,2025-07-20,Completed,PayPal
14271,3660,2024-08-16,Cancelled,PayPal
14272,1650,2025-06-14,Completed,Card
14273,2282,2024-12-29,Completed,Card
14274,3683,2025-02-28,Completed,PayPal
14275,2684,2024-08-03,Completed,PayPal
14276,4563,2024-02-17,Cancelled,PayPal
14277,4653,2025-04-09,Completed,PayPal
14278,4990,2025-11-02,Completed,Card
14279,4932,2024-09-29,Completed,Card
14280,1311,2025-08-30,Completed,PayPal
14281,4714,2024-01-30,Completed,Card
14282,4230,2025-09-24,Returned,Card
14283,4104,2024-07-08,Completed,Bank Transfer
14284,2076,2024-05-31,Completed,Bank Transfer
14285,783,2025-01-10,Completed,PayPal
14286,3807,2024-09-11,Returned,PayPal
14287,1334,2025-12-03,Completed,Card
14288,3718,2025-10-15,Completed,Card
14289,4637,2024-02-03,Cancelled,Card
14290,1058,2024-07-05,Completed,Card
14291,2055,2025-03-24,Completed,PayPal
14292,3402,2024-03-26,Completed,Card
14293,2110,2025-11-03,Completed,Bank Transfer
14294,3158,2024-04-27,Cancelled,PayPal
14295,3797,2025-09-14,Completed,PayPal
14296,3649,2024-02-27,Completed,Card
14297,1321,2024-01-18,Completed,Card
14298,4418,2024-05-19,Completed,PayPal
14299,3700,2025-04-02,Completed,PayPal
14300,733,2025-12-06,Completed,PayPal
14301,3634,2025-10-03,Completed,Card
14302,3550,2024-07-30,Completed,Card
14303,3663,2025-04-30,Completed,Card
14304,4645,2024-04-29,Completed,PayPal
14305,605,2025-07-07,Completed,Card
14306,1723,2024-01-03,Completed,Card
14307,2405,2024-08-16,Completed,PayPal
14308,3483,2024-08-16,Completed,Card
14309,2813,2024-12-08,Completed,Card
14310,1582,2024-05-20,Completed,Card
14311,2279,2024-02-26,Completed,Card
14312,2351,2024-08-03,Completed,PayPal
14313,3624,2025-10-04,Completed,PayPal
14314,715,2024-04-23,Completed,Card
14315,925,2025-12-03,Completed,Card
14316,3163,2024-10-20,Completed,Card
14317,4154,2024-01-28,Completed,Card
14318,4530,2025-06-21,Completed,Card
14319,4079,2025-08-18,Cancelled,Card
14320,2570,2024-11-16,Completed,Bank Transfer
14321,2816,2025-12-14,Completed,PayPal
14322,4579,2025-07-26,Completed,Bank Transfer
14323,4463,2025-11-27,Completed,Card
14324,889,2025-05-27,Completed,PayPal
14325,3479,2024-02-01,Completed,Card
14326,3590,2025-02-14,Completed,Card
14327,1724,2025-01-31,Completed,Card
14328,1259,2024-01-17,Completed,Card
14329,411,2025-08-23,Cancelled,Bank Transfer
14330,2231,2024-02-21,Completed,Card
14331,3195,2025-01-04,Completed,Bank Transfer
14332,2206,2024-06-12,Completed,PayPal
14333,2061,2024-10-29,Completed,Card
14334,3899,2025-03-25,Completed,PayPal
14335,2614,2025-06-27,Completed,Card
14336,1813,2025-12-10,Returned,Card
14337,1803,2025-05-16,Completed,Card
14338,3907,2024-12-16,Completed,Card
14339,678,2025-01-13,Completed,PayPal
14340,2911,2025-03-14,Completed,PayPal
14341,4714,2024-07-19,Completed,Card
14342,2252,2024-04-16,Completed,Card
14343,3005,2025-05-19,Completed,PayPal
14344,795,2025-01-18,Cancelled,Card
14345,729,2024-10-22,Completed,PayPal
14346,1694,2024-01-28,Completed,Bank Transfer
14347,4735,2024-12-02,Returned,PayPal
14348,191,2024-10-13,Completed,PayPal
14349,4995,2025-09-22,Completed,PayPal
14350,1997,2024-12-08,Completed,PayPal
14351,2108,2024-01-31,Cancelled,Card
14352,3867,2025-10-27,Completed,Card
14353,1490,2025-05-01,Completed,Card
14354,2110,2025-09-10,Completed,PayPal
14355,638,2024-09-07,Completed,PayPal
14356,4046,2024-12-28,Completed,Card
14357,4159,2024-04-16,Completed,Card
14358,2820,2025-05-20,Completed,Bank Transfer
14359,4112,2025-03-17,Completed,Card
14360,842,2024-04-26,Completed,Card
14361,3952,2024-09-01,Completed,PayPal
14362,4059,2024-03-19,Returned,Bank Transfer
14363,3248,2025-04-30,Completed,Card
14364,1217,2024-01-23,Completed,PayPal
14365,899,2024-07-15,Completed,Card
14366,2223,2024-12-26,Returned,Card
14367,1258,2025-11-30,Completed,Card
14368,1515,2025-03-02,Completed,Card
14369,417,2024-08-04,Completed,Card
14370,4547,2025-10-27,Completed,PayPal
14371,2884,2025-12-07,Completed,PayPal
14372,3827,2025-09-19,Completed,PayPal
14373,4376,2024-07-14,Completed,Card
14374,4340,2025-07-20,Completed,PayPal
14375,675,2025-11-17,Completed,PayPal
14376,103,2025-03-18,Completed,PayPal
14377,2358,2025-04-03,Completed,Card
14378,3994,2025-04-03,Completed,PayPal
14379,4028,2025-04-28,Completed,Card
14380,3709,2024-05-23,Completed,Bank Transfer
14381,4213,2024-11-09,Cancelled,PayPal
14382,1496,2025-12-29,Completed,PayPal
14383,4859,2024-09-13,Completed,Card
14384,3393,2025-09-30,Completed,Card
14385,3507,2025-04-18,Completed,Card
14386,2786,2025-11-15,Cancelled,PayPal
14387,2235,2025-08-28,Completed,Card
14388,3660,2025-05-13,Completed,Card
14389,4881,2024-08-06,Completed,Card
14390,3733,2025-07-17,Completed,Card
14391,4803,2025-06-14,Completed,PayPal
14392,4892,2024-12-23,Completed,PayPal
14393,4569,2024-08-24,Completed,Card
14394,3526,2025-11-13,Completed,PayPal
14395,3518,2024-10-01,Completed,Card
14396,4778,2025-11-02,Completed,PayPal
14397,4190,2025-07-30,Completed,Card
14398,4832,2024-08-04,Completed,Card
14399,2530,2025-07-12,Completed,Card
14400,1914,2025-01-31,Completed,Card
14401,2458,2024-03-14,Completed,Card
14402,1151,2025-11-06,Completed,Card
14403,3859,2025-12-10,Completed,PayPal
14404,4138,2024-11-23,Completed,Bank Transfer
14405,4137,2025-02-11,Completed,PayPal
14406,1511,2024-05-27,Completed,Card
14407,3971,2024-03-26,Completed,Card
14408,3916,2025-06-04,Completed,Card
14409,3253,2025-05-17,Completed,Card
14410,3750,2024-08-19,Completed,Card
14411,744,2025-05-12,Completed,Card
14412,2766,2025-02-26,Completed,Card
14413,3939,2025-04-11,Completed,Bank Transfer
14414,2512,2024-09-03,Completed,PayPal
14415,1074,2025-01-04,Completed,PayPal
14416,3218,2025-05-27,Completed,Card
14417,4394,2024-04-14,Completed,Card
14418,2193,2024-08-21,Completed,PayPal
14419,16,2025-04-02,Completed,Card
14420,3554,2024-09-13,Completed,Card
14421,107,2025-04-19,Completed,Bank Transfer
14422,4315,2025-08-15,Completed,Card
14423,2969,2025-09-26,Completed,Card
14424,4467,2024-06-20,Completed,Card
14425,3046,2024-09-29,Completed,Card
14426,2858,2024-07-12,Returned,Card
14427,4350,2024-04-21,Completed,Card
14428,1429,2024-01-23,Completed,Card
14429,2009,2024-11-10,Completed,Card
14430,3102,2024-07-20,Completed,Card
14431,3637,2025-05-15,Completed,Card
14432,3472,2025-09-09,Completed,PayPal
14433,3032,2025-08-28,Completed,PayPal
14434,2922,2024-01-25,Completed,Card
14435,4446,2025-10-18,Completed,Card
14436,879,2025-05-22,Completed,Bank Transfer
14437,2513,2024-12-31,Completed,PayPal
14438,311,2025-06-14,Completed,Card
14439,1115,2025-12-22,Completed,Card
14440,1322,2025-08-16,Completed,Card
14441,3397,2024-02-15,Completed,Bank Transfer
14442,4376,2024-02-04,Completed,Card
14443,967,2024-07-20,Completed,Card
14444,3190,2025-06-18,Completed,Card
14445,695,2024-12-30,Completed,Bank Transfer
14446,2615,2025-04-14,Completed,Card
14447,271,2024-10-26,Completed,Card
14448,1412,2025-02-19,Completed,Card
14449,3028,2024-12-11,Completed,PayPal
14450,3125,2024-12-14,Completed,Card
14451,1754,2025-11-29,Completed,Bank Transfer
14452,4937,2024-07-08,Completed,PayPal
14453,1822,2025-02-06,Completed,Card
14454,4336,2024-12-14,Completed,Bank Transfer
14455,3286,2025-01-07,Completed,Card
14456,361,2025-09-30,Completed,Card
14457,3436,2025-05-19,Completed,Card
14458,734,2024-10-17,Completed,PayPal
14459,852,2024-04-20,Completed,Card
14460,860,2025-07-08,Completed,Card
14461,4797,2025-05-17,Completed,Card
14462,1351,2024-10-27,Completed,PayPal
14463,4085,2025-10-07,Completed,PayPal
14464,2884,2024-01-13,Cancelled,PayPal
14465,3548,2025-06-06,Completed,PayPal
14466,4919,2024-04-11,Completed,Card
14467,4193,2024-07-15,Completed,Card
14468,327,2025-01-25,Completed,Bank Transfer
14469,2121,2024-02-24,Completed,Bank Transfer
14470,994,2024-07-01,Completed,PayPal
14471,1767,2024-01-19,Completed,Card
14472,4429,2024-12-28,Completed,Bank Transfer
14473,1181,2025-04-17,Completed,Card
14474,1965,2024-01-09,Completed,PayPal
14475,2782,2025-10-21,Completed,Card
14476,2906,2024-01-25,Completed,PayPal
14477,99,2024-11-01,Completed,PayPal
14478,2780,2025-08-06,Completed,Card
14479,244,2025-03-09,Completed,Card
14480,4038,2025-02-25,Completed,Bank Transfer
14481,1501,2024-02-26,Completed,Card
14482,2710,2025-06-17,Completed,Card
14483,3054,2025-07-01,Completed,Card
14484,4463,2024-06-27,Completed,PayPal
14485,3227,2024-03-08,Completed,PayPal
14486,1048,2025-05-10,Returned,PayPal
14487,4379,2024-01-01,Completed,Card
14488,1316,2024-02-17,Completed,Card
14489,1387,2025-02-20,Completed,Card
14490,3921,2025-10-25,Completed,Card
14491,1738,2024-07-15,Completed,Card
14492,422,2025-07-23,Completed,Card
14493,3802,2024-02-17,Completed,Card
14494,1412,2024-12-20,Completed,PayPal
14495,3250,2024-08-21,Completed,Card
14496,4571,2025-03-12,Completed,PayPal
14497,2453,2025-11-30,Completed,Bank Transfer
14498,2084,2025-09-17,Completed,Bank Transfer
14499,4454,2024-03-30,Completed,Card
14500,4654,2025-01-03,Completed,Card
14501,3679,2024-06-17,Completed,Card
14502,1351,2024-12-28,Completed,PayPal
14503,2368,2024-06-25,Completed,Card
14504,4834,2025-05-14,Completed,PayPal
14505,3341,2025-12-04,Completed,Card
14506,2573,2024-05-12,Completed,PayPal
14507,4121,2024-06-20,Completed,PayPal
14508,3845,2025-06-13,Completed,Card
14509,640,2025-03-16,Completed,PayPal
14510,1575,2024-04-21,Completed,Card
14511,3229,2024-02-09,Completed,Bank Transfer
14512,4270,2024-04-11,Completed,Card
14513,186,2025-01-03,Completed,Card
14514,1319,2024-06-22,Returned,Card
14515,528,2024-12-06,Completed,PayPal
14516,3260,2024-07-14,Completed,Card
14517,3484,2025-08-06,Completed,Bank Transfer
14518,3020,2024-06-30,Completed,PayPal
14519,4780,2024-11-18,Completed,Card
14520,2234,2024-04-22,Completed,Card
14521,1568,2025-11-05,Completed,Card
14522,575,2025-07-04,Completed,PayPal
14523,2035,2024-08-22,Completed,Card
14524,1325,2025-05-19,Completed,PayPal
14525,4405,2024-03-11,Completed,Bank Transfer
14526,1213,2024-08-06,Completed,Card
14527,1435,2025-05-31,Completed,Bank Transfer
14528,538,2024-06-13,Completed,Card
14529,4954,2025-05-27,Completed,Card
14530,1575,2025-01-15,Returned,PayPal
14531,193,2024-07-02,Completed,Card
14532,1187,2025-01-03,Returned,Card
14533,4149,2025-03-23,Completed,Card
14534,475,2024-01-08,Completed,PayPal
14535,4270,2025-09-11,Completed,PayPal
14536,1814,2025-01-16,Completed,PayPal
14537,4796,2025-01-16,Completed,Card
14538,2438,2025-03-23,Completed,Bank Transfer
14539,3380,2025-11-27,Cancelled,PayPal
14540,4553,2024-06-02,Completed,Card
14541,1355,2024-02-03,Cancelled,Card
14542,3401,2025-05-11,Completed,Card
14543,3755,2024-01-22,Completed,Card
14544,3530,2025-01-14,Completed,Bank Transfer
14545,159,2024-05-27,Completed,PayPal
14546,1838,2025-10-24,Completed,Card
14547,4612,2025-08-01,Cancelled,Card
14548,1026,2025-08-12,Completed,PayPal
14549,659,2025-07-04,Completed,Card
14550,678,2025-11-07,Completed,Card
14551,4411,2024-04-08,Completed,PayPal
14552,4047,2025-10-02,Completed,Card
14553,3822,2025-06-14,Completed,Card
14554,2376,2024-09-27,Completed,Card
14555,276,2024-01-01,Completed,Card
14556,4548,2024-10-13,Completed,PayPal
14557,1589,2024-06-28,Completed,Card
14558,4582,2024-09-12,Completed,PayPal
14559,4663,2024-06-22,Completed,PayPal
14560,246,2024-02-19,Completed,Card
14561,889,2025-06-15,Completed,Card
14562,2212,2025-09-08,Completed,Card
14563,4026,2024-07-08,Completed,PayPal
14564,1,2024-02-12,Completed,PayPal
14565,2911,2025-05-31,Completed,Card
14566,2185,2024-03-06,Completed,PayPal
14567,4247,2025-01-30,Completed,PayPal
14568,3252,2024-09-07,Completed,PayPal
14569,3052,2024-05-07,Completed,PayPal
14570,1511,2025-11-27,Completed,Card
14571,3772,2024-07-06,Completed,PayPal
14572,1129,2024-07-01,Completed,Bank Transfer
14573,698,2025-08-05,Completed,Card
14574,1089,2025-07-31,Completed,Card
14575,2420,2025-10-28,Completed,PayPal
14576,2629,2025-02-15,Completed,PayPal
14577,3790,2024-03-19,Completed,Card
14578,686,2024-01-19,Completed,Card
14579,2757,2025-04-22,Cancelled,Card
14580,1843,2024-02-14,Completed,Card
14581,1733,2024-08-09,Completed,Card
14582,4836,2024-05-08,Completed,Card
14583,4367,2025-09-09,Completed,Card
14584,1973,2025-09-24,Completed,Card
14585,711,2024-08-17,Completed,Bank Transfer
14586,325,2024-08-14,Completed,Card
14587,4894,2025-01-31,Completed,Card
14588,2968,2024-10-01,Completed,PayPal
14589,3800,2024-05-17,Completed,Card
14590,2595,2024-06-21,Cancelled,PayPal
14591,1093,2024-11-22,Completed,Card
14592,2956,2024-08-02,Completed,Bank Transfer
14593,212,2024-08-15,Completed,Card
14594,1582,2024-04-16,Completed,PayPal
14595,3832,2024-06-07,Completed,Card
14596,1444,2024-05-15,Completed,PayPal
14597,4144,2024-01-30,Completed,PayPal
14598,4327,2024-04-07,Completed,Card
14599,579,2025-08-31,Completed,Card
14600,2998,2025-06-06,Cancelled,Card
14601,1755,2024-12-07,Completed,Card
14602,2980,2024-06-16,Completed,Card
14603,3606,2024-07-29,Completed,Card
14604,422,2025-11-14,Completed,Card
14605,611,2025-09-23,Completed,Card
14606,446,2024-07-03,Completed,Card
14607,961,2025-03-07,Completed,Card
14608,131,2025-02-27,Completed,PayPal
14609,2648,2024-02-08,Completed,Card
14610,4080,2025-01-21,Completed,PayPal
14611,2435,2025-03-26,Completed,Bank Transfer
14612,3730,2024-04-24,Completed,Card
14613,4432,2025-02-04,Completed,PayPal
14614,1025,2024-10-30,Completed,Card
14615,1653,2025-08-25,Completed,PayPal
14616,538,2024-11-04,Completed,PayPal
14617,4592,2025-07-26,Completed,Card
14618,3084,2024-04-12,Completed,Card
14619,508,2025-12-27,Completed,PayPal
14620,3925,2024-04-11,Completed,PayPal
14621,681,2025-10-16,Completed,Card
14622,2613,2024-03-30,Cancelled,Card
14623,4877,2024-04-27,Completed,PayPal
14624,760,2024-05-18,Completed,Card
14625,4224,2024-10-29,Completed,Card
14626,3148,2025-10-09,Completed,Bank Transfer
14627,2194,2025-05-31,Completed,Card
14628,2547,2024-07-27,Completed,Card
14629,4656,2024-03-27,Completed,Card
14630,1223,2024-11-14,Completed,PayPal
14631,3575,2025-09-24,Returned,Card
14632,3024,2024-09-01,Completed,Card
14633,3281,2024-03-30,Completed,PayPal
14634,1072,2025-04-22,Completed,PayPal
14635,541,2025-10-13,Cancelled,Card
14636,511,2024-04-21,Completed,PayPal
14637,4451,2025-01-28,Completed,Bank Transfer
14638,345,2024-08-27,Completed,Bank Transfer
14639,4243,2024-09-28,Completed,PayPal
14640,3370,2024-05-22,Completed,Card
14641,3823,2025-12-19,Completed,PayPal
14642,2380,2024-04-28,Completed,Card
14643,2481,2025-08-18,Cancelled,Card
14644,399,2024-09-07,Completed,Card
14645,3407,2024-10-04,Completed,Bank Transfer
14646,3281,2024-06-11,Completed,Bank Transfer
14647,4683,2025-10-15,Completed,Card
14648,3767,2024-12-15,Completed,Card
14649,1295,2024-01-31,Completed,Bank Transfer
14650,3252,2025-04-02,Completed,PayPal
14651,3510,2024-03-31,Completed,PayPal
14652,2036,2024-05-07,Completed,Card
14653,4834,2025-07-01,Completed,Card
14654,3850,2025-12-25,Completed,Card
14655,1778,2025-05-23,Completed,Card
14656,380,2024-08-24,Completed,Bank Transfer
14657,3764,2025-06-16,Completed,Card
14658,1662,2025-08-30,Completed,Bank Transfer
14659,3059,2024-02-20,Completed,Bank Transfer
14660,1307,2025-04-13,Completed,Card
14661,2466,2025-01-22,Completed,Card
14662,4452,2024-03-02,Completed,PayPal
14663,16,2024-12-08,Cancelled,Card
14664,4411,2024-06-01,Completed,Card
14665,2581,2025-10-15,Completed,Card
14666,2593,2024-02-10,Completed,Card
14667,4790,2025-04-30,Completed,Card
14668,69,2025-11-08,Completed,Card
14669,411,2025-12-02,Completed,Card
14670,3124,2025-07-10,Cancelled,Card
14671,2860,2025-12-20,Completed,Card
14672,919,2025-01-16,Completed,Card
14673,4836,2024-04-05,Completed,Bank Transfer
14674,1491,2024-10-19,Completed,PayPal
14675,3806,2024-08-22,Completed,Card
14676,3344,2024-12-06,Completed,Card
14677,2487,2025-12-19,Completed,Card
14678,2578,2025-06-21,Completed,Card
14679,273,2024-12-15,Completed,Card
14680,4555,2024-07-25,Completed,PayPal
14681,820,2025-05-05,Completed,Card
14682,2616,2025-01-15,Cancelled,Card
14683,4957,2024-05-20,Completed,Card
14684,2545,2025-08-21,Completed,Card
14685,3985,2025-09-01,Completed,Card
14686,4891,2024-01-23,Completed,Card
14687,4901,2024-12-29,Cancelled,PayPal
14688,2982,2024-05-27,Completed,Card
14689,1891,2025-07-19,Completed,Bank Transfer
14690,3040,2025-07-04,Completed,Card
14691,4936,2025-05-19,Completed,Card
14692,2683,2024-08-05,Completed,PayPal
14693,603,2025-04-26,Completed,Card
14694,3938,2025-02-19,Completed,PayPal
14695,1433,2024-11-20,Cancelled,PayPal
14696,4463,2025-05-03,Completed,PayPal
14697,256,2025-02-11,Completed,Card
14698,2488,2024-05-23,Completed,Card
14699,1359,2024-07-29,Completed,Card
14700,3702,2025-10-27,Completed,Card
14701,2483,2024-09-15,Completed,PayPal
14702,690,2024-08-14,Cancelled,Card
14703,3533,2025-08-16,Completed,Card
14704,308,2025-01-06,Completed,Card
14705,1697,2025-01-25,Completed,PayPal
14706,3167,2024-03-28,Completed,PayPal
14707,409,2025-02-03,Cancelled,Bank Transfer
14708,3952,2024-11-04,Completed,Card
14709,826,2024-01-04,Completed,Bank Transfer
14710,1192,2024-06-21,Returned,PayPal
14711,2135,2025-06-27,Completed,Card
14712,3095,2024-08-13,Completed,PayPal
14713,4194,2024-12-04,Returned,Card
14714,1775,2024-07-24,Completed,PayPal
14715,4417,2024-04-11,Completed,Card
14716,534,2024-02-27,Completed,Card
14717,2868,2024-05-29,Cancelled,PayPal
14718,1208,2024-09-08,Completed,Bank Transfer
14719,417,2025-04-23,Completed,PayPal
14720,2777,2025-07-09,Completed,Bank Transfer
14721,1238,2025-03-03,Completed,Bank Transfer
14722,4944,2025-06-25,Completed,Card
14723,4766,2025-06-07,Completed,Card
14724,1944,2025-05-05,Completed,Card
14725,2181,2025-06-09,Completed,Card
14726,2101,2024-10-18,Completed,PayPal
14727,4837,2024-02-14,Returned,Card
14728,4119,2024-07-18,Completed,Bank Transfer
14729,3675,2024-01-24,Completed,Card
14730,460,2025-09-22,Completed,Card
14731,650,2025-01-21,Completed,Card
14732,4578,2025-08-12,Completed,Card
14733,120,2025-03-10,Completed,PayPal
14734,4769,2024-08-29,Completed,PayPal
14735,2256,2024-07-21,Completed,PayPal
14736,318,2024-08-24,Completed,Bank Transfer
14737,868,2024-10-20,Completed,PayPal
14738,3227,2024-12-13,Completed,PayPal
14739,394,2024-03-27,Completed,Card
14740,2553,2024-07-28,Completed,Card
14741,4409,2025-08-31,Completed,Card
14742,3229,2024-01-02,Completed,PayPal
14743,2062,2024-08-16,Completed,Card
14744,77,2025-02-13,Completed,Card
14745,3411,2024-08-30,Completed,Card
14746,409,2025-04-12,Completed,PayPal
14747,4093,2025-04-02,Completed,Card
14748,2268,2025-07-07,Cancelled,Card
14749,744,2024-07-31,Completed,Card
14750,4529,2025-01-20,Completed,Card
14751,2854,2025-02-15,Cancelled,PayPal
14752,3835,2025-05-29,Completed,Card
14753,3998,2025-06-11,Completed,Card
14754,1832,2025-01-22,Completed,PayPal
14755,988,2024-10-05,Cancelled,Card
14756,2702,2024-04-11,Completed,PayPal
14757,3713,2025-08-11,Completed,PayPal
14758,3908,2025-01-24,Completed,PayPal
14759,2865,2024-07-20,Completed,Card
14760,755,2025-07-20,Completed,PayPal
14761,676,2025-12-21,Returned,Card
14762,4928,2025-01-26,Completed,Card
14763,4124,2024-12-19,Completed,Card
14764,4512,2025-08-15,Completed,PayPal
14765,1711,2024-08-22,Completed,Card
14766,3476,2024-04-23,Cancelled,PayPal
14767,542,2024-03-07,Completed,Card
14768,165,2024-02-09,Completed,Card
14769,2256,2024-04-12,Completed,Card
14770,985,2025-02-14,Completed,Card
14771,2662,2024-10-21,Completed,Card
14772,4469,2025-07-18,Completed,PayPal
14773,618,2025-07-17,Cancelled,Card
14774,3914,2024-02-06,Completed,Card
14775,69,2024-03-07,Completed,Card
14776,3425,2025-02-06,Completed,PayPal
14777,4197,2025-11-04,Completed,Card
14778,1,2024-07-24,Returned,PayPal
14779,2399,2024-12-06,Cancelled,PayPal
14780,2055,2024-02-21,Completed,Bank Transfer
14781,4414,2025-03-01,Cancelled,PayPal
14782,186,2024-07-27,Completed,Card
14783,4824,2025-05-28,Completed,Card
14784,2510,2025-10-02,Completed,PayPal
14785,4439,2024-06-26,Cancelled,Bank Transfer
14786,4809,2025-11-06,Cancelled,Card
14787,3080,2024-01-22,Completed,Card
14788,136,2025-01-03,Completed,Card
14789,383,2024-03-22,Completed,Card
14790,4282,2024-06-12,Completed,Card
14791,2687,2025-01-11,Completed,Card
14792,928,2024-01-03,Completed,PayPal
14793,3444,2025-11-14,Completed,Card
14794,561,2024-04-27,Completed,Bank Transfer
14795,1190,2025-10-17,Completed,Card
14796,898,2025-01-29,Completed,Card
14797,2369,2024-09-22,Completed,PayPal
14798,1739,2025-03-10,Completed,Card
14799,4954,2025-11-12,Completed,Card
14800,3046,2025-12-25,Completed,Card
14801,4381,2024-08-14,Completed,Bank Transfer
14802,3873,2025-01-10,Completed,Card
14803,2399,2024-09-18,Completed,Bank Transfer
14804,4762,2024-12-31,Completed,PayPal
14805,1394,2025-03-03,Completed,Card
14806,2589,2024-01-08,Completed,Card
14807,3467,2024-02-10,Completed,Card
14808,2025,2024-09-13,Completed,PayPal
14809,3686,2025-10-04,Completed,Card
14810,930,2025-07-17,Completed,Bank Transfer
14811,4310,2024-04-11,Completed,Card
14812,4400,2024-08-06,Completed,Card
14813,3227,2024-08-31,Completed,Card
14814,1404,2024-10-29,Completed,PayPal
14815,200,2025-01-04,Completed,Card
14816,3752,2024-10-01,Completed,Bank Transfer
14817,2286,2024-03-10,Completed,Card
14818,671,2024-02-16,Completed,Bank Transfer
14819,1729,2024-04-26,Completed,PayPal
14820,3239,2025-08-12,Completed,Card
14821,1250,2025-05-31,Completed,Card
14822,879,2024-09-10,Completed,Card
14823,4347,2025-09-10,Completed,Card
14824,3352,2024-06-21,Completed,Card
14825,2524,2025-03-04,Completed,PayPal
14826,498,2024-02-05,Completed,Card
14827,1988,2025-02-10,Completed,PayPal
14828,978,2025-02-19,Completed,Card
14829,3045,2025-11-15,Completed,PayPal
14830,2749,2025-02-15,Completed,PayPal
14831,4880,2025-05-02,Completed,PayPal
14832,2477,2025-11-22,Completed,Card
14833,539,2024-11-16,Completed,Card
14834,4041,2024-03-13,Completed,Card
14835,901,2025-07-22,Completed,PayPal
14836,1467,2025-07-31,Completed,Card
14837,3016,2025-10-05,Cancelled,PayPal
14838,4306,2025-02-16,Cancelled,Card
14839,1734,2024-05-03,Cancelled,PayPal
14840,491,2025-01-19,Completed,Card
14841,1710,2025-08-26,Completed,Bank Transfer
14842,1754,2025-10-14,Completed,Card
14843,1919,2024-08-19,Completed,Card
14844,2035,2025-08-04,Completed,PayPal
14845,2712,2025-03-08,Completed,Card
14846,1487,2025-05-05,Completed,PayPal
14847,1501,2025-11-17,Completed,Card
14848,198,2024-03-26,Completed,PayPal
14849,1968,2024-01-30,Completed,Bank Transfer
14850,4617,2025-10-28,Returned,PayPal
14851,1535,2024-07-18,Completed,Card
14852,1714,2024-06-04,Completed,Card
14853,1349,2025-06-15,Completed,Bank Transfer
14854,4784,2025-12-15,Completed,Card
14855,4563,2024-05-31,Completed,PayPal
14856,3845,2024-03-17,Completed,Card
14857,596,2024-11-23,Completed,PayPal
14858,139,2024-06-20,Completed,Card
14859,1015,2025-02-08,Completed,Card
14860,242,2025-02-09,Completed,Card
14861,2364,2025-11-28,Completed,Card
14862,733,2024-12-27,Completed,PayPal
14863,135,2024-05-07,Cancelled,Card
14864,3260,2025-06-06,Completed,Bank Transfer
14865,3762,2024-12-01,Completed,Card
14866,2627,2025-11-23,Completed,Bank Transfer
14867,3141,2024-09-21,Completed,PayPal
14868,2487,2024-07-13,Completed,Card
14869,2125,2024-04-09,Completed,Card
14870,1511,2025-07-17,Completed,Bank Transfer
14871,1819,2025-01-05,Completed,Card
14872,4854,2025-03-03,Completed,Card
14873,2797,2025-08-09,Completed,Card
14874,4513,2024-05-12,Completed,PayPal
14875,4303,2024-09-12,Cancelled,Bank Transfer
14876,1644,2025-03-25,Completed,Card
14877,2769,2025-12-21,Completed,Card
14878,4407,2025-02-07,Completed,Card
14879,3365,2025-10-16,Completed,Bank Transfer
14880,1400,2025-08-02,Completed,Card
14881,1551,2024-02-23,Completed,Bank Transfer
14882,3412,2025-02-10,Completed,PayPal
14883,83,2025-01-19,Completed,PayPal
14884,1480,2024-08-29,Completed,Bank Transfer
14885,2921,2024-02-16,Completed,Card
14886,2284,2024-04-24,Completed,Card
14887,2441,2025-12-08,Completed,Card
14888,1783,2024-05-09,Completed,Card
14889,605,2025-07-10,Completed,Card
14890,4334,2024-06-03,Completed,Bank Transfer
14891,731,2025-05-09,Completed,Card
14892,1361,2024-03-22,Completed,Card
14893,2079,2025-10-30,Completed,Card
14894,978,2024-01-25,Completed,Card
14895,1638,2024-11-29,Completed,Card
14896,1982,2024-06-30,Completed,PayPal
14897,2951,2025-03-07,Completed,Card
14898,3301,2024-06-22,Completed,Bank Transfer
14899,4005,2024-02-10,Returned,Card
14900,583,2025-03-20,Completed,Card
14901,460,2025-01-29,Completed,Card
14902,136,2024-10-14,Completed,Card
14903,1977,2025-07-14,Completed,PayPal
14904,978,2024-09-18,Completed,Card
14905,284,2024-02-26,Completed,Card
14906,2898,2024-01-06,Completed,PayPal
14907,2399,2025-07-12,Completed,PayPal
14908,4113,2025-07-28,Completed,Card
14909,1239,2025-08-01,Completed,PayPal
14910,3467,2025-11-25,Completed,PayPal
14911,2462,2024-06-10,Cancelled,Card
14912,3167,2024-10-23,Completed,PayPal
14913,3705,2025-09-08,Completed,Bank Transfer
14914,2054,2024-02-26,Completed,Card
14915,780,2025-06-11,Completed,Card
14916,2135,2024-02-28,Completed,PayPal
14917,2237,2024-06-14,Completed,Card
14918,1640,2025-06-29,Completed,PayPal
14919,420,2024-02-15,Completed,Card
14920,1827,2024-02-16,Completed,Bank Transfer
14921,3139,2025-01-24,Completed,Bank Transfer
14922,3690,2024-09-08,Cancelled,Card
14923,4956,2024-06-14,Completed,Bank Transfer
14924,207,2025-01-02,Completed,Card
14925,3391,2025-01-13,Completed,Card
14926,3871,2024-11-12,Completed,PayPal
14927,3797,2024-05-11,Cancelled,Card
14928,2535,2025-01-23,Completed,PayPal
14929,2181,2025-08-04,Completed,Card
14930,4211,2025-07-25,Completed,Card
14931,4307,2025-12-17,Completed,PayPal
14932,4228,2024-12-13,Completed,Card
14933,1398,2025-09-09,Completed,Card
14934,4250,2025-05-11,Completed,Card
14935,1447,2025-11-26,Completed,PayPal
14936,952,2025-05-25,Completed,Card
14937,4022,2025-06-02,Completed,Card
14938,1718,2025-03-27,Completed,Card
14939,4243,2025-06-26,Completed,PayPal
14940,3806,2024-08-03,Completed,PayPal
14941,3199,2025-04-14,Completed,Card
14942,4811,2024-10-30,Completed,PayPal
14943,1597,2024-10-24,Completed,PayPal
14944,3734,2024-12-11,Completed,Card
14945,3217,2024-10-12,Completed,Card
14946,907,2024-05-05,Completed,PayPal
14947,3751,2024-02-20,Completed,PayPal
14948,4059,2025-02-22,Completed,PayPal
14949,2155,2025-12-02,Completed,Card
14950,4925,2024-02-20,Completed,Card
14951,1338,2025-04-15,Completed,Card
14952,4107,2025-01-10,Completed,Bank Transfer
14953,2496,2024-12-30,Completed,PayPal
14954,2975,2024-08-19,Cancelled,Card
14955,2443,2025-11-20,Completed,Bank Transfer
14956,4474,2025-10-31,Completed,Card
14957,361,2025-10-20,Completed,Card
14958,3065,2025-04-24,Completed,PayPal
14959,4738,2024-11-01,Completed,Card
14960,573,2025-03-13,Completed,Card
14961,1956,2024-09-07,Completed,PayPal
14962,3045,2024-12-07,Completed,PayPal
14963,1585,2024-05-11,Completed,PayPal
14964,2234,2025-06-07,Completed,PayPal
14965,3293,2025-10-16,Completed,PayPal
14966,3247,2025-05-20,Completed,Card
14967,1815,2025-02-02,Completed,PayPal
14968,4042,2024-04-27,Completed,PayPal
14969,1890,2024-03-01,Cancelled,PayPal
14970,1900,2024-06-29,Completed,Card
14971,2656,2024-11-08,Completed,Card
14972,2330,2024-09-21,Completed,PayPal
14973,3719,2024-01-29,Completed,Card
14974,1057,2024-09-19,Completed,Bank Transfer
14975,2130,2025-12-12,Completed,Card
14976,1507,2025-09-08,Completed,Card
14977,1631,2025-08-13,Completed,Card
14978,992,2025-10-17,Returned,Card
14979,4591,2025-12-11,Completed,Bank Transfer
14980,1194,2025-09-09,Completed,Card
14981,3969,2024-12-04,Completed,Card
14982,703,2025-02-25,Completed,Card
14983,1031,2024-03-29,Completed,PayPal
14984,4922,2024-11-27,Completed,Card
14985,2482,2025-03-06,Completed,PayPal
14986,563,2024-05-31,Completed,Card
14987,367,2025-12-08,Completed,Card
14988,794,2024-05-05,Cancelled,Card
14989,3104,2024-02-12,Completed,Card
14990,4732,2025-02-24,Completed,Card
14991,987,2025-11-15,Completed,Card
14992,958,2025-05-04,Completed,PayPal
14993,3596,2025-07-19,Completed,Card
14994,855,2024-09-09,Completed,Card
14995,1570,2025-12-08,Completed,Card
14996,2257,2025-04-28,Completed,PayPal
14997,3910,2024-10-19,Completed,PayPal
14998,4104,2024-08-04,Cancelled,PayPal
14999,4833,2024-06-17,Completed,Card
15000,2223,2025-10-01,Completed,Card
15001,4177,2025-01-19,completed,Card
15002,238,2024-01-16,Completed,Card
15003,3289,2024-02-06,Completed,Card
15004,4283,2025-02-24,Completed,Card
15005,4726,2024-10-22,Completed,Bank Transfer
15006,1733,2025-03-10,Completed,Card
15007,3062,2024-11-15,Completed,PayPal
15008,815,2025-09-17,Completed,Card
15009,4710,2025-06-17,Completed,Card
15010,1187,2024-10-25,Cancelled,Bank Transfer
15011,2226,2025-07-27,Completed,PayPal
15012,985,2025-11-24,Completed,Card
15013,798,2024-01-16,Completed,Card
15014,4163,2025-01-29,Completed,Card
15015,544,2024-10-03,Completed,Card
15016,520,2025-10-10,Completed,Card
15017,2547,2024-10-09,Completed,Card
15018,1455,2025-09-30,Completed,Card
15019,1059,2024-03-26,Completed,Card
15020,2237,2024-07-25,Cancelled,Card
15021,1113,2025-10-24,Completed,Card
15022,3407,2025-07-16,Completed,PayPal
15023,947,2025-04-21,Completed,Bank Transfer
15024,4031,2025-08-14,Completed,Bank Transfer
15025,136,2024-05-10,Completed,Card
15026,2594,2025-02-03,Completed,Card
15027,793,2024-05-15,Completed,Bank Transfer
15028,1137,2024-12-11,Completed,Card
15029,1363,2024-06-18,Completed,Card
15030,555,2024-06-11,Completed,PayPal
15031,2573,2024-07-17,Completed,Card
15032,3404,2024-02-17,Completed,Card
15033,2255,2025-05-08,Completed,Card
15034,1367,2024-04-12,Completed,Card
15035,949,2025-07-01,Cancelled,Card
15036,104,2024-01-06,Completed,Card
15037,1047,2025-12-11,Completed,Card
15038,4027,2024-01-12,Completed,PayPal
15039,2615,2024-04-12,Completed,Card
15040,3332,2025-11-29,Completed,Card
15041,964,2025-11-20,Completed,Card
15042,3272,2025-03-02,Completed,Card
15043,838,2024-06-19,Completed,Card
15044,2459,2025-11-19,Completed,Card
15045,882,2024-03-29,Completed,Bank Transfer
15046,3189,2025-12-16,Completed,Card
15047,4520,2025-03-14,Completed,PayPal
15048,2203,2024-12-12,Completed,PayPal
15049,3335,2024-07-29,Completed,Card
15050,2199,2025-12-25,Completed,Bank Transfer
15051,212,2025-03-09,Completed,PayPal
15052,1216,2025-06-16,Completed,Card
15053,881,2025-08-22,Cancelled,Card
15054,755,2025-06-08,Completed,Card
15055,701,2025-03-01,Completed,Card
15056,2220,2024-04-29,Completed,Card
15057,371,2024-06-26,Completed,PayPal
15058,1733,2024-05-08,Completed,Card
15059,802,2025-07-16,Completed,Bank Transfer
15060,990,2025-02-21,Completed,Card
15061,4772,2025-07-07,Completed,Card
15062,416,2024-11-13,Completed,Card
15063,2966,2025-08-29,Completed,Card
15064,3338,2024-08-29,Completed,Card
15065,3613,2024-12-21,Completed,Card
15066,1621,2025-07-26,Completed,Card
15067,1536,2025-03-13,Completed,PayPal
15068,4345,2025-04-02,Cancelled,PayPal
15069,2793,2025-03-17,Completed,Card
15070,573,2024-08-15,Completed,Bank Transfer
15071,4894,2025-02-11,Completed,PayPal
15072,4857,2024-10-03,Completed,PayPal
15073,3656,2024-01-18,Completed,Card
15074,293,2024-11-06,Completed,Card
15075,4294,2024-11-19,Completed,PayPal
15076,80,2024-02-16,Cancelled,Card
15077,4233,2025-06-13,Completed,Card
15078,4309,2025-12-13,Completed,Card
15079,1863,2025-05-14,Completed,Card
15080,619,2024-07-10,Completed,Card
15081,960,2024-02-18,Completed,PayPal
15082,3279,2024-04-03,Completed,PayPal
15083,3736,2024-06-15,Completed,PayPal
15084,2214,2025-05-08,Completed,PayPal
15085,3575,2024-09-10,Cancelled,Card
15086,3997,2024-02-26,Cancelled,Card
15087,2478,2024-01-06,Completed,Card
15088,3252,2024-08-25,Completed,Card
15089,2169,2024-08-11,Completed,PayPal
15090,3246,2025-08-12,Completed,PayPal
15091,2379,2024-01-20,Completed,Card
15092,1723,2024-07-22,Completed,PayPal
15093,1162,2024-05-21,Completed,Card
15094,1890,2025-01-10,Completed,PayPal
15095,2041,2025-02-10,Completed,PayPal
15096,3972,2024-03-20,Completed,PayPal
15097,3402,2024-07-28,Completed,Card
15098,3310,2024-11-07,Completed,Card
15099,1100,2025-01-11,Completed,Card
15100,4019,2024-02-09,Completed,Card
15101,1689,2024-12-18,Completed,Bank Transfer
15102,4133,2025-03-28,Returned,Card
15103,845,2025-02-26,Cancelled,Card
15104,1644,2025-12-14,Completed,Bank Transfer
15105,2334,2024-03-26,Completed,Card
15106,1264,2025-07-08,Completed,PayPal
15107,2935,2024-08-23,Completed,PayPal
15108,3686,2025-02-18,Completed,PayPal
15109,216,2025-08-04,Completed,Bank Transfer
15110,4777,2024-12-21,Completed,Card
15111,3658,2025-10-04,Completed,Card
15112,2341,2025-10-05,Completed,Card
15113,1508,2024-09-04,Completed,Card
15114,2091,2025-10-28,Completed,Card
15115,3379,2025-08-23,Completed,Bank Transfer
15116,1117,2024-08-16,Completed,Card
15117,2741,2025-06-22,Completed,Card
15118,2162,2024-12-26,Completed,Bank Transfer
15119,3257,2024-06-23,Completed,PayPal
15120,2969,2025-01-08,Completed,Bank Transfer
15121,1149,2024-03-01,Completed,Bank Transfer
15122,3177,2024-06-18,Completed,Bank Transfer
15123,4254,2025-05-21,Completed,PayPal
15124,3346,2025-02-17,Completed,Card
15125,3962,2024-04-25,Returned,Card
15126,1141,2024-06-23,Completed,Bank Transfer
15127,2934,2025-02-27,Completed,Card
15128,2108,2024-05-07,Completed,Bank Transfer
15129,2449,2025-05-03,Completed,Bank Transfer
15130,828,2024-01-05,Returned,Card
15131,1204,2024-11-21,Completed,PayPal
15132,3304,2025-11-28,Completed,Card
15133,845,2024-06-20,Completed,PayPal
15134,2972,2024-07-17,Completed,Card
15135,1269,2024-08-18,Completed,Bank Transfer
15136,4734,2025-09-18,Completed,Card
15137,4745,2024-11-28,Completed,Card
15138,1630,2025-04-10,Completed,PayPal
15139,3531,2025-02-27,Completed,PayPal
15140,804,2024-11-08,Completed,Card
15141,128,2025-06-06,Completed,Card
15142,952,2025-02-27,Completed,PayPal
15143,2265,2025-09-07,Completed,Card
15144,20,2024-06-23,Completed,Bank Transfer
15145,3639,2025-01-08,Completed,Bank Transfer
15146,1782,2025-09-23,Completed,PayPal
15147,3835,2024-08-24,Completed,Card
15148,3132,2025-03-18,Completed,Card
15149,4771,2024-02-07,Cancelled,Card
15150,4835,2025-06-22,Completed,Card
15151,557,2025-09-26,Completed,Card
15152,2245,2024-06-04,Completed,PayPal
15153,2984,2025-12-29,Completed,Bank Transfer
15154,3564,2024-07-12,Completed,Card
15155,2726,2024-06-09,Completed,Card
15156,4600,2025-10-01,Completed,Card
15157,4834,2025-11-20,Completed,Card
15158,4888,2024-05-05,Completed,Bank Transfer
15159,3332,2025-11-16,Completed,Card
15160,197,2025-06-30,Completed,Card
15161,2829,2024-08-26,Completed,Card
15162,4840,2024-02-10,Completed,Card
15163,3989,2024-07-04,Cancelled,PayPal
15164,2470,2025-04-05,Completed,PayPal
15165,1631,2025-11-25,Completed,Card
15166,3279,2025-01-23,Completed,Bank Transfer
15167,2039,2024-09-17,Completed,PayPal
15168,2480,2025-02-09,Completed,Card
15169,4331,2025-06-29,Completed,PayPal
15170,4575,2025-03-24,Completed,Card
15171,2476,2025-11-29,Completed,Card
15172,4762,2025-02-04,Completed,Card
15173,3310,2024-11-02,Completed,Card
15174,3179,2024-05-16,Completed,PayPal
15175,1388,2024-07-20,Completed,PayPal
15176,642,2025-10-16,Completed,Card
15177,575,2025-09-12,Completed,Card
15178,3145,2024-06-05,Completed,PayPal
15179,1722,2024-09-11,Completed,PayPal
15180,1019,2024-06-29,Completed,Card
15181,4059,2025-02-12,Completed,PayPal
15182,3421,2024-01-28,Completed,PayPal
15183,400,2025-10-24,Completed,PayPal
15184,4691,2025-09-03,Completed,Card
15185,1457,2025-05-29,Completed,PayPal
15186,1596,2025-06-28,Completed,Card
15187,117,2024-07-17,Completed,PayPal
15188,383,2024-03-09,Completed,PayPal
15189,4955,2025-08-24,Completed,PayPal
15190,2130,2024-01-17,Completed,Card
15191,1851,2025-06-29,Completed,Card
15192,832,2024-02-29,Completed,PayPal
15193,4969,2024-07-02,Completed,Card
15194,2701,2024-12-30,Cancelled,Card
15195,2782,2025-03-09,Completed,Card
15196,3482,2024-07-17,Completed,Card
15197,2118,2024-08-19,Completed,Card
15198,4483,2025-12-23,Completed,Card
15199,2007,2025-01-02,Completed,PayPal
15200,2572,2025-03-05,Completed,Card
15201,297,2025-07-17,Completed,Card
15202,719,2024-04-28,Completed,PayPal
15203,3137,2024-11-25,Returned,Card
15204,3080,2024-08-02,Completed,Bank Transfer
15205,11,2024-11-17,Completed,PayPal
15206,4881,2024-05-28,Completed,Card
15207,411,2025-02-11,Completed,PayPal
15208,2940,2025-11-18,Completed,Card
15209,2655,2025-01-11,Completed,PayPal
15210,3187,2024-11-15,Completed,Card
15211,3451,2024-01-05,Completed,Card
15212,599,2025-02-05,Cancelled,Card
15213,824,2025-09-19,Completed,Card
15214,2398,2024-07-21,Completed,Card
15215,4115,2024-02-06,Completed,Card
15216,313,2024-02-23,Completed,Bank Transfer
15217,2975,2024-10-14,Cancelled,Card
15218,3739,2024-10-10,Completed,Card
15219,2493,2025-08-20,Completed,Card
15220,1946,2024-02-14,Completed,PayPal
15221,231,2024-10-10,Completed,Card
15222,3741,2025-08-04,Completed,Bank Transfer
15223,2673,2024-02-11,Completed,PayPal
15224,3455,2025-02-20,Completed,Card
15225,3584,2024-09-28,Completed,PayPal
15226,44,2024-05-20,Completed,Card
15227,2925,2025-07-24,Completed,Card
15228,3694,2024-02-16,Completed,Card
15229,2271,2024-06-15,Completed,Card
15230,3458,2025-09-13,Completed,PayPal
15231,2950,2024-05-05,Completed,Card
15232,2319,2025-04-16,Completed,Card
15233,3386,2025-09-12,Completed,PayPal
15234,2295,2025-11-07,Completed,Card
15235,2996,2025-01-04,Completed,Bank Transfer
15236,3639,2025-08-10,Completed,PayPal
15237,4917,2024-01-07,Completed,Card
15238,3368,2025-11-28,Completed,Card
15239,3285,2024-10-02,Completed,Card
15240,2343,2025-08-13,Completed,Bank Transfer
15241,171,2024-03-05,Completed,Card
15242,4342,2025-09-18,Completed,Card
15243,1640,2024-07-20,Completed,Card
15244,617,2024-05-21,Completed,Bank Transfer
15245,240,2024-04-07,Completed,Bank Transfer
15246,4494,2024-08-04,Completed,Card
15247,1857,2025-08-08,Completed,Card
15248,923,2024-10-19,Completed,PayPal
15249,4888,2025-05-22,Completed,Card
15250,1905,2024-05-13,Completed,Card
15251,3150,2024-09-18,Completed,Card
15252,813,2024-10-10,Completed,Card
15253,5000,2024-04-11,Completed,PayPal
15254,1731,2025-01-11,Completed,Card
15255,832,2024-07-24,Completed,PayPal
15256,3425,2025-10-14,Completed,Card
15257,2208,2024-01-13,Cancelled,PayPal
15258,4840,2024-05-02,Completed,Card
15259,3433,2024-01-10,Completed,Card
15260,4909,2025-08-14,Completed,PayPal
15261,3369,2024-06-15,Completed,PayPal
15262,2228,2025-09-02,Completed,Card
15263,2261,2025-12-19,Completed,Bank Transfer
15264,4626,2024-05-30,Completed,Card
15265,2918,2024-02-06,Completed,Card
15266,3521,2025-04-18,Completed,PayPal
15267,4381,2025-03-19,Completed,PayPal
15268,2709,2024-12-07,Completed,Card
15269,1821,2024-01-05,Completed,PayPal
15270,649,2024-08-13,Completed,Card
15271,189,2025-06-22,Completed,Card
15272,1223,2024-05-03,Completed,Bank Transfer
15273,479,2025-02-06,Completed,PayPal
15274,3063,2024-02-04,Completed,Card
15275,2026,2024-08-24,Completed,Card
15276,4613,2025-04-12,Completed,Card
15277,1889,2025-05-13,Cancelled,PayPal
15278,1551,2025-05-26,Completed,PayPal
15279,2917,2024-11-12,Returned,PayPal
15280,3256,2024-10-29,Completed,PayPal
15281,2807,2024-04-11,Completed,Card
15282,34,2025-08-11,Completed,PayPal
15283,296,2024-11-07,Cancelled,Card
15284,2501,2024-03-22,Completed,Card
15285,3780,2025-10-19,Completed,Bank Transfer
15286,3577,2024-07-11,Completed,PayPal
15287,1430,2024-08-11,Completed,Bank Transfer
15288,2190,2024-02-22,Completed,PayPal
15289,1988,2024-12-10,Completed,PayPal
15290,4744,2024-03-25,Cancelled,Card
15291,2883,2025-10-02,Completed,Card
15292,1710,2024-07-29,Completed,PayPal
15293,2778,2024-07-01,Completed,Card
15294,3698,2024-09-28,Completed,Card
15295,1548,2025-05-20,Cancelled,Card
15296,463,2024-08-14,Completed,Card
15297,3316,2024-01-12,Completed,Card
15298,3305,2024-04-02,Completed,PayPal
15299,514,2024-11-25,Completed,Bank Transfer
15300,4097,2024-07-08,Completed,Bank Transfer
15301,3567,2025-08-20,Completed,PayPal
15302,3804,2024-10-19,Completed,Bank Transfer
15303,3688,2024-09-17,Completed,Card
15304,3939,2025-12-10,Completed,Card
15305,3490,2024-11-18,Completed,Card
15306,1472,2024-01-10,Completed,PayPal
15307,338,2024-03-28,Completed,PayPal
15308,3082,2024-12-05,Cancelled,Bank Transfer
15309,3413,2024-11-13,Completed,PayPal
15310,2393,2025-07-02,Completed,PayPal
15311,977,2024-08-10,Completed,Card
15312,4979,2025-11-17,Completed,Card
15313,2246,2024-07-27,Completed,Card
15314,4069,2024-02-18,Completed,Card
15315,1704,2025-06-19,Completed,Card
15316,872,2025-09-09,Completed,Card
15317,3410,2024-09-19,Completed,Card
15318,2590,2024-07-24,Completed,PayPal
15319,4553,2025-11-11,Cancelled,PayPal
15320,1550,2025-05-11,Completed,Card
15321,3508,2025-10-31,Completed,Bank Transfer
15322,4462,2025-04-09,Completed,PayPal
15323,2622,2025-09-26,Completed,Card
15324,2530,2024-01-20,Completed,Card
15325,2158,2025-07-21,Completed,Card
15326,2357,2024-04-17,Completed,Card
15327,160,2024-05-19,Completed,Card
15328,4940,2024-03-31,Completed,Card
15329,2103,2024-09-27,Completed,Card
15330,2809,2024-11-24,Completed,Card
15331,2000,2024-07-28,Cancelled,PayPal
15332,2582,2025-11-18,Completed,Card
15333,2994,2025-07-26,Completed,Card
15334,2935,2025-03-30,Completed,Card
15335,2312,2024-10-10,Completed,Card
15336,2796,2024-12-31,Completed,Card
15337,4329,2025-04-28,Completed,PayPal
15338,4329,2024-01-03,Completed,PayPal
15339,3589,2024-06-12,Completed,Card
15340,3117,2025-01-22,Completed,Card
15341,4654,2024-01-09,Cancelled,Card
15342,3748,2024-12-31,Completed,PayPal
15343,1950,2024-01-12,Completed,Card
15344,1460,2024-03-14,Completed,PayPal
15345,4431,2024-08-25,Completed,Card
15346,2452,2024-04-17,Completed,PayPal
15347,4352,2025-06-08,Completed,Bank Transfer
15348,3068,2024-08-21,Cancelled,Card
15349,4091,2025-03-14,Cancelled,Card
15350,2989,2025-04-25,Completed,Card
15351,772,2024-04-01,Completed,Card
15352,1112,2024-07-16,Completed,Card
15353,3312,2024-04-25,Completed,Card
15354,4407,2025-10-04,Completed,Card
15355,1595,2024-12-30,Completed,Card
15356,2730,2024-06-01,Completed,PayPal
15357,1282,2025-09-24,Completed,PayPal
15358,3586,2024-04-17,Returned,Bank Transfer
15359,2829,2025-06-11,Completed,PayPal
15360,2374,2024-02-25,Cancelled,Card
15361,4886,2025-03-27,Completed,Bank Transfer
15362,342,2025-01-26,Completed,PayPal
15363,4934,2025-09-06,Completed,PayPal
15364,4724,2024-07-26,Completed,Card
15365,2819,2025-05-24,Completed,PayPal
15366,2926,2025-10-24,Completed,Bank Transfer
15367,1273,2025-07-08,Completed,PayPal
15368,710,2024-10-26,Completed,Card
15369,739,2025-09-21,Cancelled,Card
15370,1779,2024-10-05,Completed,Card
15371,4591,2024-05-23,Cancelled,PayPal
15372,4131,2024-07-22,Cancelled,Card
15373,3719,2024-08-16,Completed,PayPal
15374,4914,2024-09-21,Completed,Card
15375,10,2025-04-10,Completed,Card
15376,1738,2024-05-16,Completed,Card
15377,2579,2024-08-27,Completed,Card
15378,1559,2025-11-28,Completed,Card
15379,2143,2025-03-24,Completed,PayPal
15380,2624,2024-11-10,Completed,Bank Transfer
15381,4001,2024-05-30,Completed,Card
15382,4546,2024-11-20,Completed,Card
15383,2144,2025-02-06,Completed,Card
15384,865,2024-12-18,Completed,PayPal
15385,1801,2024-04-19,Completed,PayPal
15386,3453,2025-04-10,Completed,PayPal
15387,2717,2024-02-09,Completed,Card
15388,4303,2025-10-15,Completed,Card
15389,1810,2024-12-05,Completed,Card
15390,4946,2025-01-06,Completed,Card
15391,4342,2025-06-08,Completed,Card
15392,1998,2025-05-21,Completed,Bank Transfer
15393,2932,2024-02-22,Completed,Bank Transfer
15394,2131,2024-03-20,Completed,Card
15395,4413,2024-12-16,Cancelled,Card
15396,2693,2025-07-04,Completed,Bank Transfer
15397,3177,2024-12-05,Completed,Card
15398,2797,2024-04-30,Completed,PayPal
15399,4696,2024-03-05,Completed,Card
15400,1556,2025-03-15,Completed,Card
15401,3691,2024-10-22,Completed,Card
15402,4937,2024-07-23,Completed,Card
15403,3573,2025-10-08,Completed,PayPal
15404,4444,2025-07-10,Completed,Card
15405,331,2024-10-04,Completed,Card
15406,4706,2024-05-14,Completed,Card
15407,1945,2025-01-12,Completed,PayPal
15408,4840,2024-02-21,Completed,Card
15409,3959,2025-08-02,Returned,Card
15410,4665,2025-12-10,Completed,Card
15411,1685,2024-03-07,Completed,Card
15412,2437,2024-01-03,Cancelled,Card
15413,971,2025-07-23,Completed,PayPal
15414,747,2025-03-26,Completed,PayPal
15415,2185,2025-05-24,Completed,Card
15416,1385,2025-03-13,Completed,PayPal
15417,4031,2025-06-11,Completed,Card
15418,1019,2024-04-11,Completed,PayPal
15419,2579,2025-03-12,Completed,PayPal
15420,4112,2024-01-21,Completed,Bank Transfer
15421,4664,2025-01-21,Completed,Card
15422,3941,2025-06-16,Completed,Bank Transfer
15423,2025,2024-04-01,Completed,PayPal
15424,1543,2024-05-12,Completed,PayPal
15425,2712,2025-05-19,Completed,Card
15426,3047,2025-03-28,Completed,PayPal
15427,1455,2025-11-17,Returned,PayPal
15428,3004,2025-12-25,Completed,Card
15429,1703,2024-05-27,Completed,Card
15430,4421,2024-08-19,Completed,PayPal
15431,3874,2024-06-13,Completed,Bank Transfer
15432,122,2024-11-09,Completed,PayPal
15433,1477,2025-10-18,Completed,Card
15434,266,2024-10-24,Completed,PayPal
15435,28,2024-08-10,Completed,Card
15436,2125,2024-12-18,Completed,Card
15437,432,2025-02-19,Completed,Card
15438,4975,2024-03-02,Returned,Card
15439,3778,2025-08-30,Completed,Card
15440,4532,2025-09-15,Completed,Card
15441,1086,2025-01-10,Completed,PayPal
15442,2095,2025-08-21,Completed,Card
15443,2486,2025-02-08,Completed,Card
15444,101,2024-09-11,Completed,Card
15445,2155,2025-03-26,Completed,Card
15446,3049,2025-01-24,Completed,Card
15447,4983,2025-09-16,Completed,Card
15448,800,2024-12-13,Completed,Card
15449,3823,2025-05-16,Completed,Card
15450,1296,2024-11-17,Completed,PayPal
15451,435,2025-06-27,Completed,Card
15452,3805,2024-03-04,Completed,Card
15453,2614,2024-06-02,Completed,Card
15454,916,2025-05-31,Completed,Card
15455,2276,2025-01-29,Completed,PayPal
15456,4641,2024-11-25,Completed,Card
15457,648,2025-04-07,Completed,Card
15458,2296,2025-12-22,Completed,Card
15459,4079,2024-04-01,Completed,Card
15460,1432,2024-08-09,Completed,Card
15461,2362,2024-07-08,Completed,Card
15462,4133,2025-07-25,Completed,Card
15463,724,2024-07-23,Completed,Card
15464,1548,2024-07-30,Completed,PayPal
15465,980,2024-03-29,Completed,Card
15466,84,2024-12-28,Completed,PayPal
15467,3487,2025-01-05,Completed,PayPal
15468,1366,2024-11-27,Completed,Card
15469,4815,2025-12-08,Completed,PayPal
15470,550,2025-03-01,Completed,Card
15471,3493,2025-03-30,Cancelled,Card
15472,2763,2025-11-25,Completed,PayPal
15473,3854,2025-02-25,Completed,PayPal
15474,4683,2024-06-19,Completed,Bank Transfer
15475,3200,2025-12-10,Completed,Card
15476,152,2024-09-05,Completed,Card
15477,3499,2024-06-29,Completed,Card
15478,2213,2025-04-19,Completed,Card
15479,2986,2025-04-27,Cancelled,Card
15480,4095,2025-01-18,Cancelled,Card
15481,1568,2025-02-07,Completed,Card
15482,212,2024-06-09,Completed,PayPal
15483,4838,2024-09-04,Completed,Card
15484,2180,2024-11-14,Completed,Card
15485,3224,2025-11-30,Completed,Bank Transfer
15486,4192,2025-06-14,Completed,Card
15487,1527,2024-04-22,Completed,Bank Transfer
15488,522,2025-07-16,Completed,Card
15489,3947,2024-12-09,Completed,Card
15490,1703,2024-05-02,Completed,Card
15491,18,2024-11-14,Cancelled,Card
15492,3481,2025-07-27,Completed,PayPal
15493,1720,2025-04-22,Completed,PayPal
15494,3317,2025-02-16,Completed,Bank Transfer
15495,4015,2025-08-08,Completed,PayPal
15496,879,2024-09-01,Completed,PayPal
15497,594,2025-06-27,Completed,Card
15498,4739,2025-04-01,Completed,Card
15499,4897,2024-06-01,Completed,Card
15500,4551,2025-10-17,Completed,PayPal
15501,1610,2024-01-15,Completed,Card
15502,876,2025-03-18,Completed,Card
15503,3232,2024-10-30,Completed,PayPal
15504,2449,2024-09-01,Completed,Card
15505,4558,2025-07-20,Completed,Card
15506,2137,2025-07-07,Completed,Card
15507,2054,2025-03-30,Completed,PayPal
15508,84,2024-12-24,Completed,Card
15509,1440,2024-02-21,Completed,PayPal
15510,2669,2024-01-11,Completed,Card
15511,2220,2025-08-22,Completed,Card
15512,699,2024-08-14,Completed,PayPal
15513,1821,2024-04-23,Completed,Bank Transfer
15514,4626,2025-06-20,Completed,Card
15515,4415,2025-08-26,Completed,PayPal
15516,1099,2024-03-27,Completed,PayPal
15517,2895,2025-08-15,Completed,Card
15518,3418,2024-09-06,Completed,PayPal
15519,249,2024-09-06,Completed,PayPal
15520,4483,2025-02-24,Completed,Card
15521,1958,2024-07-28,Returned,Bank Transfer
15522,1891,2025-06-04,Completed,Card
15523,4459,2025-09-02,Completed,Card
15524,3368,2025-07-01,Completed,PayPal
15525,2116,2024-02-26,Completed,PayPal
15526,3064,2024-03-03,Completed,PayPal
15527,1807,2024-12-03,Completed,PayPal
15528,296,2025-12-25,Completed,Card
15529,2695,2025-06-15,Completed,PayPal
15530,1992,2024-01-06,Completed,Bank Transfer
15531,3940,2025-08-07,Completed,Card
15532,32,2025-09-10,Completed,Card
15533,4651,2025-08-27,Completed,Card
15534,3876,2025-05-25,Completed,Card
15535,4401,2025-04-05,Completed,Card
15536,793,2024-12-21,Completed,PayPal
15537,4192,2024-08-06,Completed,Card
15538,1090,2025-01-01,Cancelled,Card
15539,230,2025-07-14,Completed,PayPal
15540,2781,2024-12-29,Completed,Bank Transfer
15541,4454,2025-01-24,Returned,Card
15542,4498,2024-10-21,Completed,Card
15543,790,2025-05-19,Completed,Card
15544,4195,2024-10-14,Completed,PayPal
15545,4367,2024-06-25,Completed,Card
15546,1799,2024-10-25,Completed,Card
15547,3981,2025-09-11,Completed,Card
15548,4458,2024-10-10,Completed,Bank Transfer
15549,3241,2025-07-30,Completed,Card
15550,4636,2024-02-23,Completed,Card
15551,3857,2024-11-15,Cancelled,Card
15552,4929,2025-04-23,Completed,Card
15553,314,2025-06-25,Completed,Card
15554,233,2025-12-22,Completed,Card
15555,3508,2024-08-08,Cancelled,Card
15556,1030,2025-11-12,Completed,PayPal
15557,3607,2024-12-08,Completed,Card
15558,2712,2024-08-01,Completed,Card
15559,4340,2024-11-17,Cancelled,Card
15560,2289,2025-08-03,Returned,PayPal
15561,4000,2024-01-15,Completed,PayPal
15562,2606,2025-04-24,Completed,PayPal
15563,3345,2024-05-13,Completed,Bank Transfer
15564,2123,2025-12-18,Completed,Card
15565,2331,2024-01-24,Completed,Card
15566,3780,2025-01-11,Completed,Bank Transfer
15567,4183,2025-08-19,Completed,Card
15568,881,2024-05-21,Completed,Card
15569,2978,2025-10-13,Completed,Card
15570,1173,2025-03-14,Completed,Card
15571,160,2024-11-19,Completed,Card
15572,2494,2024-05-01,Completed,Card
15573,2130,2024-10-26,Completed,PayPal
15574,3079,2024-12-06,Completed,PayPal
15575,2230,2024-06-27,Cancelled,PayPal
15576,2918,2024-07-26,Completed,PayPal
15577,3014,2024-06-14,Completed,Card
15578,1550,2024-02-10,Completed,Card
15579,4574,2025-09-25,Completed,PayPal
15580,3386,2025-07-09,Completed,Card
15581,1580,2024-03-15,Completed,PayPal
15582,3372,2025-04-24,Completed,Bank Transfer
15583,1961,2024-12-13,Cancelled,Card
15584,3845,2024-09-28,Completed,Card
15585,4698,2024-06-14,Completed,Card
15586,2391,2024-03-26,Completed,PayPal
15587,1420,2025-10-10,Returned,Card
15588,3918,2025-07-04,Cancelled,Card
15589,3836,2025-08-21,Completed,Bank Transfer
15590,4429,2024-06-03,Completed,Card
15591,4451,2025-11-02,Completed,Card
15592,3631,2025-07-29,Completed,PayPal
15593,4943,2024-08-10,Completed,PayPal
15594,163,2025-02-20,Completed,Card
15595,116,2024-12-27,Completed,PayPal
15596,1471,2024-12-11,Completed,PayPal
15597,3080,2024-05-25,Completed,PayPal
15598,3853,2025-12-16,Completed,Card
15599,2839,2024-03-07,Completed,Card
15600,543,2025-05-31,Completed,Card
15601,414,2024-02-28,Completed,Card
15602,682,2025-08-10,Completed,PayPal
15603,642,2024-01-16,Completed,Card
15604,3979,2025-08-09,Completed,Card
15605,1433,2025-04-30,Completed,Card
15606,669,2024-06-24,Completed,Card
15607,2070,2024-11-17,Completed,PayPal
15608,969,2025-04-05,Completed,PayPal
15609,1181,2024-05-15,Completed,Bank Transfer
15610,4820,2025-03-03,Completed,PayPal
15611,3236,2025-11-10,Completed,Card
15612,252,2025-06-25,Completed,PayPal
15613,4301,2024-11-17,Completed,Card
15614,2880,2024-12-01,Completed,Card
15615,3999,2025-05-27,Completed,Card
15616,791,2024-06-19,Completed,PayPal
15617,4561,2024-05-08,Cancelled,Card
15618,1496,2025-11-10,Completed,PayPal
15619,4490,2025-02-21,Completed,Card
15620,3069,2025-01-31,Cancelled,Card
15621,2708,2024-03-01,Completed,PayPal
15622,2578,2024-04-26,Completed,PayPal
15623,1236,2025-09-26,Completed,Card
15624,1059,2025-04-17,Returned,Card
15625,1171,2025-01-31,Completed,PayPal
15626,3619,2025-11-28,Completed,Card
15627,3660,2025-08-19,Completed,Bank Transfer
15628,3656,2024-08-05,Completed,PayPal
15629,57,2025-10-16,Completed,Card
15630,1893,2025-04-21,Completed,Bank Transfer
15631,2570,2025-08-24,Completed,Card
15632,4081,2024-09-24,Cancelled,Card
15633,4457,2024-03-16,Completed,PayPal
15634,1949,2024-03-09,Returned,Card
15635,223,2025-03-20,Completed,Card
15636,1640,2024-10-24,Completed,Card
15637,4423,2025-04-18,Completed,PayPal
15638,1758,2024-06-08,Completed,Card
15639,836,2024-01-08,Completed,Card
15640,2537,2025-04-29,Completed,Card
15641,2526,2024-03-28,Completed,Card
15642,985,2024-05-20,Completed,Card
15643,1358,2025-06-24,Returned,Card
15644,4888,2025-06-08,Completed,PayPal
15645,3061,2025-07-28,Completed,PayPal
15646,4478,2024-12-08,Completed,Card
15647,1447,2025-11-17,Completed,Card
15648,1372,2024-08-03,Cancelled,Bank Transfer
15649,3225,2025-05-20,Completed,PayPal
15650,1875,2025-08-21,Completed,PayPal
15651,2500,2024-03-14,Cancelled,Card
15652,3362,2025-08-03,Cancelled,Card
15653,1143,2024-03-09,Completed,PayPal
15654,4310,2024-08-10,Completed,Card
15655,565,2025-01-20,Completed,Card
15656,4828,2024-10-11,Completed,Card
15657,4535,2024-05-01,Completed,Card
15658,1589,2025-03-16,Completed,Card
15659,3986,2025-04-01,Completed,PayPal
15660,4725,2024-06-12,Completed,PayPal
15661,4999,2024-09-19,Completed,PayPal
15662,1471,2024-04-01,Completed,Card
15663,3915,2024-12-01,Completed,Bank Transfer
15664,3114,2025-08-08,Completed,PayPal
15665,4491,2024-11-09,Completed,Card
15666,4343,2025-08-24,Completed,Card
15667,3363,2025-04-10,Completed,PayPal
15668,1637,2025-10-02,Cancelled,PayPal
15669,2913,2025-02-04,Completed,PayPal
15670,1473,2025-07-14,Completed,Card
15671,1245,2025-08-20,Completed,Card
15672,3738,2025-04-29,Completed,Card
15673,2099,2025-10-17,Completed,Card
15674,2598,2025-10-08,Completed,Card
15675,2513,2025-09-18,Completed,Card
15676,4515,2024-10-03,Completed,PayPal
15677,259,2024-03-06,Completed,Card
15678,2359,2025-11-29,Completed,Card
15679,3394,2024-07-19,Completed,PayPal
15680,3779,2025-04-12,Cancelled,Card
15681,3412,2025-03-09,Completed,PayPal
15682,1269,2024-05-17,Completed,Bank Transfer
15683,940,2024-02-21,Completed,Card
15684,2377,2025-12-25,Completed,Card
15685,3952,2025-03-27,Completed,Bank Transfer
15686,196,2024-06-06,Completed,Card
15687,4158,2024-07-24,Completed,Card
15688,3097,2024-12-07,Completed,PayPal
15689,3636,2024-11-11,Cancelled,Card
15690,562,2024-05-15,Completed,Card
15691,3450,2024-03-15,Completed,Card
15692,3367,2025-03-24,Returned,Card
15693,3124,2024-03-09,Completed,PayPal
15694,2892,2025-07-14,Completed,Card
15695,40,2024-07-20,Completed,PayPal
15696,1768,2025-07-27,Completed,Card
15697,2505,2024-06-15,Completed,Card
15698,788,2025-12-17,Completed,Card
15699,1877,2025-10-22,Completed,Card
15700,4098,2024-04-30,Completed,Card
15701,1493,2024-04-06,Completed,Card
15702,1130,2025-01-11,Completed,PayPal
15703,2264,2025-05-05,Completed,PayPal
15704,4873,2024-02-22,Completed,PayPal
15705,4510,2024-01-09,Completed,PayPal
15706,4022,2024-11-26,Completed,Card
15707,4306,2024-09-07,Completed,Card
15708,2186,2024-12-25,Completed,PayPal
15709,1645,2024-12-14,Completed,Card
15710,3561,2024-05-03,Completed,Card
15711,2686,2025-09-25,Cancelled,PayPal
15712,4822,2024-07-17,Completed,PayPal
15713,1413,2025-02-14,Completed,Card
15714,1222,2025-01-14,Completed,Card
15715,2250,2025-05-19,Completed,Card
15716,2240,2024-04-04,Completed,Card
15717,4203,2024-01-30,Completed,Card
15718,4423,2024-04-01,Completed,PayPal
15719,644,2025-08-18,Completed,Card
15720,4453,2024-01-15,Completed,Card
15721,2549,2025-10-16,Completed,Card
15722,4604,2025-04-04,Completed,Bank Transfer
15723,3806,2025-12-21,Completed,PayPal
15724,4291,2024-01-23,Completed,PayPal
15725,4143,2024-11-21,Completed,Card
15726,1386,2025-10-17,Completed,Bank Transfer
15727,2585,2024-03-27,Completed,Card
15728,1602,2024-07-11,Completed,Card
15729,4943,2025-11-15,Completed,Card
15730,4805,2024-09-19,Completed,Card
15731,3318,2025-03-04,Completed,Card
15732,808,2024-12-25,Completed,PayPal
15733,2660,2025-07-15,Completed,Card
15734,115,2025-03-08,Cancelled,Card
15735,2728,2025-07-13,Completed,Card
15736,4727,2025-05-22,Completed,Card
15737,2267,2024-02-18,Completed,Card
15738,4293,2024-06-16,Completed,Card
15739,4497,2025-11-09,Completed,PayPal
15740,3902,2025-03-16,Completed,PayPal
15741,2729,2025-08-16,Completed,Card
15742,4172,2025-07-28,Completed,Card
15743,1450,2024-08-15,Completed,Bank Transfer
15744,4383,2024-08-01,Completed,Card
15745,1569,2025-10-03,Cancelled,PayPal
15746,1323,2024-06-02,Cancelled,Card
15747,861,2025-08-30,Completed,PayPal
15748,742,2025-02-10,Completed,PayPal
15749,1731,2024-01-18,Completed,Bank Transfer
15750,4905,2025-04-11,Completed,Bank Transfer
15751,2934,2024-12-09,Completed,Card
15752,3519,2024-11-19,Completed,Card
15753,4510,2024-09-02,Cancelled,PayPal
15754,4527,2024-02-29,Completed,PayPal
15755,3168,2025-05-08,Completed,Card
15756,1919,2025-10-03,Completed,Card
15757,2219,2024-02-18,Completed,Card
15758,1341,2025-11-08,Completed,Card
15759,4640,2025-11-10,Cancelled,Card
15760,1515,2024-09-09,Returned,PayPal
15761,1412,2025-01-17,Completed,Card
15762,3037,2024-11-04,Completed,Card
15763,4168,2025-07-29,Completed,PayPal
15764,1023,2025-06-28,Completed,Card
15765,4628,2024-02-27,Completed,PayPal
15766,2287,2024-03-04,Completed,Card
15767,2759,2024-05-04,Completed,Card
15768,4673,2024-03-01,Returned,PayPal
15769,3772,2025-01-14,Completed,Card
15770,1113,2024-05-17,Completed,Card
15771,1946,2024-03-06,Completed,Card
15772,4809,2024-06-27,Completed,Card
15773,1559,2024-06-19,Completed,Bank Transfer
15774,3880,2025-09-23,Completed,Card
15775,642,2024-12-09,Cancelled,Bank Transfer
15776,2238,2025-12-04,Completed,PayPal
15777,4908,2024-07-05,Completed,Card
15778,3487,2024-08-14,Completed,Card
15779,3226,2024-09-22,Completed,Card
15780,1015,2024-07-10,Completed,PayPal
15781,2022,2025-08-28,Cancelled,Card
15782,2677,2024-05-05,Completed,Card
15783,1541,2025-04-18,Completed,PayPal
15784,2937,2024-04-08,Cancelled,Card
15785,3107,2024-12-09,Completed,PayPal
15786,784,2024-08-30,Completed,Card
15787,671,2024-01-20,Completed,Card
15788,2770,2025-09-20,Completed,Card
15789,2574,2024-12-24,Completed,Bank Transfer
15790,2585,2025-03-08,Completed,Card
15791,4943,2025-09-02,Completed,Card
15792,1278,2025-05-01,Completed,Card
15793,3044,2024-11-25,Completed,Card
15794,3173,2025-10-28,Completed,PayPal
15795,3783,2024-11-02,Completed,Bank Transfer
15796,178,2024-07-03,Completed,Card
15797,276,2024-11-30,Completed,Bank Transfer
15798,2360,2025-05-20,Completed,Card
15799,3482,2025-04-07,Completed,Card
15800,4887,2024-01-03,Completed,PayPal
15801,3360,2025-10-30,Cancelled,Card
15802,1425,2024-06-23,Completed,PayPal
15803,4123,2025-08-03,Completed,PayPal
15804,2961,2025-06-16,Completed,PayPal
15805,2470,2024-10-24,Completed,Card
15806,3086,2024-04-27,Completed,Bank Transfer
15807,2373,2025-10-03,Completed,Card
15808,4069,2024-07-24,Completed,Card
15809,1591,2025-12-09,Completed,Bank Transfer
15810,4381,2024-05-14,Completed,Card
15811,1113,2024-07-21,Completed,Card
15812,1069,2024-02-04,Completed,PayPal
15813,2546,2024-01-30,Completed,Card
15814,3650,2025-03-03,Completed,Card
15815,1815,2024-09-13,Completed,Card
15816,3908,2025-01-15,Completed,PayPal
15817,3732,2024-06-30,Completed,Card
15818,2193,2024-07-26,Completed,PayPal
15819,82,2025-10-02,Completed,PayPal
15820,3707,2025-07-28,Completed,Card
15821,3177,2025-03-14,Completed,Card
15822,1826,2024-12-07,Completed,PayPal
15823,82,2025-08-11,Completed,Card
15824,94,2025-01-12,Completed,Card
15825,343,2025-02-14,Completed,Bank Transfer
15826,2409,2025-06-10,Completed,Card
15827,1855,2025-01-17,Completed,PayPal
15828,4000,2025-04-09,Completed,Card
15829,1090,2025-01-27,Completed,Card
15830,624,2025-07-24,Completed,Card
15831,868,2024-05-30,Completed,Card
15832,2477,2025-09-11,Completed,PayPal
15833,3473,2025-01-03,Completed,Card
15834,171,2024-04-16,Completed,Card
15835,1783,2024-05-18,Completed,Bank Transfer
15836,578,2024-10-06,Completed,PayPal
15837,68,2024-03-12,Completed,Bank Transfer
15838,1516,2025-09-14,Completed,Card
15839,1,2025-05-19,Completed,Bank Transfer
15840,2199,2024-04-15,Completed,PayPal
15841,902,2025-05-15,Completed,Bank Transfer
15842,4846,2024-06-07,Completed,PayPal
15843,795,2024-05-29,Completed,Card
15844,2067,2024-01-14,Completed,Card
15845,1820,2024-01-05,Completed,Card
15846,371,2025-09-30,Completed,Card
15847,2539,2024-09-29,Completed,Bank Transfer
15848,3908,2024-12-03,Completed,Bank Transfer
15849,2055,2024-07-29,Completed,Bank Transfer
15850,2597,2024-11-22,Completed,Card
15851,4467,2025-12-29,Completed,Card
15852,1689,2025-04-10,Cancelled,PayPal
15853,4853,2024-03-19,Completed,Card
15854,3322,2025-08-27,Completed,Card
15855,1139,2024-06-25,Completed,Card
15856,2622,2024-05-11,Completed,PayPal
15857,2729,2024-10-18,Completed,PayPal
15858,1166,2025-11-21,Completed,Card
15859,1509,2025-01-12,Completed,Card
15860,3842,2025-02-19,Completed,Card
15861,4559,2024-12-09,Completed,PayPal
15862,4577,2025-01-11,Completed,PayPal
15863,4919,2025-04-29,Completed,Card
15864,524,2024-05-25,Completed,Card
15865,2259,2025-10-16,Completed,PayPal
15866,4340,2025-06-15,Completed,Bank Transfer
15867,239,2025-07-23,Completed,PayPal
15868,1221,2024-10-22,Completed,Card
15869,769,2025-07-31,Completed,Card
15870,235,2024-12-10,Completed,PayPal
15871,2761,2025-01-31,Completed,PayPal
15872,4593,2025-04-19,Completed,Bank Transfer
15873,1520,2025-06-08,Completed,Bank Transfer
15874,1904,2025-07-27,Completed,Card
15875,2235,2024-02-15,Completed,PayPal
15876,936,2025-08-27,Completed,Card
15877,1269,2025-03-03,Completed,PayPal
15878,819,2024-08-10,Completed,Card
15879,3568,2024-01-23,Completed,Card
15880,4118,2024-03-07,Completed,Card
15881,2116,2025-09-17,Completed,Card
15882,2440,2025-04-27,Completed,Card
15883,3388,2024-07-24,Completed,PayPal
15884,1089,2025-07-31,Completed,PayPal
15885,1828,2025-07-15,Completed,Card
15886,4825,2025-10-14,Completed,PayPal
15887,2589,2024-09-14,Cancelled,Card
15888,2616,2025-06-29,Completed,PayPal
15889,1874,2024-09-09,Completed,Card
15890,4308,2025-08-03,Completed,Card
15891,1774,2024-07-07,Returned,Card
15892,200,2024-06-01,Completed,PayPal
15893,178,2025-12-15,Completed,Card
15894,931,2024-03-17,Completed,Card
15895,3737,2025-12-03,Cancelled,PayPal
15896,2037,2025-06-23,Completed,Card
15897,1486,2025-12-25,Completed,Card
15898,2092,2025-01-03,Completed,PayPal
15899,4264,2025-07-21,Completed,PayPal
15900,2385,2025-09-15,Completed,Card
15901,4089,2024-06-02,Completed,Card
15902,4682,2024-06-03,Completed,Card
15903,1916,2024-09-27,Completed,Card
15904,16,2025-07-15,Completed,Card
15905,2935,2025-05-23,Completed,PayPal
15906,837,2025-01-24,Completed,Card
15907,2158,2024-03-08,Completed,Card
15908,1577,2024-05-11,Cancelled,Card
15909,306,2025-10-31,Completed,Card
15910,2054,2024-09-21,Completed,Card
15911,2891,2025-11-12,Completed,Bank Transfer
15912,3345,2024-08-07,Completed,Card
15913,4457,2025-07-05,Completed,Card
15914,1209,2024-10-15,Completed,PayPal
15915,1859,2024-03-19,Completed,Bank Transfer
15916,2704,2025-07-25,Completed,Card
15917,1972,2024-11-15,Cancelled,Card
15918,1114,2024-11-13,Completed,Bank Transfer
15919,984,2025-05-01,Completed,Card
15920,3311,2025-01-25,Completed,PayPal
15921,4002,2025-08-10,Completed,Card
15922,2772,2024-02-08,Completed,Card
15923,3153,2024-07-17,Completed,Bank Transfer
15924,2163,2024-04-14,Cancelled,PayPal
15925,2128,2025-08-04,Returned,PayPal
15926,3640,2025-05-21,Completed,Card
15927,4275,2025-07-23,Completed,PayPal
15928,561,2024-11-24,Cancelled,PayPal
15929,1810,2025-11-21,Completed,Card
15930,4388,2024-11-03,Completed,Card
15931,2933,2024-08-09,Completed,Card
15932,291,2025-10-17,Completed,PayPal
15933,4638,2024-01-27,Completed,PayPal
15934,1910,2025-11-03,Completed,Card
15935,4690,2024-05-30,Completed,Card
15936,1429,2024-06-21,Completed,Card
15937,948,2025-12-23,Completed,PayPal
15938,2528,2024-01-22,Completed,Card
15939,1349,2025-06-28,Completed,PayPal
15940,381,2025-09-12,Completed,PayPal
15941,1705,2025-01-28,Completed,PayPal
15942,310,2024-02-16,Completed,PayPal
15943,3415,2025-08-30,Completed,Card
15944,1499,2024-05-04,Completed,Card
15945,2895,2024-11-30,Completed,Card
15946,661,2024-10-21,Completed,PayPal
15947,3448,2025-06-20,Completed,Card
15948,2274,2025-08-16,Completed,PayPal
15949,1498,2025-07-23,Completed,Card
15950,2073,2025-06-21,Completed,Card
15951,3437,2024-10-23,Completed,Card
15952,2143,2024-02-13,Returned,Bank Transfer
15953,4661,2025-08-19,Completed,Card
15954,1606,2024-01-22,Completed,PayPal
15955,4740,2024-08-13,Completed,PayPal
15956,1432,2025-07-02,Completed,Card
15957,1951,2025-01-08,Completed,Card
15958,3923,2025-09-04,Cancelled,Card
15959,459,2025-10-15,Completed,Card
15960,2949,2024-01-04,Completed,Card
15961,338,2024-01-24,Completed,Card
15962,3944,2025-12-03,Completed,Card
15963,2014,2024-11-17,Completed,PayPal
15964,4021,2025-06-22,Completed,PayPal
15965,345,2025-01-06,Completed,Card
15966,4672,2025-08-15,Cancelled,Card
15967,943,2025-09-24,Completed,PayPal
15968,346,2024-12-30,Cancelled,Card
15969,3895,2024-03-09,Completed,PayPal
15970,3320,2025-04-16,Completed,Card
15971,3696,2025-05-19,Completed,PayPal
15972,325,2024-11-08,Completed,PayPal
15973,2139,2024-03-12,Completed,Card
15974,4390,2024-09-02,Completed,PayPal
15975,3613,2024-03-13,Completed,PayPal
15976,524,2025-06-11,Returned,PayPal
15977,2898,2025-11-21,Cancelled,Card
15978,3741,2024-02-09,Completed,Card
15979,259,2024-02-08,Completed,PayPal
15980,1111,2024-02-25,Completed,Card
15981,821,2025-07-19,Completed,Card
15982,2789,2024-06-20,Completed,Card
15983,4665,2024-10-28,Completed,Card
15984,4605,2025-05-04,Completed,PayPal
15985,1564,2025-03-07,Completed,Bank Transfer
15986,4621,2025-12-01,Completed,Card
15987,1208,2025-07-08,Completed,Card
15988,309,2024-01-04,Completed,Card
15989,1840,2024-09-17,Completed,Card
15990,3353,2025-07-23,Completed,Card
15991,1384,2025-07-02,Completed,PayPal
15992,2307,2025-02-13,Cancelled,Bank Transfer
15993,1181,2024-09-21,Completed,PayPal
15994,2473,2024-01-15,Completed,Card
15995,2687,2024-03-28,Completed,PayPal
15996,2968,2024-04-08,Completed,Card
15997,4446,2025-09-08,Completed,PayPal
15998,961,2024-08-04,Completed,PayPal
15999,3457,2025-02-13,Completed,Card
16000,438,2024-07-09,Completed,Card
16001,456,2024-08-02,Completed,Card
16002,3818,2025-12-10,Completed,PayPal
16003,1570,2025-09-08,Completed,Card
16004,1104,2024-01-27,Completed,Bank Transfer
16005,1619,2024-06-30,Completed,Card
16006,3613,2025-08-17,Completed,Bank Transfer
16007,1513,2024-06-07,Completed,Card
16008,4739,2024-08-17,Completed,PayPal
16009,392,2024-08-22,Completed,Card
16010,2622,2025-01-20,Completed,PayPal
16011,921,2025-06-13,Completed,Card
16012,2458,2024-10-10,Completed,PayPal
16013,3601,2024-03-11,Completed,PayPal
16014,4509,2025-05-18,Completed,PayPal
16015,1789,2024-08-02,Completed,Card
16016,261,2024-04-26,Completed,PayPal
16017,2014,2024-04-09,Completed,Card
16018,1336,2025-08-22,Cancelled,Card
16019,335,2025-10-26,Cancelled,Card
16020,2780,2024-10-21,Cancelled,Card
16021,804,2024-06-25,Completed,Card
16022,2438,2024-05-11,Completed,Card
16023,2808,2025-09-25,Completed,Card
16024,941,2025-12-23,Completed,Card
16025,3164,2025-08-02,Completed,Card
16026,903,2024-02-26,Completed,Bank Transfer
16027,3433,2024-01-13,Completed,PayPal
16028,1269,2024-07-11,Completed,Card
16029,24,2025-07-28,Completed,Card
16030,4653,2025-05-24,Completed,PayPal
16031,2749,2024-06-01,Completed,Card
16032,2451,2024-01-23,Completed,Card
16033,1397,2024-01-30,Completed,Card
16034,3358,2025-01-03,Completed,PayPal
16035,3905,2025-12-01,Completed,Bank Transfer
16036,2489,2025-01-25,Completed,Card
16037,3667,2024-11-05,Completed,Bank Transfer
16038,1758,2025-09-12,Completed,Bank Transfer
16039,4978,2025-02-04,Completed,PayPal
16040,1879,2024-12-18,Completed,Card
16041,2533,2025-07-25,Completed,PayPal
16042,3515,2024-03-06,Completed,PayPal
16043,3774,2024-06-14,Completed,Bank Transfer
16044,2079,2025-05-06,Completed,PayPal
16045,4662,2025-10-14,Cancelled,Card
16046,2058,2025-07-17,Completed,Card
16047,678,2024-06-28,Completed,Card
16048,4947,2025-06-27,Completed,Card
16049,2975,2025-12-26,Returned,Card
16050,285,2024-01-17,Completed,PayPal
16051,2201,2024-05-05,Completed,Card
16052,4467,2024-03-22,Completed,Card
16053,1841,2024-02-09,Completed,Card
16054,1879,2025-09-07,Completed,Card
16055,1611,2024-08-06,Completed,Bank Transfer
16056,3963,2024-06-30,Completed,Bank Transfer
16057,4237,2025-03-13,Completed,PayPal
16058,3160,2025-10-29,Completed,PayPal
16059,3499,2025-11-20,Completed,Card
16060,2132,2025-06-13,Completed,Card
16061,3315,2025-10-14,Completed,Bank Transfer
16062,1379,2024-06-09,Completed,Card
16063,3078,2025-12-26,Completed,Bank Transfer
16064,3015,2025-07-10,Completed,Card
16065,3893,2024-07-05,Completed,PayPal
16066,1716,2024-12-19,Completed,PayPal
16067,453,2025-01-09,Completed,Card
16068,342,2025-04-11,Completed,Card
16069,393,2024-08-28,Completed,PayPal
16070,1270,2024-11-29,Completed,Card
16071,3051,2024-02-17,Completed,Card
16072,4060,2024-04-20,Completed,Card
16073,971,2025-08-17,Cancelled,Card
16074,2206,2024-04-13,Completed,Card
16075,4795,2025-04-07,Completed,Card
16076,166,2024-03-14,Completed,PayPal
16077,255,2025-07-20,Completed,Card
16078,302,2024-11-12,Completed,Card
16079,3104,2024-01-02,Completed,PayPal
16080,3841,2025-01-06,Cancelled,Card
16081,2557,2025-04-13,Completed,PayPal
16082,1506,2024-01-10,Completed,Card
16083,1257,2025-08-10,Completed,Bank Transfer
16084,2263,2025-02-26,Completed,Card
16085,4341,2024-09-14,Completed,PayPal
16086,210,2025-09-24,Completed,PayPal
16087,3794,2025-12-27,Completed,PayPal
16088,4522,2025-04-20,Completed,Card
16089,3048,2024-09-01,Completed,PayPal
16090,981,2024-12-02,Completed,Card
16091,2120,2025-11-22,Completed,Card
16092,3746,2025-05-02,Completed,PayPal
16093,178,2024-03-13,Returned,Card
16094,1547,2025-12-21,Completed,Card
16095,2035,2025-11-15,Completed,Card
16096,299,2024-01-05,Cancelled,Card
16097,2568,2025-04-06,Completed,Card
16098,3567,2024-12-31,Completed,Bank Transfer
16099,4040,2025-05-09,Completed,PayPal
16100,275,2024-08-04,Completed,Card
16101,2996,2024-08-01,Cancelled,PayPal
16102,53,2024-11-20,Completed,PayPal
16103,1424,2024-11-05,Completed,Card
16104,1628,2024-02-07,Completed,Bank Transfer
16105,489,2024-03-01,Completed,PayPal
16106,2355,2024-04-04,Completed,PayPal
16107,417,2024-08-20,Completed,PayPal
16108,2557,2025-07-01,Completed,Card
16109,921,2025-05-27,Completed,Card
16110,1554,2024-05-29,Completed,Card
16111,2686,2025-04-15,Returned,Bank Transfer
16112,666,2024-08-02,Completed,Card
16113,4102,2025-02-02,Completed,PayPal
16114,2470,2025-07-11,Completed,Bank Transfer
16115,1475,2025-07-30,Completed,Bank Transfer
16116,338,2024-01-06,Completed,Card
16117,3160,2024-03-21,Completed,PayPal
16118,269,2024-07-07,Completed,PayPal
16119,1088,2025-10-24,Completed,Card
16120,1294,2025-10-21,Completed,Card
16121,657,2024-01-28,Completed,Card
16122,2829,2025-11-07,Completed,PayPal
16123,3974,2024-05-14,Completed,Card
16124,4958,2024-10-31,Completed,Card
16125,1337,2025-05-09,Completed,Card
16126,2357,2025-12-24,Completed,Card
16127,1668,2024-10-06,Completed,PayPal
16128,1826,2024-03-20,Returned,PayPal
16129,4031,2025-01-25,Completed,PayPal
16130,1213,2024-01-15,Completed,Bank Transfer
16131,2769,2025-08-21,Completed,PayPal
16132,4416,2024-08-10,Completed,PayPal
16133,3059,2025-08-25,Completed,PayPal
16134,445,2024-09-22,Completed,Card
16135,1398,2024-11-15,Completed,Card
16136,4382,2024-04-15,Completed,PayPal
16137,2219,2024-09-09,Completed,Card
16138,3677,2024-07-17,Completed,Card
16139,2311,2024-02-25,Completed,PayPal
16140,4041,2025-02-10,Completed,Bank Transfer
16141,3607,2025-03-13,Completed,Card
16142,1828,2025-04-01,Completed,Card
16143,3220,2025-04-21,Completed,Card
16144,4689,2024-12-12,Completed,Card
16145,4512,2025-04-30,Completed,PayPal
16146,2073,2024-12-28,Completed,Bank Transfer
16147,4190,2025-12-30,Completed,Card
16148,2331,2024-07-30,Completed,Card
16149,686,2025-12-01,Returned,Card
16150,4959,2025-09-05,Completed,Card
16151,685,2025-03-12,Completed,Card
16152,2938,2024-05-22,Completed,PayPal
16153,3712,2024-10-11,Completed,Card
16154,341,2024-03-10,Returned,PayPal
16155,4700,2025-07-30,Completed,PayPal
16156,734,2025-12-10,Completed,Bank Transfer
16157,1497,2025-06-11,Completed,Bank Transfer
16158,3894,2024-11-05,Completed,Card
16159,2955,2024-09-19,Completed,Card
16160,1132,2024-02-29,Completed,Card
16161,4636,2025-06-05,Completed,Card
16162,1733,2024-11-04,Completed,Card
16163,3036,2025-06-03,Completed,PayPal
16164,2714,2025-01-16,Returned,Bank Transfer
16165,2480,2024-12-06,Cancelled,PayPal
16166,1420,2025-08-24,Completed,PayPal
16167,1990,2025-07-02,Completed,Card
16168,4711,2024-03-24,Completed,Card
16169,488,2024-08-21,Completed,Card
16170,3820,2024-08-27,Completed,Bank Transfer
16171,1442,2024-04-13,Completed,Card
16172,2391,2025-12-23,Completed,Card
16173,1385,2024-08-12,Completed,Card
16174,2157,2024-10-05,Completed,Bank Transfer
16175,4945,2025-01-27,Completed,Card
16176,4397,2025-11-08,Completed,Card
16177,1392,2025-03-04,Cancelled,Bank Transfer
16178,4801,2025-02-05,Completed,PayPal
16179,3143,2024-02-15,Completed,PayPal
16180,269,2025-05-28,Completed,Bank Transfer
16181,3918,2024-06-24,Completed,PayPal
16182,1525,2025-09-21,Completed,Bank Transfer
16183,478,2024-12-31,Completed,PayPal
16184,4272,2024-06-21,Completed,Card
16185,239,2024-10-30,Completed,Card
16186,610,2024-05-31,Completed,PayPal
16187,4588,2024-12-16,Returned,Card
16188,4425,2025-12-05,Completed,Card
16189,3398,2024-04-01,Completed,PayPal
16190,4541,2024-06-09,Completed,Card
16191,4538,2024-04-15,Completed,Card
16192,4891,2024-04-12,Completed,PayPal
16193,1832,2024-05-11,Completed,Card
16194,4987,2024-10-15,Completed,PayPal
16195,1155,2025-04-02,Completed,Bank Transfer
16196,1752,2024-04-10,Completed,Card
16197,3599,2024-01-21,Completed,Card
16198,2486,2024-09-05,Completed,Card
16199,3339,2024-07-10,Completed,PayPal
16200,2334,2025-08-07,Completed,Card
16201,4387,2024-11-08,Completed,PayPal
16202,4464,2024-06-16,Completed,Card
16203,4582,2025-07-27,Completed,Card
16204,168,2024-06-19,Completed,Card
16205,3543,2025-09-24,Cancelled,Card
16206,4010,2024-08-03,Completed,Card
16207,78,2025-05-23,Returned,Bank Transfer
16208,2899,2024-06-22,Completed,Card
16209,1109,2025-06-19,Completed,Card
16210,892,2025-02-11,Completed,PayPal
16211,4757,2025-05-15,Completed,PayPal
16212,1225,2024-05-17,Completed,Card
16213,4685,2024-04-08,Returned,Card
16214,565,2024-02-26,Completed,Card
16215,2860,2024-09-03,Completed,PayPal
16216,302,2025-11-14,Completed,PayPal
16217,4390,2025-12-13,Completed,Card
16218,109,2024-04-16,Completed,Card
16219,2413,2024-02-17,Completed,Bank Transfer
16220,2648,2024-10-12,Completed,Card
16221,2726,2024-02-15,Completed,Card
16222,3339,2025-01-30,Completed,Card
16223,2141,2024-04-29,Completed,Card
16224,4524,2024-02-29,Completed,Card
16225,4734,2024-05-26,Completed,Card
16226,3814,2025-09-07,Cancelled,PayPal
16227,4201,2025-08-02,Completed,PayPal
16228,2257,2025-05-11,Completed,Card
16229,3646,2025-11-04,Completed,Card
16230,3060,2025-12-27,Completed,Card
16231,2522,2024-04-27,Completed,Card
16232,3418,2024-08-24,Completed,Card
16233,12,2024-08-05,Completed,PayPal
16234,4745,2024-05-03,Completed,Card
16235,3267,2025-09-20,Completed,Card
16236,3146,2024-09-19,Completed,PayPal
16237,875,2024-06-18,Completed,Bank Transfer
16238,2434,2025-12-08,Completed,Card
16239,884,2025-01-26,Completed,Card
16240,4651,2024-05-29,Completed,Card
16241,3986,2024-09-02,Completed,Card
16242,1580,2025-05-15,Completed,PayPal
16243,3772,2024-07-09,Completed,PayPal
16244,353,2024-06-22,Completed,Card
16245,1507,2025-08-15,Cancelled,PayPal
16246,3488,2024-06-20,Completed,Card
16247,2852,2025-11-06,Completed,Card
16248,2030,2025-09-14,Completed,Card
16249,1847,2025-12-19,Completed,Card
16250,2391,2024-12-03,Completed,PayPal
16251,4031,2025-02-14,Completed,Bank Transfer
16252,3439,2024-03-10,Completed,Card
16253,2384,2024-04-07,Completed,PayPal
16254,3368,2025-05-31,Completed,Card
16255,4981,2024-07-03,Completed,PayPal
16256,1466,2025-12-16,Completed,PayPal
16257,2152,2025-02-16,Completed,Card
16258,3484,2025-01-12,Completed,PayPal
16259,574,2024-01-12,Completed,Card
16260,775,2025-02-12,Completed,Bank Transfer
16261,3366,2025-02-21,Completed,Card
16262,4339,2024-11-26,Completed,Card
16263,3931,2024-10-06,Completed,PayPal
16264,2681,2024-04-24,Completed,PayPal
16265,4961,2024-07-28,Completed,Bank Transfer
16266,2221,2025-03-22,Completed,PayPal
16267,1440,2025-01-28,Completed,Card
16268,714,2025-10-06,Completed,PayPal
16269,576,2024-06-29,Completed,Card
16270,2982,2025-04-09,Cancelled,Card
16271,70,2024-01-28,Completed,Card
16272,3765,2024-07-11,Completed,PayPal
16273,4939,2024-09-12,Completed,PayPal
16274,2377,2025-09-14,Completed,PayPal
16275,2206,2025-02-27,Completed,Card
16276,918,2025-12-06,Completed,Card
16277,2746,2025-09-27,Completed,PayPal
16278,743,2024-03-31,Returned,Card
16279,4151,2025-10-09,Completed,Card
16280,2534,2024-05-24,Completed,Card
16281,1838,2025-03-27,Completed,PayPal
16282,1377,2025-03-03,Completed,Card
16283,410,2024-08-29,Completed,Card
16284,3008,2025-04-30,Completed,Card
16285,2953,2024-01-31,Completed,Card
16286,4243,2024-02-29,Completed,PayPal
16287,1680,2025-08-23,Completed,Card
16288,1715,2025-04-20,Completed,PayPal
16289,1198,2024-04-10,Completed,Card
16290,2338,2025-09-24,Completed,Card
16291,3217,2025-08-11,Completed,PayPal
16292,2957,2024-09-29,Completed,Card
16293,3194,2025-04-22,Completed,PayPal
16294,27,2024-02-27,Completed,Card
16295,3138,2025-05-19,Returned,PayPal
16296,2974,2025-01-21,Cancelled,PayPal
16297,3166,2025-04-05,Returned,PayPal
16298,1091,2025-08-30,Completed,PayPal
16299,250,2024-02-14,Completed,Card
16300,142,2024-10-17,Cancelled,PayPal
16301,267,2024-09-14,Completed,Card
16302,4311,2024-09-02,Completed,Card
16303,489,2024-08-27,Completed,Bank Transfer
16304,496,2025-02-16,Returned,PayPal
16305,480,2024-05-07,Completed,PayPal
16306,2691,2025-12-14,Completed,PayPal
16307,4097,2024-10-02,Completed,Card
16308,3081,2025-02-21,Completed,Bank Transfer
16309,4937,2024-07-25,Completed,Card
16310,2428,2025-07-05,Completed,Card
16311,844,2024-12-30,Completed,Card
16312,3216,2024-12-11,Completed,Card
16313,3912,2025-07-21,Completed,PayPal
16314,4078,2024-06-08,Completed,Card
16315,2350,2024-04-05,Completed,PayPal
16316,650,2025-02-28,Completed,Card
16317,1894,2024-04-25,Completed,Card
16318,2857,2024-07-30,Cancelled,Card
16319,3251,2025-08-21,Completed,Card
16320,2387,2024-11-02,Completed,PayPal
16321,1726,2024-09-24,Completed,Card
16322,1355,2024-02-13,Completed,Card
16323,1294,2025-08-17,Completed,Card
16324,3047,2025-04-02,Completed,Card
16325,3259,2025-12-23,Completed,PayPal
16326,2714,2025-04-16,Completed,PayPal
16327,404,2024-01-09,Completed,Card
16328,3973,2025-10-30,Completed,Card
16329,4033,2024-07-07,Returned,Card
16330,1547,2025-01-15,Completed,PayPal
16331,2607,2025-10-04,Completed,Card
16332,2826,2025-12-27,Completed,PayPal
16333,1853,2024-04-24,Completed,PayPal
16334,4207,2025-05-16,Completed,PayPal
16335,813,2025-09-26,Completed,PayPal
16336,3375,2025-01-22,Completed,Card
16337,930,2025-03-14,Completed,Card
16338,4982,2024-11-14,Completed,Card
16339,4076,2025-12-04,Completed,Card
16340,3324,2025-03-19,Cancelled,Card
16341,175,2025-10-21,Completed,Card
16342,1364,2024-01-28,Cancelled,PayPal
16343,2896,2025-09-27,Completed,Card
16344,1038,2025-02-01,Completed,PayPal
16345,3012,2024-03-17,Completed,Card
16346,2091,2025-08-09,Completed,Card
16347,461,2024-12-23,Completed,Card
16348,2753,2024-07-04,Completed,PayPal
16349,149,2025-07-04,Completed,Bank Transfer
16350,4434,2024-08-21,Completed,Card
16351,1134,2024-09-04,Completed,Card
16352,354,2025-02-02,Completed,Bank Transfer
16353,1108,2024-11-24,Completed,Card
16354,2603,2025-10-04,Completed,Card
16355,2114,2024-01-05,Completed,PayPal
16356,4095,2024-12-13,Completed,Card
16357,3686,2025-02-02,Completed,PayPal
16358,3207,2024-09-15,Completed,Card
16359,1110,2025-02-22,Completed,PayPal
16360,4180,2025-01-25,Completed,PayPal
16361,1978,2025-08-12,Completed,PayPal
16362,227,2024-04-24,Completed,Card
16363,2940,2024-01-04,Completed,Card
16364,1013,2025-10-04,Completed,Bank Transfer
16365,4116,2024-05-07,Completed,Card
16366,3107,2024-01-09,Completed,PayPal
16367,3937,2024-11-19,Completed,PayPal
16368,2803,2024-04-27,Cancelled,PayPal
16369,1467,2025-04-11,Completed,Card
16370,2989,2025-11-30,Cancelled,Card
16371,270,2025-10-12,Completed,Card
16372,3807,2025-04-07,Completed,Card
16373,1532,2024-05-04,Completed,Card
16374,304,2024-08-10,Completed,Card
16375,4906,2024-11-23,Completed,PayPal
16376,1933,2024-09-15,Returned,PayPal
16377,2041,2024-03-07,Cancelled,Card
16378,4022,2025-08-19,Completed,PayPal
16379,142,2024-03-02,Completed,PayPal
16380,809,2025-06-09,Completed,Card
16381,948,2025-09-25,Completed,Card
16382,3952,2024-10-05,Completed,PayPal
16383,3413,2024-05-02,Cancelled,Card
16384,2293,2025-08-11,Completed,Card
16385,766,2024-09-28,Completed,Card
16386,2924,2025-05-16,Completed,PayPal
16387,939,2025-10-19,Completed,Card
16388,2497,2024-09-25,Completed,PayPal
16389,3563,2025-07-21,Completed,Card
16390,1263,2024-08-05,Completed,Bank Transfer
16391,543,2025-11-15,Completed,Card
16392,2680,2025-07-05,Completed,Bank Transfer
16393,2955,2024-06-07,Completed,PayPal
16394,2932,2024-12-25,Cancelled,PayPal
16395,2782,2025-04-09,Completed,PayPal
16396,4240,2025-06-27,Completed,PayPal
16397,2992,2024-09-04,Completed,Card
16398,2613,2025-10-02,Completed,PayPal
16399,3649,2024-10-17,Completed,Card
16400,1200,2024-02-05,Completed,Card
16401,2118,2024-03-06,Completed,Card
16402,2681,2025-03-02,Completed,Card
16403,2849,2024-06-05,Completed,Card
16404,4689,2025-07-08,Completed,Card
16405,4663,2024-04-30,Completed,Card
16406,4787,2024-07-10,Completed,Card
16407,3682,2025-04-20,Completed,Card
16408,3496,2024-12-19,Returned,PayPal
16409,665,2025-06-26,Completed,Card
16410,4502,2024-12-22,Completed,PayPal
16411,3163,2025-06-14,Completed,Card
16412,3366,2025-04-24,Completed,Card
16413,1417,2024-03-13,Completed,Card
16414,3109,2025-01-25,Completed,PayPal
16415,517,2024-03-16,Completed,Card
16416,850,2024-07-06,Completed,PayPal
16417,1902,2025-11-21,Completed,PayPal
16418,908,2024-12-03,Completed,Card
16419,316,2025-04-20,Completed,Card
16420,3244,2024-11-01,Completed,PayPal
16421,1508,2025-10-10,Completed,PayPal
16422,4123,2024-06-10,Completed,Card
16423,1519,2024-02-16,Completed,PayPal
16424,4151,2024-01-24,Completed,Card
16425,1935,2024-12-01,Completed,PayPal
16426,4345,2024-10-10,Completed,PayPal
16427,1802,2024-06-22,Completed,Card
16428,2623,2024-11-02,Completed,Card
16429,857,2024-08-17,Completed,Card
16430,1877,2025-12-03,Completed,Card
16431,1526,2024-04-27,Completed,Card
16432,1417,2024-02-22,Completed,Card
16433,3480,2024-07-10,Completed,Card
16434,3872,2025-07-25,Completed,Card
16435,1795,2025-06-06,Completed,Bank Transfer
16436,3066,2024-05-20,Completed,Card
16437,2721,2025-10-16,Completed,Card
16438,4205,2024-04-22,Completed,Card
16439,3677,2024-09-20,Completed,Card
16440,353,2025-05-05,Completed,Card
16441,3232,2024-12-09,Completed,Card
16442,1428,2025-06-06,Completed,Card
16443,2193,2024-04-08,Completed,Card
16444,1778,2025-04-17,Completed,Card
16445,3537,2024-01-23,Completed,PayPal
16446,1117,2024-08-26,Completed,Card
16447,2321,2025-09-12,Completed,Card
16448,534,2024-09-19,Cancelled,Card
16449,1218,2024-11-20,Completed,PayPal
16450,2989,2025-11-02,Completed,PayPal
16451,2229,2025-11-14,Completed,Card
16452,1980,2025-01-21,Completed,Card
16453,2077,2025-08-28,Completed,Card
16454,532,2024-05-01,Completed,Card
16455,3077,2024-10-26,Completed,PayPal
16456,1945,2025-12-09,Completed,Bank Transfer
16457,4236,2025-07-16,Completed,Card
16458,3100,2024-11-12,Completed,Card
16459,4358,2024-01-20,Completed,Card
16460,3830,2025-06-25,Completed,PayPal
16461,4115,2024-10-26,Completed,Card
16462,2585,2025-04-14,Completed,Card
16463,1549,2024-03-26,Completed,PayPal
16464,1489,2025-10-30,Completed,Card
16465,3660,2025-02-08,Completed,Card
16466,228,2025-11-23,Completed,PayPal
16467,4472,2024-04-21,Completed,Card
16468,4832,2024-05-18,Completed,PayPal
16469,4353,2024-01-10,Completed,Bank Transfer
16470,4929,2024-10-17,Completed,Card
16471,4797,2025-01-13,Completed,Bank Transfer
16472,699,2024-08-25,Completed,Card
16473,438,2025-10-05,Completed,Card
16474,1685,2024-11-25,Completed,PayPal
16475,2154,2024-07-03,Completed,Card
16476,4711,2025-12-20,Completed,Card
16477,2915,2025-02-28,Completed,Card
16478,3218,2024-11-18,Completed,Card
16479,960,2025-04-26,Completed,PayPal
16480,1840,2025-08-23,Completed,Card
16481,278,2024-12-23,Completed,PayPal
16482,4221,2024-12-27,Completed,Card
16483,3757,2024-02-05,Completed,PayPal
16484,1344,2025-05-30,Completed,Card
16485,4771,2024-11-25,Completed,Card
16486,715,2024-09-25,Cancelled,Card
16487,1506,2024-03-10,Completed,PayPal
16488,3922,2025-06-02,Completed,PayPal
16489,2715,2025-10-29,Completed,Card
16490,1348,2025-01-12,Completed,Card
16491,2443,2024-10-19,Completed,PayPal
16492,4869,2024-10-12,Completed,Card
16493,3961,2024-12-25,Completed,Bank Transfer
16494,1753,2025-08-08,Completed,Card
16495,2506,2025-06-07,Completed,Card
16496,1738,2024-12-02,Completed,PayPal
16497,4170,2025-09-15,Completed,PayPal
16498,1109,2025-06-25,Completed,PayPal
16499,2680,2024-02-05,Completed,Card
16500,1038,2025-05-02,Completed,Card
16501,912,2025-01-13,Completed,PayPal
16502,4890,2024-12-09,Cancelled,PayPal
16503,2097,2024-08-17,Returned,Card
16504,3014,2025-09-09,Completed,Bank Transfer
16505,359,2025-07-28,Completed,PayPal
16506,1077,2025-01-31,Completed,PayPal
16507,2104,2025-02-24,Completed,PayPal
16508,4975,2025-07-09,Completed,Card
16509,3528,2025-10-22,Completed,Card
16510,2303,2025-02-05,Completed,Card
16511,4101,2025-05-02,Returned,Card
16512,1605,2024-02-15,Cancelled,PayPal
16513,1076,2025-11-17,Completed,Card
16514,4049,2024-06-02,Completed,Bank Transfer
16515,329,2024-09-17,Completed,Card
16516,3233,2025-10-06,Completed,Card
16517,3478,2024-10-13,Completed,Bank Transfer
16518,1003,2025-10-29,Cancelled,Card
16519,4879,2024-11-26,Completed,Card
16520,577,2025-09-30,Completed,Card
16521,327,2025-12-05,Completed,Bank Transfer
16522,1528,2025-04-16,Completed,PayPal
16523,2822,2024-09-25,Completed,Card
16524,1466,2025-09-25,Completed,Bank Transfer
16525,3226,2025-10-19,Completed,Card
16526,2282,2025-10-25,Completed,Card
16527,4748,2024-06-05,Completed,PayPal
16528,2381,2025-10-29,Completed,Card
16529,495,2025-09-05,Completed,PayPal
16530,1139,2025-03-04,Completed,PayPal
16531,2417,2024-09-08,Completed,Card
16532,1357,2024-09-23,Completed,Card
16533,1154,2024-02-28,Completed,Card
16534,3250,2025-09-08,Cancelled,Card
16535,2143,2025-07-12,Completed,Card
16536,3389,2025-08-22,Completed,PayPal
16537,1125,2024-06-19,Completed,Card
16538,802,2025-10-25,Completed,PayPal
16539,2043,2025-11-18,Completed,PayPal
16540,208,2024-11-14,Completed,Bank Transfer
16541,2655,2025-10-18,Completed,PayPal
16542,473,2025-02-01,Completed,Card
16543,1639,2024-01-15,Completed,Card
16544,136,2025-04-06,Completed,Card
16545,4357,2024-05-17,Completed,Bank Transfer
16546,1171,2024-05-29,Cancelled,PayPal
16547,458,2025-08-15,Completed,PayPal
16548,1437,2025-07-30,Completed,Card
16549,3572,2025-10-15,Completed,Bank Transfer
16550,2149,2024-10-26,Completed,Card
16551,4243,2025-02-26,Completed,Card
16552,4813,2025-02-22,Completed,Card
16553,507,2024-07-11,Completed,Card
16554,2606,2024-10-09,Completed,PayPal
16555,2384,2024-09-10,Completed,PayPal
16556,446,2025-05-18,Completed,Card
16557,2782,2025-11-15,Completed,PayPal
16558,444,2024-11-08,Completed,Card
16559,118,2024-10-04,Completed,Card
16560,1541,2024-11-05,Completed,Card
16561,2771,2024-07-04,Completed,PayPal
16562,567,2024-08-11,Cancelled,PayPal
16563,3603,2025-07-27,Completed,Card
16564,1937,2025-02-25,Completed,PayPal
16565,4184,2025-08-18,Completed,Card
16566,1653,2024-01-27,Completed,Card
16567,4572,2025-01-15,Completed,Card
16568,4391,2024-11-15,Completed,Card
16569,4816,2024-05-10,Completed,Bank Transfer
16570,4782,2025-09-30,Completed,Bank Transfer
16571,2687,2025-06-06,Completed,Card
16572,1204,2024-10-06,Returned,Card
16573,2938,2024-10-11,Completed,Bank Transfer
16574,406,2024-07-15,Completed,Card
16575,3908,2024-10-01,Completed,Card
16576,4215,2024-03-08,Completed,PayPal
16577,4080,2024-08-20,Completed,Card
16578,313,2025-09-02,Completed,PayPal
16579,163,2024-08-09,Completed,PayPal
16580,1529,2025-03-28,Completed,PayPal
16581,4389,2025-09-27,Completed,Card
16582,4786,2024-10-30,Completed,Card
16583,1566,2025-09-05,Cancelled,PayPal
16584,4769,2025-02-03,Completed,Card
16585,399,2024-11-15,Completed,Bank Transfer
16586,3587,2024-09-20,Completed,Card
16587,1048,2024-12-30,Completed,Card
16588,1943,2025-01-23,Completed,Card
16589,3131,2025-09-26,Returned,Bank Transfer
16590,2797,2024-08-14,Completed,Card
16591,240,2025-03-31,Completed,PayPal
16592,2359,2025-10-26,Completed,Card
16593,672,2024-10-31,Completed,Card
16594,2620,2025-05-19,Completed,Card
16595,2462,2024-11-23,Completed,Card
16596,3394,2025-10-22,Completed,Card
16597,402,2025-06-04,Completed,Card
16598,2107,2024-11-15,Completed,PayPal
16599,4149,2025-05-06,Completed,PayPal
16600,1088,2025-04-05,Completed,Card
16601,1143,2025-06-18,Completed,Card
16602,4382,2025-03-19,Completed,Card
16603,2066,2025-03-18,Cancelled,Card
16604,3909,2025-12-04,Completed,PayPal
16605,4256,2024-08-14,Cancelled,PayPal
16606,3960,2025-07-19,Cancelled,Bank Transfer
16607,142,2025-08-26,Cancelled,PayPal
16608,397,2025-06-10,Completed,Card
16609,2628,2025-11-21,Completed,Card
16610,4630,2025-05-30,Completed,Card
16611,1556,2025-02-21,Completed,Card
16612,2509,2024-04-10,Completed,Card
16613,4382,2025-02-11,Completed,Card
16614,1029,2025-02-08,Completed,Card
16615,2177,2024-05-09,Completed,Card
16616,671,2025-06-02,Completed,Card
16617,4595,2025-11-26,Completed,Bank Transfer
16618,1856,2024-02-04,Completed,Card
16619,3430,2024-06-02,Completed,PayPal
16620,2079,2025-02-05,Completed,Card
16621,2007,2024-03-04,Completed,PayPal
16622,1689,2025-07-21,Completed,PayPal
16623,4432,2024-08-16,Completed,Card
16624,570,2024-09-09,Completed,Card
16625,4695,2025-05-02,Completed,Card
16626,1147,2025-07-17,Completed,Bank Transfer
16627,3775,2024-01-15,Completed,Card
16628,865,2024-12-05,Completed,Card
16629,4901,2024-12-28,Completed,Bank Transfer
16630,4410,2024-06-28,Completed,PayPal
16631,28,2025-08-11,Completed,Card
16632,1030,2024-08-02,Completed,Card
16633,1997,2024-06-02,Completed,Card
16634,1342,2024-02-14,Completed,Card
16635,1249,2024-12-17,Completed,Card
16636,2137,2024-01-21,Completed,PayPal
16637,2088,2025-08-15,Completed,Card
16638,681,2025-07-18,Completed,Card
16639,375,2025-10-30,Completed,Card
16640,3370,2025-01-03,Completed,Card
16641,3046,2025-10-20,Completed,PayPal
16642,2338,2025-11-24,Completed,Card
16643,806,2024-03-18,Completed,Card
16644,3040,2024-04-28,Completed,PayPal
16645,279,2024-12-24,Completed,Card
16646,1406,2025-09-08,Completed,Bank Transfer
16647,788,2025-05-28,Completed,PayPal
16648,1333,2025-09-18,Completed,PayPal
16649,4373,2025-05-17,Completed,Card
16650,3148,2024-02-01,Completed,PayPal
16651,2346,2024-12-23,Completed,PayPal
16652,3450,2024-03-02,Completed,PayPal
16653,433,2024-04-06,Completed,Card
16654,1010,2025-01-12,Completed,PayPal
16655,3850,2025-10-08,Completed,PayPal
16656,317,2025-05-10,Cancelled,Card
16657,4217,2025-09-01,Completed,Card
16658,1366,2025-03-27,Cancelled,Card
16659,4400,2024-08-02,Completed,PayPal
16660,936,2024-03-24,Completed,PayPal
16661,3519,2025-02-09,Completed,Card
16662,3788,2025-10-30,Completed,Bank Transfer
16663,2769,2024-04-16,Completed,Card
16664,496,2025-05-03,Completed,Card
16665,3593,2024-12-22,Completed,Card
16666,2233,2024-05-10,Completed,Card
16667,4019,2024-01-22,Completed,PayPal
16668,2936,2025-08-18,Completed,PayPal
16669,4809,2025-08-23,Completed,Bank Transfer
16670,4446,2024-08-13,Completed,Card
16671,2368,2024-04-15,Completed,Card
16672,2585,2025-01-28,Completed,PayPal
16673,906,2024-04-10,Completed,PayPal
16674,3228,2024-05-27,Cancelled,Card
16675,1828,2024-08-17,Completed,Card
16676,3723,2024-03-27,Completed,PayPal
16677,2581,2025-06-06,Completed,Card
16678,4598,2025-10-09,Completed,PayPal
16679,1516,2024-04-02,Completed,PayPal
16680,4623,2024-06-01,Completed,Card
16681,4807,2025-02-26,Completed,Bank Transfer
16682,3004,2024-12-19,Cancelled,Card
16683,112,2025-08-30,Completed,Bank Transfer
16684,1673,2025-07-27,Completed,Card
16685,2303,2025-02-12,Completed,PayPal
16686,1651,2024-03-27,Completed,PayPal
16687,4396,2024-07-29,Returned,PayPal
16688,2475,2025-01-17,Completed,Card
16689,3996,2025-08-17,Completed,PayPal
16690,1891,2025-06-07,Completed,Card
16691,307,2024-06-01,Completed,PayPal
16692,121,2024-01-05,Completed,Card
16693,3102,2024-03-16,Completed,Card
16694,1278,2025-02-14,Cancelled,Card
16695,1428,2024-01-04,Completed,Card
16696,3103,2025-01-06,Completed,PayPal
16697,1186,2024-03-23,Completed,Card
16698,1456,2025-03-06,Completed,Bank Transfer
16699,1180,2025-04-16,Completed,Bank Transfer
16700,1347,2024-12-27,Completed,Card
16701,629,2025-02-15,Completed,Card
16702,1215,2024-02-04,Completed,PayPal
16703,1962,2024-08-29,Completed,Card
16704,2996,2025-10-17,Completed,PayPal
16705,4613,2024-03-20,Cancelled,PayPal
16706,4941,2024-03-15,Completed,Card
16707,1548,2024-10-10,Completed,Card
16708,4916,2025-12-27,Completed,PayPal
16709,2859,2024-08-25,Completed,PayPal
16710,762,2024-12-02,Completed,PayPal
16711,2367,2025-06-14,Completed,PayPal
16712,4207,2025-08-08,Completed,Card
16713,1842,2025-07-20,Completed,PayPal
16714,4903,2024-03-23,Completed,PayPal
16715,1497,2025-11-06,Completed,PayPal
16716,3920,2024-11-13,Completed,Card
16717,3089,2025-11-09,Completed,PayPal
16718,1244,2025-09-19,Completed,Bank Transfer
16719,4583,2024-10-23,Completed,Card
16720,4907,2025-11-30,Completed,PayPal
16721,2044,2024-12-07,Completed,Card
16722,3377,2025-02-27,Completed,Card
16723,517,2024-01-19,Completed,Card
16724,835,2024-01-04,Completed,Card
16725,624,2025-04-11,Completed,PayPal
16726,1048,2024-07-08,Completed,Card
16727,1565,2024-10-07,Completed,PayPal
16728,3983,2024-03-03,Completed,Bank Transfer
16729,497,2024-09-10,Completed,Card
16730,2430,2025-09-18,Completed,PayPal
16731,2264,2024-01-02,Completed,Card
16732,543,2024-03-07,Cancelled,Card
16733,916,2024-10-12,Cancelled,Card
16734,1802,2024-05-11,Completed,PayPal
16735,3083,2024-02-17,Completed,Card
16736,82,2025-07-08,Completed,Bank Transfer
16737,1180,2025-08-27,Cancelled,Card
16738,166,2025-10-14,Completed,Card
16739,2256,2024-02-16,Completed,PayPal
16740,2072,2024-08-18,Completed,Bank Transfer
16741,807,2024-10-10,Completed,PayPal
16742,2739,2025-07-02,Completed,Card
16743,332,2024-01-28,Completed,Card
16744,3591,2025-02-14,Completed,Bank Transfer
16745,1535,2025-04-17,Completed,Card
16746,181,2025-10-31,Completed,Card
16747,1317,2024-08-09,Completed,Card
16748,1107,2025-01-10,Completed,PayPal
16749,1590,2024-01-09,Completed,PayPal
16750,2487,2025-02-16,Completed,Card
16751,2591,2025-04-15,Cancelled,Card
16752,2241,2024-03-10,Completed,PayPal
16753,488,2024-12-07,Completed,Card
16754,612,2024-03-06,Cancelled,PayPal
16755,3421,2025-08-29,Completed,Card
16756,3195,2025-11-23,Completed,Card
16757,1398,2024-03-10,Completed,Card
16758,1457,2024-09-17,Completed,Card
16759,2194,2025-06-15,Completed,Card
16760,3075,2025-01-30,Returned,Card
16761,1338,2024-12-23,Returned,Card
16762,4423,2024-12-23,Completed,PayPal
16763,2201,2025-01-26,Completed,PayPal
16764,4498,2025-01-10,Completed,Card
16765,2868,2024-07-04,Cancelled,PayPal
16766,4584,2024-10-31,Completed,Card
16767,3883,2024-03-04,Completed,Card
16768,2115,2024-06-26,Cancelled,Card
16769,2137,2024-08-22,Completed,Card
16770,79,2024-02-09,Completed,Card
16771,378,2024-10-13,Completed,Card
16772,165,2024-09-15,Completed,Card
16773,4845,2025-04-11,Returned,PayPal
16774,1721,2024-08-27,Completed,Card
16775,2985,2025-05-17,Completed,Card
16776,155,2025-08-06,Completed,Card
16777,1147,2025-06-25,Completed,Card
16778,1064,2024-12-16,Completed,Card
16779,2217,2025-06-24,Completed,Card
16780,2840,2024-11-07,Completed,Card
16781,1464,2025-08-21,Completed,Card
16782,3471,2024-04-17,Completed,Card
16783,1517,2024-01-30,Completed,Card
16784,3051,2024-11-04,Completed,Card
16785,4424,2025-04-30,Completed,PayPal
16786,1527,2024-02-15,Completed,PayPal
16787,3611,2024-12-24,Completed,Card
16788,2393,2024-05-16,Completed,Card
16789,789,2025-07-28,Completed,Card
16790,2549,2025-03-06,Completed,Card
16791,4658,2025-07-09,Completed,PayPal
16792,4609,2024-09-07,Completed,Card
16793,516,2025-03-08,Completed,PayPal
16794,3063,2024-07-25,Completed,Card
16795,4763,2025-03-21,Completed,PayPal
16796,1568,2024-02-28,Completed,Card
16797,1449,2024-07-24,Completed,Bank Transfer
16798,967,2024-11-26,Completed,Bank Transfer
16799,364,2025-08-18,Completed,PayPal
16800,108,2025-06-08,Completed,Card
16801,3095,2024-06-06,Completed,Card
16802,623,2024-04-13,Completed,Bank Transfer
16803,4417,2024-12-24,Completed,Card
16804,510,2024-12-30,Completed,PayPal
16805,1065,2025-07-08,Returned,Card
16806,3866,2024-06-27,Completed,PayPal
16807,304,2024-12-23,Completed,PayPal
16808,969,2024-09-20,Completed,Card
16809,1439,2025-07-02,Completed,Bank Transfer
16810,3522,2024-12-18,Completed,Card
16811,3872,2024-12-29,Completed,PayPal
16812,3501,2024-09-06,Completed,PayPal
16813,2200,2024-04-29,Completed,Card
16814,4355,2024-07-10,Completed,Card
16815,3902,2024-03-02,Completed,Card
16816,2271,2024-07-28,Completed,Card
16817,230,2024-02-21,Completed,Card
16818,2487,2025-12-22,Completed,Card
16819,150,2024-11-08,Completed,Card
16820,910,2024-10-05,Completed,Card
16821,3529,2025-01-22,Completed,PayPal
16822,978,2024-07-20,Returned,Card
16823,635,2024-05-18,Completed,Card
16824,4718,2024-01-19,Completed,Card
16825,2191,2024-11-16,Completed,PayPal
16826,4150,2024-04-04,Returned,Bank Transfer
16827,4940,2024-05-09,Completed,Card
16828,3475,2024-04-14,Completed,Card
16829,3781,2024-07-15,Completed,PayPal
16830,1866,2024-09-16,Completed,Card
16831,299,2024-02-08,Cancelled,Card
16832,2740,2025-05-15,Completed,PayPal
16833,3726,2024-05-10,Completed,Card
16834,3392,2024-06-02,Completed,Card
16835,4541,2025-07-06,Completed,Card
16836,98,2024-11-16,Completed,Bank Transfer
16837,3198,2024-05-01,Returned,PayPal
16838,2106,2024-05-23,Completed,Card
16839,4273,2024-07-04,Completed,PayPal
16840,4815,2025-06-30,Completed,PayPal
16841,3523,2024-07-29,Completed,Card
16842,4419,2025-02-03,Completed,Card
16843,846,2024-02-02,Completed,Card
16844,4186,2024-06-07,Completed,Card
16845,4227,2025-02-09,Completed,Card
16846,3882,2024-12-29,Cancelled,Card
16847,1053,2025-12-04,Completed,PayPal
16848,3849,2024-06-11,Completed,PayPal
16849,3616,2025-07-04,Completed,Card
16850,3158,2024-05-10,Completed,Bank Transfer
16851,2106,2024-04-05,Completed,Card
16852,994,2025-10-14,Completed,Bank Transfer
16853,3097,2024-09-26,Completed,Card
16854,190,2025-11-11,Completed,PayPal
16855,2124,2025-01-01,Returned,Bank Transfer
16856,2419,2024-12-30,Completed,PayPal
16857,4995,2025-03-09,Cancelled,Card
16858,2899,2025-09-02,Returned,Card
16859,4602,2024-03-01,Completed,Bank Transfer
16860,1967,2024-11-18,Completed,PayPal
16861,4279,2025-12-29,Completed,PayPal
16862,4250,2025-08-11,Completed,Card
16863,3412,2024-07-26,Completed,Card
16864,3947,2024-12-13,Completed,Card
16865,1047,2024-02-14,Completed,Card
16866,2574,2024-12-12,Completed,Card
16867,606,2025-12-14,Completed,Card
16868,1367,2025-12-22,Cancelled,PayPal
16869,2927,2025-10-08,Completed,Bank Transfer
16870,1959,2025-01-03,Completed,Card
16871,1065,2025-06-17,Completed,PayPal
16872,518,2024-12-23,Completed,Bank Transfer
16873,2455,2025-05-09,Completed,PayPal
16874,4234,2024-02-29,Completed,Card
16875,3808,2024-10-24,Cancelled,PayPal
16876,2590,2024-02-28,Completed,Card
16877,2273,2025-02-27,Completed,Bank Transfer
16878,2309,2024-08-18,Completed,Card
16879,1103,2025-11-25,Completed,Card
16880,4793,2025-03-23,Completed,Card
16881,811,2025-09-04,Completed,Card
16882,3764,2025-09-17,Completed,Card
16883,4569,2025-01-02,Completed,Card
16884,77,2025-07-07,Completed,Card
16885,2310,2024-01-29,Completed,Card
16886,1026,2024-10-03,Completed,Card
16887,2065,2025-08-31,Cancelled,Card
16888,4440,2025-12-03,Completed,Card
16889,2742,2025-01-13,Completed,PayPal
16890,4942,2024-02-07,Completed,PayPal
16891,4000,2024-07-25,Completed,PayPal
16892,3229,2025-12-06,Completed,Card
16893,4270,2025-10-13,Completed,PayPal
16894,3559,2024-10-15,Completed,Card
16895,846,2025-05-07,Completed,PayPal
16896,693,2024-08-12,Completed,Card
16897,4049,2025-03-27,Completed,Bank Transfer
16898,1333,2024-01-28,Completed,Bank Transfer
16899,3038,2025-12-02,Completed,PayPal
16900,4333,2024-11-29,Completed,Card
16901,1275,2025-01-07,Completed,PayPal
16902,1245,2025-07-14,Completed,Card
16903,338,2024-10-27,Completed,Bank Transfer
16904,3295,2024-07-22,Completed,Card
16905,337,2025-01-13,Completed,Card
16906,1868,2024-04-24,Cancelled,PayPal
16907,4006,2024-01-20,Completed,Card
16908,495,2025-08-19,Completed,Card
16909,4643,2025-01-30,Completed,PayPal
16910,3887,2024-02-21,Completed,PayPal
16911,161,2025-10-21,Completed,Card
16912,2037,2024-07-04,Returned,Card
16913,1742,2025-11-15,Completed,PayPal
16914,1508,2024-12-18,Completed,Bank Transfer
16915,3561,2024-04-23,Completed,PayPal
16916,1376,2025-05-28,Completed,Card
16917,1554,2025-06-29,Completed,Card
16918,2282,2024-10-08,Completed,Bank Transfer
16919,1869,2025-11-03,Completed,Bank Transfer
16920,1602,2024-06-18,Completed,Card
16921,3828,2025-08-28,Completed,PayPal
16922,3481,2024-11-16,Completed,Card
16923,1300,2024-12-31,Completed,Card
16924,711,2025-06-03,Completed,Card
16925,4168,2024-04-19,Completed,Card
16926,2047,2025-06-27,Completed,Card
16927,2882,2025-07-16,Returned,Card
16928,1818,2025-11-10,Completed,Card
16929,2199,2025-07-31,Completed,Card
16930,3333,2025-06-26,Completed,Card
16931,1104,2024-11-19,Completed,Card
16932,3178,2024-01-12,Completed,Card
16933,3595,2024-01-23,Completed,Card
16934,3475,2024-06-09,Completed,Card
16935,4816,2024-09-20,Completed,PayPal
16936,2178,2025-12-02,Returned,PayPal
16937,1195,2025-01-14,Completed,Card
16938,4502,2024-03-20,Cancelled,Card
16939,536,2024-09-27,Completed,PayPal
16940,1070,2025-02-28,Completed,Card
16941,4370,2025-09-07,Cancelled,PayPal
16942,133,2025-03-11,Completed,Card
16943,264,2024-03-18,Completed,Bank Transfer
16944,4463,2025-06-07,Completed,Card
16945,2053,2024-04-20,Completed,Bank Transfer
16946,4947,2025-03-27,Completed,Card
16947,4090,2025-02-17,Returned,PayPal
16948,2848,2024-09-16,Completed,Card
16949,358,2024-12-16,Completed,Card
16950,4421,2025-12-08,Completed,Card
16951,751,2024-07-02,Completed,PayPal
16952,3251,2025-10-19,Completed,Bank Transfer
16953,4352,2024-06-23,Completed,PayPal
16954,2259,2025-12-12,Cancelled,PayPal
16955,911,2025-11-30,Completed,Card
16956,3811,2025-09-09,Completed,Card
16957,584,2025-01-20,Completed,PayPal
16958,3439,2025-08-07,Completed,Card
16959,577,2024-09-28,Completed,PayPal
16960,2577,2025-12-26,Completed,Card
16961,1872,2024-07-04,Returned,PayPal
16962,1153,2025-10-13,Completed,Card
16963,4991,2024-06-15,Completed,PayPal
16964,1784,2024-05-22,Completed,Card
16965,1094,2025-05-07,Completed,Bank Transfer
16966,2100,2024-03-12,Completed,PayPal
16967,4533,2024-12-09,Completed,Card
16968,2142,2025-05-13,Completed,PayPal
16969,2134,2024-05-26,Completed,Card
16970,518,2025-09-04,Completed,Card
16971,742,2025-05-15,Completed,Card
16972,2478,2024-12-03,Returned,Card
16973,4959,2024-03-25,Completed,PayPal
16974,2877,2024-05-22,Completed,Card
16975,43,2024-11-06,Completed,Card
16976,3442,2025-01-03,Completed,PayPal
16977,404,2025-12-07,Completed,Card
16978,1327,2025-11-26,Completed,Card
16979,2217,2025-03-16,Completed,Card
16980,2150,2024-03-07,Completed,Card
16981,2394,2025-06-17,Completed,Card
16982,2651,2024-12-06,Completed,Card
16983,4538,2025-11-08,Completed,Card
16984,4346,2024-04-11,Completed,Card
16985,878,2024-11-09,Completed,Card
16986,1887,2024-04-19,Cancelled,PayPal
16987,1304,2025-03-07,Completed,PayPal
16988,1741,2024-12-07,Completed,Card
16989,1113,2024-06-27,Returned,PayPal
16990,3877,2025-11-09,Completed,Card
16991,1899,2024-05-13,Completed,Card
16992,248,2024-01-30,Completed,Card
16993,3261,2025-04-17,Completed,Card
16994,568,2025-01-19,Completed,Card
16995,3810,2025-08-20,Completed,Bank Transfer
16996,1189,2024-01-09,Cancelled,Card
16997,2596,2024-05-15,Completed,PayPal
16998,1354,2024-10-16,Completed,Card
16999,3613,2025-10-09,Completed,Card
17000,981,2025-10-13,Returned,Bank Transfer
17001,4966,2024-02-12,Completed,Card
17002,169,2024-04-14,Completed,Card
17003,3165,2024-01-31,Completed,Card
17004,2672,2025-11-12,Completed,Card
17005,379,2025-11-03,Completed,PayPal
17006,1933,2024-08-06,Completed,Card
17007,194,2024-04-22,Completed,PayPal
17008,264,2025-11-25,Completed,PayPal
17009,1472,2024-09-16,Returned,Card
17010,2016,2024-01-12,Completed,Card
17011,4617,2025-04-15,Completed,PayPal
17012,1301,2024-12-05,Completed,Card
17013,3201,2024-09-02,Completed,Card
17014,3374,2024-09-06,Completed,Card
17015,574,2025-07-23,Completed,Card
17016,1538,2025-05-23,Completed,PayPal
17017,1384,2024-10-30,Completed,Card
17018,1381,2025-05-27,Completed,Card
17019,3538,2024-12-26,Completed,Card
17020,3160,2025-12-15,Completed,Card
17021,1524,2024-02-13,Completed,Card
17022,4992,2024-11-14,Completed,Card
17023,4613,2025-08-29,Completed,Card
17024,3933,2025-05-03,Completed,PayPal
17025,3623,2024-10-20,Cancelled,Card
17026,896,2025-05-23,Completed,Card
17027,3394,2025-06-04,Completed,Card
17028,465,2024-11-21,Cancelled,Card
17029,1611,2024-09-09,Completed,PayPal
17030,613,2024-11-03,Cancelled,Card
17031,3213,2024-11-18,Completed,Card
17032,605,2025-08-30,Completed,Card
17033,621,2025-10-03,Completed,Card
17034,2603,2024-02-05,Completed,PayPal
17035,2184,2025-09-08,Completed,Card
17036,3801,2025-12-11,Completed,Card
17037,156,2024-10-17,Completed,Bank Transfer
17038,3354,2025-06-25,Completed,Card
17039,3912,2025-08-27,Completed,Card
17040,2918,2025-05-03,Completed,Card
17041,3118,2024-08-23,Completed,Card
17042,2716,2025-01-19,Completed,Card
17043,4340,2024-12-26,Completed,Card
17044,450,2025-12-07,Completed,PayPal
17045,4850,2024-09-12,Completed,PayPal
17046,4502,2024-12-24,Completed,Bank Transfer
17047,3962,2025-06-26,Completed,Card
17048,1070,2024-01-25,Completed,Card
17049,4018,2024-01-01,Completed,Card
17050,4845,2024-12-23,Completed,Card
17051,3592,2024-04-27,Completed,PayPal
17052,2820,2025-04-23,Completed,PayPal
17053,2286,2025-11-07,Completed,Card
17054,2036,2025-04-03,Completed,PayPal
17055,1191,2024-04-22,Completed,Card
17056,1400,2024-07-13,Completed,Card
17057,3741,2025-10-13,Completed,Card
17058,2249,2024-01-20,Completed,PayPal
17059,2794,2024-10-12,Completed,Card
17060,724,2025-04-02,Completed,Card
17061,1442,2025-03-23,Completed,Card
17062,4821,2025-08-13,Completed,PayPal
17063,87,2025-10-01,Completed,Card
17064,4150,2024-03-25,Completed,Card
17065,1752,2025-07-29,Completed,Card
17066,3421,2024-09-30,Completed,Card
17067,4838,2025-02-06,Completed,Card
17068,2484,2024-09-09,Completed,Card
17069,3213,2025-08-28,Completed,PayPal
17070,3923,2025-10-23,Completed,Card
17071,2490,2024-12-30,Completed,PayPal
17072,1487,2025-10-30,Completed,PayPal
17073,3528,2025-12-28,Completed,PayPal
17074,73,2024-09-16,Completed,PayPal
17075,725,2025-03-09,Completed,Card
17076,3755,2025-09-03,Completed,Card
17077,2996,2024-05-01,Completed,Bank Transfer
17078,4366,2025-10-05,Cancelled,PayPal
17079,219,2025-05-31,Completed,Card
17080,547,2025-11-09,Completed,Card
17081,3730,2025-07-22,Completed,Card
17082,1969,2025-06-26,Completed,Card
17083,4517,2025-06-02,Completed,Bank Transfer
17084,1260,2024-01-12,Cancelled,Card
17085,2934,2024-01-10,Completed,Card
17086,2510,2024-06-05,Completed,Card
17087,4009,2025-12-25,Cancelled,PayPal
17088,4073,2024-05-20,Completed,Card
17089,4681,2025-09-30,Completed,PayPal
17090,1563,2025-12-10,Completed,Bank Transfer
17091,2086,2024-05-16,Completed,PayPal
17092,1790,2025-11-21,Completed,Card
17093,3670,2025-08-22,Completed,Card
17094,2482,2025-02-03,Completed,PayPal
17095,3431,2025-03-18,Cancelled,PayPal
17096,205,2025-03-17,Completed,Card
17097,742,2024-09-23,Completed,Card
17098,2889,2025-11-06,Completed,Card
17099,3495,2025-05-27,Completed,Card
17100,4264,2024-10-03,Completed,Card
17101,4738,2025-11-14,Completed,Card
17102,1106,2024-12-21,Completed,Card
17103,1824,2025-10-15,Cancelled,Card
17104,2648,2024-04-02,Completed,Card
17105,4198,2025-10-02,Completed,Card
17106,89,2024-05-15,Returned,PayPal
17107,3382,2024-04-20,Completed,Card
17108,4704,2024-02-13,Completed,Bank Transfer
17109,3512,2024-07-29,Completed,PayPal
17110,2207,2024-12-08,Completed,Card
17111,3186,2024-12-24,Completed,Bank Transfer
17112,4382,2024-12-26,Completed,Card
17113,865,2024-11-26,Completed,Card
17114,55,2025-02-14,Completed,Card
17115,4672,2025-05-22,Completed,PayPal
17116,2081,2024-08-19,Completed,Card
17117,558,2024-06-18,Cancelled,Bank Transfer
17118,4827,2025-02-07,Completed,PayPal
17119,993,2024-08-21,Completed,Card
17120,4897,2025-06-03,Completed,Card
17121,4292,2024-10-28,Completed,Card
17122,448,2024-04-09,Completed,PayPal
17123,1822,2024-09-09,Completed,Card
17124,3820,2024-11-03,Completed,Card
17125,2973,2025-11-30,Completed,Card
17126,92,2025-01-21,Completed,Card
17127,608,2024-05-02,Completed,Card
17128,1252,2024-05-11,Completed,Card
17129,286,2024-08-23,Completed,PayPal
17130,2922,2024-08-08,Completed,PayPal
17131,3307,2024-03-02,Completed,Card
17132,102,2025-11-20,Completed,Card
17133,3836,2025-02-06,Completed,Card
17134,4236,2024-06-19,Cancelled,Card
17135,4931,2025-04-20,Completed,Card
17136,1679,2025-08-16,Completed,PayPal
17137,3824,2024-01-14,Completed,Card
17138,535,2024-09-26,Completed,Card
17139,16,2024-02-23,Completed,PayPal
17140,561,2025-02-16,Completed,PayPal
17141,2926,2024-05-10,Completed,Card
17142,2384,2025-09-01,Completed,PayPal
17143,910,2025-12-13,Completed,PayPal
17144,1414,2025-05-31,Completed,Card
17145,119,2025-09-20,Completed,Bank Transfer
17146,4063,2024-10-27,Completed,Card
17147,3114,2025-12-04,Completed,Card
17148,3061,2025-03-02,Completed,Card
17149,1492,2024-04-25,Completed,Card
17150,2097,2024-08-23,Completed,Card
17151,2255,2025-07-16,Completed,Card
17152,514,2024-01-13,Cancelled,PayPal
17153,1234,2024-08-05,Completed,PayPal
17154,4133,2024-11-24,Completed,Card
17155,1480,2024-03-08,Completed,Card
17156,3350,2025-01-25,Completed,PayPal
17157,1541,2024-04-01,Completed,Card
17158,130,2024-04-13,Completed,PayPal
17159,3717,2025-08-12,Completed,PayPal
17160,3744,2025-03-01,Completed,PayPal
17161,1772,2025-09-05,Completed,Card
17162,4455,2024-10-30,Completed,Card
17163,3076,2025-01-13,Completed,Card
17164,506,2024-12-13,Completed,Card
17165,4914,2024-06-23,Completed,PayPal
17166,4890,2025-01-26,Completed,PayPal
17167,839,2025-02-08,Completed,PayPal
17168,3872,2024-03-28,Completed,Card
17169,4719,2025-09-21,Completed,Bank Transfer
17170,2677,2025-10-14,Completed,PayPal
17171,97,2025-09-16,Completed,Card
17172,1964,2024-09-05,Completed,Card
17173,2867,2024-12-31,Completed,PayPal
17174,4027,2024-03-29,Completed,Card
17175,599,2025-03-31,Completed,Bank Transfer
17176,2982,2025-02-18,Completed,PayPal
17177,3964,2025-03-30,Completed,PayPal
17178,429,2025-07-16,Completed,Card
17179,3782,2025-05-25,Completed,Card
17180,1325,2024-06-23,Completed,PayPal
17181,2591,2024-07-27,Completed,Card
17182,2415,2025-09-20,Cancelled,Card
17183,1768,2024-11-08,Completed,Card
17184,1517,2025-01-05,Completed,Card
17185,1340,2024-11-08,Completed,PayPal
17186,4095,2025-05-18,Completed,Card
17187,4660,2024-03-26,Completed,Card
17188,3404,2025-10-08,Completed,Card
17189,2547,2024-09-22,Completed,Card
17190,977,2024-08-07,Completed,Card
17191,1615,2024-10-21,Completed,Card
17192,1585,2025-11-28,Completed,PayPal
17193,4062,2025-05-20,Completed,Card
17194,4652,2024-06-11,Completed,Card
17195,1271,2024-05-06,Completed,PayPal
17196,219,2024-04-26,Completed,PayPal
17197,534,2025-02-09,Completed,Card
17198,1496,2025-10-10,Completed,Card
17199,1374,2024-12-21,Completed,PayPal
17200,4140,2024-08-09,Completed,Card
17201,3824,2025-01-10,Completed,Card
17202,3950,2024-11-09,Cancelled,Card
17203,65,2024-05-29,Returned,PayPal
17204,4342,2024-08-23,Completed,Card
17205,3143,2024-06-16,Completed,Card
17206,1725,2025-05-09,Completed,Card
17207,2206,2025-02-15,Completed,PayPal
17208,2986,2024-03-09,Completed,Card
17209,3914,2025-12-21,Completed,Card
17210,1049,2025-07-17,Completed,PayPal
17211,3655,2024-09-23,Completed,PayPal
17212,2873,2024-05-29,Completed,PayPal
17213,4256,2025-06-08,Completed,Card
17214,1005,2025-01-16,Completed,Card
17215,2123,2025-09-03,Completed,PayPal
17216,4575,2025-01-08,Completed,Card
17217,3982,2025-11-15,Completed,PayPal
17218,4483,2025-05-20,Completed,Card
17219,472,2024-08-24,Completed,Card
17220,3406,2025-08-09,Completed,PayPal
17221,309,2024-11-20,Completed,Card
17222,2935,2024-09-06,Completed,PayPal
17223,4797,2025-08-12,Completed,Card
17224,3048,2025-03-26,Completed,Card
17225,1922,2025-02-25,Completed,Bank Transfer
17226,3000,2024-08-03,Completed,Card
17227,2018,2024-01-21,Completed,Bank Transfer
17228,4882,2024-10-31,Completed,Bank Transfer
17229,1479,2024-12-18,Completed,Card
17230,2353,2025-08-26,Completed,PayPal
17231,4198,2025-03-20,Completed,Card
17232,4871,2025-09-03,Completed,PayPal
17233,3460,2024-09-22,Completed,PayPal
17234,3755,2024-06-16,Completed,PayPal
17235,1232,2024-02-27,Completed,Card
17236,3121,2025-08-23,Completed,Card
17237,572,2025-11-15,Completed,PayPal
17238,3590,2025-10-18,Completed,Card
17239,148,2025-09-24,Completed,Bank Transfer
17240,3444,2024-11-19,Completed,Card
17241,597,2024-09-22,Completed,Card
17242,1071,2024-03-02,Completed,PayPal
17243,3746,2024-03-29,Completed,PayPal
17244,4251,2025-02-19,Cancelled,Card
17245,4326,2025-08-06,Completed,Card
17246,3372,2025-11-12,Completed,Card
17247,158,2025-11-15,Completed,Card
17248,923,2024-03-16,Cancelled,PayPal
17249,3319,2025-02-08,Completed,Card
17250,2347,2024-12-30,Completed,Card
17251,4051,2025-10-31,Completed,Card
17252,1247,2025-12-25,Completed,PayPal
17253,766,2025-01-19,Returned,Card
17254,3652,2024-01-09,Completed,Card
17255,2613,2025-05-29,Completed,PayPal
17256,4563,2025-01-03,Completed,PayPal
17257,3829,2024-11-04,Completed,Card
17258,4582,2024-06-18,Completed,Card
17259,444,2024-05-26,Completed,Card
17260,905,2025-06-01,Completed,Card
17261,2911,2025-11-13,Completed,Card
17262,3210,2024-03-20,Returned,Card
17263,1802,2025-03-27,Completed,PayPal
17264,926,2025-04-10,Completed,Card
17265,3722,2025-07-08,Completed,PayPal
17266,4388,2025-02-15,Completed,PayPal
17267,752,2025-07-15,Completed,Bank Transfer
17268,1235,2024-10-21,Completed,PayPal
17269,2923,2024-05-09,Completed,Bank Transfer
17270,663,2024-06-13,Returned,Card
17271,3196,2025-09-04,Completed,Card
17272,1585,2025-03-25,Returned,PayPal
17273,920,2025-05-21,Completed,Card
17274,4220,2024-03-09,Completed,Card
17275,68,2025-07-09,Completed,Bank Transfer
17276,4571,2025-10-23,Completed,Card
17277,4454,2025-05-14,Completed,Card
17278,1767,2024-05-14,Completed,Card
17279,1954,2025-05-16,Completed,PayPal
17280,2569,2024-12-10,Completed,PayPal
17281,3709,2025-12-30,Completed,Bank Transfer
17282,4929,2025-10-21,Completed,Card
17283,2672,2025-09-29,Returned,Card
17284,3400,2024-02-23,Completed,Card
17285,1354,2024-11-27,Completed,Card
17286,443,2025-02-23,Completed,Card
17287,601,2025-12-21,Completed,PayPal
17288,3167,2025-10-17,Completed,PayPal
17289,3943,2024-11-08,Completed,PayPal
17290,2810,2024-05-17,Completed,PayPal
17291,3389,2024-12-20,Completed,Card
17292,4583,2025-05-16,Completed,Card
17293,2787,2024-08-12,Completed,Card
17294,2696,2025-09-05,Completed,Card
17295,3649,2024-04-08,Completed,Card
17296,2053,2024-11-02,Completed,Card
17297,632,2025-01-25,Completed,PayPal
17298,3443,2024-03-31,Completed,PayPal
17299,1755,2025-01-08,Completed,Card
17300,3034,2024-07-22,Completed,Card
17301,1579,2025-08-31,Cancelled,Card
17302,26,2025-09-24,Completed,Card
17303,2210,2024-04-26,Completed,PayPal
17304,2903,2024-03-06,Completed,Card
17305,1130,2024-05-10,Completed,PayPal
17306,4997,2025-01-20,Completed,Card
17307,4105,2024-04-01,Completed,Bank Transfer
17308,4146,2024-03-17,Completed,Card
17309,442,2024-09-08,Completed,Card
17310,3896,2024-11-15,Completed,PayPal
17311,4798,2025-10-14,Cancelled,Card
17312,4850,2024-02-23,Completed,Card
17313,1829,2025-10-13,Completed,Card
17314,1536,2025-10-19,Completed,Card
17315,4326,2024-05-24,Completed,Card
17316,560,2025-11-09,Completed,Card
17317,1174,2024-03-26,Completed,Card
17318,1879,2024-05-20,Completed,Card
17319,2256,2024-02-14,Completed,Card
17320,1085,2025-10-01,Cancelled,PayPal
17321,3915,2024-04-26,Completed,Card
17322,239,2024-05-26,Returned,PayPal
17323,2915,2025-10-20,Completed,Card
17324,2096,2024-01-21,Completed,PayPal
17325,1472,2025-06-19,Completed,Card
17326,2046,2024-06-06,Completed,Bank Transfer
17327,4613,2025-04-20,Cancelled,PayPal
17328,3684,2024-02-17,Completed,Card
17329,205,2025-02-22,Completed,Card
17330,3601,2024-04-19,Completed,PayPal
17331,2138,2025-07-24,Completed,Card
17332,1214,2025-06-12,Cancelled,Card
17333,3835,2024-10-30,Completed,Card
17334,3092,2025-04-26,Completed,Card
17335,1383,2025-07-20,Completed,Card
17336,3681,2024-05-16,Cancelled,Card
17337,1680,2024-03-17,Completed,Bank Transfer
17338,7,2024-09-26,Cancelled,Card
17339,1886,2025-11-22,Completed,Card
17340,3499,2024-03-25,Completed,PayPal
17341,296,2025-04-12,Completed,PayPal
17342,264,2025-10-12,Completed,Card
17343,2138,2025-11-12,Completed,Card
17344,4949,2024-08-29,Completed,PayPal
17345,3866,2024-03-04,Completed,Card
17346,4497,2024-08-27,Completed,Card
17347,4453,2024-04-04,Completed,Card
17348,2547,2025-10-19,Completed,Card
17349,4930,2025-02-01,Completed,PayPal
17350,4531,2024-02-18,Completed,Card
17351,119,2025-03-28,Completed,PayPal
17352,2396,2024-05-24,Completed,PayPal
17353,3368,2025-02-01,Completed,Card
17354,1703,2025-11-01,Completed,Card
17355,530,2025-12-29,Completed,PayPal
17356,3675,2024-10-29,Completed,PayPal
17357,303,2025-03-03,Completed,Bank Transfer
17358,4068,2024-01-17,Completed,PayPal
17359,4252,2024-03-21,Completed,PayPal
17360,3969,2024-07-02,Completed,Card
17361,14,2025-04-11,Completed,PayPal
17362,2804,2024-10-09,Completed,Card
17363,889,2024-03-11,Returned,Bank Transfer
17364,3529,2024-03-30,Completed,Card
17365,1197,2025-12-09,Completed,Card
17366,4541,2025-10-03,Completed,Card
17367,2170,2025-08-14,Returned,Card
17368,3569,2024-12-30,Completed,Card
17369,2232,2024-07-21,Completed,Card
17370,1844,2024-08-18,Completed,Card
17371,3652,2025-08-21,Completed,Card
17372,3877,2024-01-06,Returned,Card
17373,2719,2024-12-22,Completed,Card
17374,49,2025-03-24,Completed,Bank Transfer
17375,181,2024-05-25,Completed,PayPal
17376,3879,2024-02-24,Completed,Card
17377,1418,2024-03-07,Completed,PayPal
17378,3465,2025-11-27,Completed,PayPal
17379,3420,2024-05-26,Completed,Card
17380,530,2025-08-08,Completed,Card
17381,4680,2025-10-12,Completed,Card
17382,1287,2024-08-19,Cancelled,Card
17383,2191,2025-04-12,Completed,Card
17384,707,2025-11-25,Completed,PayPal
17385,3218,2024-04-05,Completed,PayPal
17386,294,2025-05-05,Completed,Bank Transfer
17387,1562,2024-09-04,Completed,Card
17388,4518,2024-05-11,Completed,Card
17389,2612,2025-06-08,Completed,Card
17390,661,2024-03-10,Completed,PayPal
17391,3179,2024-12-14,Completed,Card
17392,3390,2025-03-17,Completed,Bank Transfer
17393,2107,2024-09-12,Completed,Card
17394,3064,2025-01-20,Completed,PayPal
17395,2841,2025-05-19,Completed,Card
17396,3497,2025-11-30,Completed,Card
17397,2579,2025-08-23,Completed,Card
17398,2052,2025-02-19,Returned,Card
17399,2410,2024-11-14,Completed,PayPal
17400,2954,2024-11-11,Completed,Card
17401,369,2025-10-27,Completed,Card
17402,539,2025-10-23,Completed,Card
17403,2928,2024-11-25,Completed,Bank Transfer
17404,2394,2024-05-11,Cancelled,Card
17405,731,2024-05-23,Completed,Card
17406,897,2024-09-03,Completed,Card
17407,4660,2024-03-03,Completed,Card
17408,2369,2025-11-12,Completed,Card
17409,4560,2025-05-17,Completed,Card
17410,2681,2024-08-23,Completed,Card
17411,2381,2025-01-31,Completed,Bank Transfer
17412,15,2024-05-02,Completed,Card
17413,3129,2024-09-26,Completed,Card
17414,1354,2024-01-08,Completed,PayPal
17415,3136,2025-12-30,Completed,PayPal
17416,2278,2024-12-07,Completed,Card
17417,11,2025-11-16,Completed,Card
17418,1657,2025-09-29,Completed,PayPal
17419,1248,2024-11-10,Completed,PayPal
17420,1661,2025-07-14,Completed,PayPal
17421,1764,2024-12-01,Completed,Card
17422,542,2024-09-12,Completed,Card
17423,1530,2024-04-25,Returned,PayPal
17424,1181,2025-01-23,Completed,Card
17425,2689,2024-03-25,Cancelled,Card
17426,2618,2025-09-23,Completed,Card
17427,2755,2024-02-19,Completed,PayPal
17428,929,2024-06-12,Completed,PayPal
17429,1427,2024-05-27,Completed,PayPal
17430,3660,2025-07-08,Completed,Card
17431,2234,2024-05-15,Completed,PayPal
17432,3910,2024-08-05,Completed,PayPal
17433,4991,2025-05-20,Completed,Bank Transfer
17434,2062,2025-01-06,Completed,Card
17435,4098,2024-08-21,Completed,Card
17436,2564,2024-04-24,Completed,Card
17437,2804,2024-07-07,Completed,Card
17438,2294,2025-02-20,Returned,PayPal
17439,1626,2024-07-15,Returned,Card
17440,572,2025-07-03,Completed,Card
17441,4532,2025-06-07,Completed,Card
17442,2401,2025-09-27,Completed,Card
17443,1712,2025-07-09,Completed,Card
17444,383,2024-01-14,Completed,Card
17445,1084,2025-07-17,Completed,Card
17446,1950,2024-09-01,Completed,Bank Transfer
17447,2518,2025-11-22,Completed,PayPal
17448,4170,2024-10-28,Completed,PayPal
17449,3498,2025-04-08,Returned,PayPal
17450,3315,2025-10-03,Completed,PayPal
17451,4931,2025-03-08,Cancelled,Card
17452,2676,2025-09-03,Completed,Card
17453,3395,2025-04-06,Completed,Bank Transfer
17454,1204,2024-10-10,Completed,Card
17455,774,2025-09-14,Completed,Card
17456,3057,2025-08-26,Cancelled,Card
17457,2314,2025-08-10,Completed,Card
17458,2598,2025-12-17,Completed,Card
17459,1404,2025-06-17,Completed,PayPal
17460,4173,2025-11-12,Completed,Card
17461,3062,2025-01-02,Completed,Card
17462,3326,2024-06-05,Completed,Card
17463,1404,2025-04-07,Cancelled,Card
17464,3321,2025-08-02,Completed,Bank Transfer
17465,870,2024-06-09,Completed,Card
17466,1084,2024-06-22,Completed,PayPal
17467,974,2025-05-13,Completed,Card
17468,1226,2025-07-03,Completed,Card
17469,1803,2024-12-01,Cancelled,Bank Transfer
17470,2965,2024-01-26,Completed,Card
17471,1189,2025-05-18,Completed,PayPal
17472,3444,2024-10-25,Completed,Card
17473,3935,2025-03-12,Completed,Card
17474,4410,2024-01-11,Completed,Card
17475,1322,2024-08-25,Cancelled,PayPal
17476,2024,2025-09-10,Completed,PayPal
17477,4732,2025-02-13,Completed,Bank Transfer
17478,4513,2024-11-29,Completed,Bank Transfer
17479,439,2024-11-08,Completed,Card
17480,165,2024-01-01,Completed,Card
17481,3338,2025-06-06,Completed,Card
17482,3351,2025-10-31,Completed,Card
17483,988,2024-03-28,Completed,Card
17484,2530,2024-08-29,Completed,Card
17485,4613,2024-05-11,Completed,Card
17486,4178,2025-08-20,Completed,PayPal
17487,4215,2025-09-13,Completed,Bank Transfer
17488,3846,2024-11-23,Completed,PayPal
17489,1327,2024-04-20,Completed,PayPal
17490,3287,2025-12-20,Cancelled,Card
17491,28,2024-10-15,Completed,Card
17492,2025,2025-02-20,Completed,Card
17493,4594,2024-03-14,Completed,Card
17494,194,2024-04-17,Completed,Card
17495,592,2025-05-30,Completed,Card
17496,2490,2025-12-27,Completed,PayPal
17497,1858,2025-11-21,Completed,Card
17498,113,2025-10-28,Completed,Card
17499,1318,2024-04-14,Completed,Card
17500,1738,2025-01-16,Completed,PayPal
17501,2062,2025-08-18,Cancelled,Bank Transfer
17502,1691,2024-03-17,Completed,Card
17503,3669,2024-07-21,Completed,Card
17504,1395,2025-05-15,Completed,Card
17505,3169,2024-08-28,Completed,Bank Transfer
17506,3560,2025-12-07,Completed,Card
17507,2237,2025-01-06,Completed,Card
17508,3884,2024-07-23,Completed,Card
17509,3252,2025-02-15,Completed,PayPal
17510,3933,2024-08-01,Completed,Card
17511,3015,2025-03-16,Completed,Card
17512,3487,2025-06-14,Completed,Card
17513,1129,2025-11-01,Completed,Card
17514,1697,2024-07-30,Cancelled,Card
17515,133,2024-02-22,Completed,Card
17516,4666,2025-05-25,Cancelled,PayPal
17517,4221,2024-03-28,Completed,Card
17518,3540,2025-11-02,Completed,Card
17519,2989,2024-01-09,Completed,Card
17520,4303,2025-11-21,Completed,PayPal
17521,3294,2024-03-23,Completed,Card
17522,312,2025-10-24,Cancelled,Card
17523,2430,2024-01-25,Completed,PayPal
17524,1786,2024-08-12,Completed,PayPal
17525,4392,2025-05-11,Completed,PayPal
17526,402,2025-03-05,Completed,Card
17527,1597,2025-03-03,Completed,PayPal
17528,122,2024-07-12,Completed,Card
17529,751,2024-04-27,Completed,Card
17530,106,2024-03-18,Returned,PayPal
17531,1060,2024-05-31,Completed,PayPal
17532,4168,2024-02-25,Completed,PayPal
17533,4664,2024-12-22,Completed,PayPal
17534,3239,2024-09-15,Completed,Card
17535,1245,2025-06-18,Completed,Bank Transfer
17536,76,2025-11-04,Completed,Bank Transfer
17537,1010,2025-08-16,Completed,Card
17538,3283,2025-07-24,Completed,Card
17539,2276,2025-07-31,Completed,Card
17540,3809,2025-02-09,Completed,PayPal
17541,453,2024-04-24,Completed,Card
17542,766,2025-04-18,Completed,PayPal
17543,4583,2024-11-29,Completed,Card
17544,2716,2025-09-12,Cancelled,Bank Transfer
17545,1498,2024-11-04,Completed,PayPal
17546,3947,2024-11-26,Completed,PayPal
17547,3733,2025-06-27,Cancelled,PayPal
17548,4926,2025-12-25,Returned,Card
17549,2839,2025-05-18,Completed,Card
17550,490,2024-03-28,Completed,Card
17551,2424,2025-07-27,Completed,PayPal
17552,1936,2024-01-03,Completed,PayPal
17553,2750,2025-01-17,Completed,Card
17554,3297,2025-09-15,Returned,Card
17555,4571,2025-06-07,Completed,Card
17556,3692,2025-07-18,Completed,Bank Transfer
17557,1104,2024-05-27,Completed,Card
17558,1600,2025-05-20,Completed,Card
17559,3282,2025-10-07,Completed,Card
17560,3161,2024-03-24,Completed,Card
17561,3946,2025-02-01,Completed,Bank Transfer
17562,226,2024-07-02,Completed,Card
17563,4804,2024-06-17,Completed,Card
17564,1715,2025-07-14,Completed,Card
17565,4150,2024-04-17,Completed,Card
17566,2244,2024-07-11,Cancelled,Card
17567,2893,2024-08-01,Completed,Card
17568,2346,2024-12-25,Completed,Card
17569,579,2024-04-04,Completed,Card
17570,1699,2025-06-26,Completed,PayPal
17571,4596,2024-06-04,Completed,PayPal
17572,2672,2025-06-07,Completed,Card
17573,4302,2024-09-28,Completed,PayPal
17574,2928,2024-06-11,Completed,PayPal
17575,279,2025-07-09,Completed,Card
17576,1469,2024-06-28,Completed,Bank Transfer
17577,4773,2024-08-10,Completed,Card
17578,941,2024-04-25,Completed,PayPal
17579,2319,2024-01-05,Completed,PayPal
17580,4537,2024-03-06,Cancelled,PayPal
17581,1784,2025-06-10,Completed,Bank Transfer
17582,1876,2025-03-24,Completed,PayPal
17583,4644,2024-05-28,Completed,PayPal
17584,3227,2024-04-10,Completed,Card
17585,3729,2024-09-23,Completed,Card
17586,986,2025-12-30,Completed,PayPal
17587,2820,2025-07-07,Completed,Card
17588,3971,2024-03-06,Completed,Card
17589,2067,2024-12-15,Completed,Card
17590,425,2024-04-29,Completed,PayPal
17591,2106,2024-09-01,Completed,PayPal
17592,2471,2025-01-23,Completed,PayPal
17593,3795,2024-10-13,Completed,Card
17594,2892,2024-02-17,Completed,PayPal
17595,1684,2025-02-21,Completed,Card
17596,3174,2024-12-16,Completed,Card
17597,3148,2024-06-03,Completed,Card
17598,4062,2024-12-03,Completed,Card
17599,4052,2024-09-17,Completed,PayPal
17600,3652,2025-06-12,Completed,PayPal
17601,4162,2024-07-21,Cancelled,Card
17602,4911,2025-03-15,Completed,PayPal
17603,1175,2024-06-14,Completed,Card
17604,2950,2025-01-13,Completed,PayPal
17605,1810,2025-03-13,Returned,Card
17606,437,2024-02-17,Completed,Card
17607,4886,2024-08-16,Completed,Card
17608,235,2025-12-25,Completed,PayPal
17609,4771,2025-12-28,Completed,Card
17610,2146,2025-11-11,Completed,Card
17611,3576,2024-01-22,Completed,PayPal
17612,4857,2024-10-01,Completed,Card
17613,3562,2024-04-22,Completed,PayPal
17614,2475,2025-12-15,Completed,PayPal
17615,227,2025-06-28,Completed,Bank Transfer
17616,2611,2024-03-29,Completed,PayPal
17617,2276,2025-10-07,Completed,Card
17618,4802,2024-01-11,Completed,Card
17619,1816,2024-01-27,Completed,PayPal
17620,3855,2025-03-31,Completed,Card
17621,3996,2024-01-31,Completed,Card
17622,1411,2025-08-25,Completed,Card
17623,4765,2025-03-22,Completed,Card
17624,3380,2025-03-03,Completed,PayPal
17625,1846,2025-11-11,Completed,Card
17626,1338,2025-07-12,Completed,Card
17627,118,2025-08-13,Completed,PayPal
17628,1869,2025-05-28,Completed,Card
17629,2098,2025-02-02,Completed,PayPal
17630,1814,2025-06-15,Completed,Bank Transfer
17631,1588,2025-01-21,Completed,PayPal
17632,3253,2025-09-09,Completed,PayPal
17633,543,2024-11-25,Returned,Card
17634,2375,2025-08-24,Completed,Card
17635,1527,2024-05-17,Completed,Bank Transfer
17636,3568,2025-11-10,Completed,Card
17637,1270,2025-10-14,Completed,Card
17638,602,2025-12-25,Completed,Card
17639,3615,2025-04-26,Cancelled,Bank Transfer
17640,2150,2024-10-26,Completed,Card
17641,3302,2024-02-01,Completed,Card
17642,388,2025-04-01,Completed,Card
17643,3681,2025-06-25,Completed,PayPal
17644,1603,2025-01-19,Completed,PayPal
17645,3283,2024-11-27,Completed,Card
17646,2697,2024-02-13,Completed,PayPal
17647,4435,2025-06-30,Completed,Card
17648,4152,2025-02-27,Completed,Card
17649,3834,2024-02-14,Completed,PayPal
17650,1306,2025-01-14,Completed,Card
17651,717,2025-05-11,Completed,Card
17652,3656,2024-05-17,Completed,PayPal
17653,2992,2025-07-12,Completed,PayPal
17654,314,2025-02-11,Completed,Card
17655,2281,2024-07-03,Completed,PayPal
17656,2623,2025-05-03,Completed,Card
17657,888,2024-01-18,Completed,PayPal
17658,4343,2025-11-27,Cancelled,Card
17659,2490,2024-03-12,Completed,Card
17660,1923,2025-09-26,Completed,PayPal
17661,4030,2024-06-19,Completed,PayPal
17662,3064,2024-03-17,Completed,PayPal
17663,161,2025-02-03,Completed,PayPal
17664,2188,2025-06-04,Completed,Bank Transfer
17665,2352,2024-07-19,Cancelled,Card
17666,1484,2025-08-03,Completed,Bank Transfer
17667,3893,2024-08-26,Returned,Card
17668,1738,2024-11-12,Completed,PayPal
17669,4221,2025-06-06,Completed,Card
17670,1909,2024-11-15,Completed,Card
17671,1371,2025-07-03,Completed,PayPal
17672,1978,2025-06-05,Completed,Card
17673,3396,2025-06-11,Completed,PayPal
17674,2455,2025-04-21,Completed,Card
17675,4260,2024-11-20,Completed,Card
17676,4958,2025-04-10,Completed,Card
17677,2288,2024-02-11,Completed,Card
17678,1237,2024-08-21,Completed,Card
17679,3175,2025-07-09,Completed,PayPal
17680,1207,2025-03-12,Completed,Card
17681,505,2025-11-06,Completed,Card
17682,3768,2025-10-23,Completed,Card
17683,4621,2024-10-06,Completed,PayPal
17684,1404,2024-07-22,Returned,PayPal
17685,1768,2024-11-01,Completed,PayPal
17686,3734,2025-05-24,Completed,Card
17687,701,2024-10-22,Completed,Card
17688,3205,2024-01-22,Cancelled,PayPal
17689,4146,2025-11-17,Completed,Card
17690,3006,2024-08-29,Completed,Card
17691,4791,2025-07-31,Completed,Card
17692,4122,2025-01-28,Completed,Card
17693,4083,2025-03-02,Completed,PayPal
17694,11,2025-03-28,Completed,PayPal
17695,4904,2025-05-21,Completed,Card
17696,2059,2025-08-28,Completed,Card
17697,3678,2024-07-31,Cancelled,PayPal
17698,2820,2024-08-28,Completed,Card
17699,973,2025-02-12,Completed,Card
17700,3793,2025-09-13,Completed,PayPal
17701,2455,2025-07-12,Completed,Card
17702,842,2025-10-29,Completed,PayPal
17703,4455,2025-08-14,Completed,PayPal
17704,285,2024-02-14,Completed,Bank Transfer
17705,2436,2025-12-07,Returned,Card
17706,2832,2024-08-24,Completed,Card
17707,4521,2025-12-23,Completed,PayPal
17708,1030,2025-08-17,Completed,PayPal
17709,4452,2024-04-22,Completed,Card
17710,2967,2025-05-21,Completed,Card
17711,554,2025-10-04,Returned,Card
17712,268,2025-03-25,Completed,Card
17713,1241,2025-07-21,Completed,Card
17714,4160,2025-06-21,Completed,Card
17715,2490,2024-07-27,Completed,Card
17716,2589,2024-10-16,Completed,Bank Transfer
17717,470,2025-05-12,Completed,Card
17718,3288,2024-07-01,Completed,Bank Transfer
17719,3937,2025-12-19,Completed,PayPal
17720,2020,2025-12-16,Completed,Card
17721,2024,2025-02-03,Completed,PayPal
17722,1590,2024-07-26,Completed,Card
17723,4974,2025-02-26,Completed,Card
17724,2061,2025-01-24,Completed,Card
17725,4318,2024-12-31,Cancelled,Bank Transfer
17726,1420,2025-08-06,Completed,Card
17727,881,2025-03-11,Completed,Card
17728,839,2024-11-07,Cancelled,Card
17729,752,2024-12-04,Completed,Card
17730,270,2024-05-26,Cancelled,Card
17731,3370,2025-12-16,Completed,Bank Transfer
17732,4828,2025-04-01,Completed,Card
17733,4712,2025-02-14,Completed,PayPal
17734,3504,2025-10-06,Cancelled,PayPal
17735,3961,2024-10-08,Completed,Card
17736,2076,2025-02-17,Completed,Card
17737,1313,2025-08-12,Cancelled,Card
17738,2285,2024-04-06,Completed,Card
17739,384,2024-06-11,Completed,Card
17740,4181,2025-03-12,Completed,PayPal
17741,4342,2024-07-14,Completed,Card
17742,2809,2025-09-19,Completed,PayPal
17743,804,2024-06-09,Completed,Card
17744,4336,2024-09-11,Completed,Card
17745,1097,2024-03-10,Completed,PayPal
17746,3743,2025-02-15,Cancelled,PayPal
17747,4484,2025-12-14,Cancelled,PayPal
17748,3720,2024-02-05,Completed,Card
17749,4772,2024-10-31,Completed,Card
17750,2697,2025-12-30,Completed,Card
17751,4267,2025-04-14,Completed,PayPal
17752,809,2024-11-04,Completed,Card
17753,2152,2024-07-15,Completed,PayPal
17754,3294,2025-04-25,Completed,Bank Transfer
17755,1306,2024-12-01,Completed,Card
17756,3460,2025-12-04,Completed,Card
17757,2420,2024-10-17,Completed,Card
17758,4225,2025-03-05,Completed,PayPal
17759,1197,2025-08-20,Completed,Card
17760,4568,2025-03-07,Completed,Card
17761,3525,2025-06-17,Completed,Card
17762,1526,2025-10-07,Completed,Card
17763,1600,2025-05-24,Completed,Bank Transfer
17764,1045,2025-05-19,Completed,Card
17765,2154,2025-11-03,Completed,PayPal
17766,1868,2025-07-08,Returned,Bank Transfer
17767,1376,2025-02-12,Completed,Card
17768,612,2025-02-05,Completed,Card
17769,3317,2024-02-10,Completed,Bank Transfer
17770,1599,2025-01-18,Completed,Card
17771,4950,2024-10-17,Completed,Card
17772,1978,2024-07-01,Completed,Card
17773,4398,2024-02-09,Cancelled,PayPal
17774,639,2025-08-21,Completed,PayPal
17775,4167,2024-08-12,Completed,Bank Transfer
17776,1923,2024-10-11,Completed,Bank Transfer
17777,646,2024-05-17,Completed,PayPal
17778,4270,2024-11-30,Completed,PayPal
17779,1999,2024-05-17,Completed,Card
17780,90,2025-04-18,Completed,PayPal
17781,3279,2025-05-02,Cancelled,Card
17782,2367,2025-07-29,Completed,PayPal
17783,824,2025-09-20,Cancelled,Bank Transfer
17784,551,2025-09-01,Completed,Card
17785,60,2024-05-25,Completed,Bank Transfer
17786,4223,2025-02-12,Completed,PayPal
17787,4179,2025-05-24,Completed,Card
17788,1244,2024-03-25,Completed,Card
17789,3480,2025-07-16,Completed,PayPal
17790,946,2025-08-29,Completed,PayPal
17791,1641,2024-01-09,Completed,Card
17792,1953,2024-03-29,Completed,Card
17793,2634,2024-03-29,Completed,Card
17794,3502,2024-08-06,Completed,PayPal
17795,890,2024-12-15,Completed,Card
17796,574,2025-02-08,Completed,Card
17797,513,2024-06-09,Completed,Card
17798,4161,2024-02-12,Completed,Card
17799,1965,2025-04-18,Completed,PayPal
17800,4052,2024-09-14,Completed,Card
17801,2231,2024-06-07,Completed,PayPal
17802,2284,2024-05-11,Completed,PayPal
17803,4985,2025-07-12,Completed,PayPal
17804,612,2025-08-23,Completed,PayPal
17805,438,2024-02-14,Completed,Card
17806,1460,2024-11-16,Completed,Bank Transfer
17807,524,2024-07-12,Completed,Bank Transfer
17808,3578,2025-06-01,Completed,Card
17809,4896,2024-09-19,Completed,PayPal
17810,3399,2025-03-10,Completed,Bank Transfer
17811,2262,2025-12-08,Completed,Card
17812,1024,2025-06-13,Completed,PayPal
17813,1580,2024-10-23,Completed,Card
17814,322,2025-05-15,Completed,Card
17815,3127,2025-09-10,Completed,Bank Transfer
17816,2832,2024-03-09,Completed,Card
17817,4276,2024-01-25,Completed,Card
17818,2428,2025-07-21,Cancelled,Card
17819,2981,2025-05-27,Completed,Card
17820,3758,2024-07-01,Completed,PayPal
17821,450,2024-02-23,Completed,PayPal
17822,1285,2024-03-21,Completed,PayPal
17823,3519,2024-06-08,Completed,Card
17824,1661,2025-01-20,Completed,Card
17825,904,2025-03-24,Completed,Card
17826,1178,2024-09-20,Completed,Card
17827,330,2025-09-12,Returned,Card
17828,637,2024-11-04,Completed,Bank Transfer
17829,1890,2024-02-13,Cancelled,Card
17830,1868,2024-07-19,Completed,PayPal
17831,2516,2024-10-10,Completed,PayPal
17832,413,2024-05-26,Completed,Card
17833,3834,2025-03-15,Completed,PayPal
17834,2416,2025-02-07,Completed,Bank Transfer
17835,2587,2025-12-11,Completed,Card
17836,1565,2024-07-02,Completed,PayPal
17837,4611,2025-06-30,Completed,Card
17838,481,2024-07-27,Completed,Card
17839,2276,2025-07-28,Completed,Card
17840,3841,2024-03-22,Completed,Card
17841,3312,2024-09-19,Completed,Card
17842,2883,2024-02-08,Completed,PayPal
17843,3744,2024-10-12,Completed,Card
17844,2520,2024-01-23,Completed,Card
17845,4614,2025-08-18,Completed,Card
17846,4401,2025-04-18,Completed,Card
17847,655,2024-10-29,Completed,Card
17848,1978,2024-07-24,Completed,Card
17849,181,2025-03-07,Returned,PayPal
17850,4126,2024-04-04,Completed,Card
17851,3020,2025-04-19,Completed,PayPal
17852,765,2025-07-28,Completed,PayPal
17853,4136,2025-01-10,Completed,Card
17854,2367,2024-05-16,Completed,Bank Transfer
17855,3299,2024-05-30,Completed,Bank Transfer
17856,2780,2025-09-20,Completed,Card
17857,4988,2025-12-03,Completed,Bank Transfer
17858,2372,2024-07-20,Completed,Bank Transfer
17859,3391,2024-09-06,Completed,Card
17860,1783,2025-08-21,Completed,Card
17861,4781,2024-03-14,Completed,Card
17862,1065,2024-11-17,Completed,Card
17863,2457,2025-07-02,Completed,PayPal
17864,1347,2025-09-28,Completed,Card
17865,2228,2024-06-14,Completed,Card
17866,1183,2024-01-01,Completed,Card
17867,4133,2024-12-03,Completed,Card
17868,2454,2024-10-17,Completed,Card
17869,539,2024-03-11,Completed,Card
17870,2424,2024-04-17,Completed,PayPal
17871,2304,2025-05-04,Completed,PayPal
17872,249,2025-08-20,Completed,Bank Transfer
17873,4789,2024-06-29,Completed,PayPal
17874,1041,2024-01-25,Completed,PayPal
17875,1392,2024-05-30,Completed,Card
17876,2173,2024-09-21,Completed,PayPal
17877,1336,2024-07-21,Completed,PayPal
17878,2260,2025-07-16,Completed,Bank Transfer
17879,500,2025-04-19,Completed,PayPal
17880,811,2024-08-07,Completed,PayPal
17881,4985,2025-07-22,Completed,Card
17882,3714,2024-03-22,Completed,Card
17883,3705,2024-06-12,Completed,Card
17884,1211,2024-09-25,Completed,Card
17885,3746,2024-07-01,Completed,PayPal
17886,1987,2024-06-28,Completed,Card
17887,1492,2025-08-20,Completed,Card
17888,4271,2025-04-16,Completed,PayPal
17889,3049,2024-04-20,Completed,Card
17890,4920,2025-10-31,Completed,Bank Transfer
17891,2935,2024-02-14,Completed,Card
17892,4365,2025-07-03,Completed,Card
17893,1818,2025-06-15,Completed,Card
17894,4320,2025-08-31,Completed,Card
17895,1276,2025-03-06,Completed,Card
17896,3023,2024-12-23,Completed,Card
17897,2878,2024-02-28,Completed,PayPal
17898,4015,2024-08-11,Cancelled,Card
17899,4088,2024-07-07,Completed,Card
17900,1148,2024-02-28,Completed,PayPal
17901,238,2024-01-08,Completed,PayPal
17902,2123,2025-04-28,Completed,Card
17903,4596,2025-02-09,Completed,Bank Transfer
17904,1546,2025-09-05,Completed,Card
17905,3984,2025-04-16,Returned,Card
17906,4364,2024-01-21,Completed,PayPal
17907,987,2025-01-18,Completed,PayPal
17908,1624,2025-02-15,Completed,PayPal
17909,3122,2024-10-31,Completed,Card
17910,3727,2025-12-28,Cancelled,Card
17911,3902,2024-11-05,Completed,PayPal
17912,723,2024-08-18,Completed,PayPal
17913,1096,2024-08-23,Completed,Bank Transfer
17914,3828,2025-10-24,Cancelled,Card
17915,4286,2025-08-02,Completed,Card
17916,996,2024-02-15,Completed,PayPal
17917,4662,2024-08-09,Completed,Bank Transfer
17918,993,2024-06-04,Completed,PayPal
17919,2784,2024-04-04,Completed,Card
17920,156,2025-08-31,Completed,Bank Transfer
17921,1896,2024-03-23,Cancelled,Card
17922,1777,2024-09-01,Completed,Card
17923,4769,2025-07-28,Completed,PayPal
17924,2117,2024-01-10,Completed,Card
17925,2421,2024-03-29,Completed,Card
17926,55,2025-11-07,Completed,Bank Transfer
17927,85,2024-11-21,Completed,Card
17928,2889,2024-10-12,Completed,Bank Transfer
17929,4688,2024-08-02,Completed,Card
17930,2780,2024-03-12,Completed,Card
17931,2670,2024-07-26,Completed,Card
17932,3837,2024-05-18,Cancelled,Card
17933,1009,2025-01-13,Completed,PayPal
17934,2365,2025-10-02,Completed,Bank Transfer
17935,3687,2025-02-05,Completed,Card
17936,4348,2025-09-03,Completed,Card
17937,2200,2025-06-06,Completed,Card
17938,1360,2024-12-05,Completed,Card
17939,910,2024-06-24,Completed,PayPal
17940,3440,2024-12-22,Completed,Card
17941,2914,2025-01-12,Completed,PayPal
17942,4696,2024-11-11,Completed,Bank Transfer
17943,1007,2025-10-23,Completed,PayPal
17944,3053,2024-03-15,Completed,PayPal
17945,1144,2024-04-08,Completed,Card
17946,4399,2024-09-21,Completed,Card
17947,3221,2024-03-23,Completed,PayPal
17948,1225,2025-08-04,Cancelled,PayPal
17949,3879,2024-08-15,Completed,Card
17950,4496,2025-11-14,Completed,Card
17951,68,2024-05-10,Completed,PayPal
17952,4250,2024-01-10,Completed,Card
17953,1015,2025-07-21,Completed,Card
17954,182,2025-06-28,Completed,Card
17955,4621,2024-08-31,Completed,Card
17956,4116,2024-08-13,Completed,PayPal
17957,4947,2024-08-15,Completed,Card
17958,2946,2024-09-01,Completed,Bank Transfer
17959,2058,2025-03-19,Completed,Bank Transfer
17960,2748,2025-09-06,Cancelled,Card
17961,1881,2025-12-09,Completed,PayPal
17962,3603,2025-04-05,Completed,PayPal
17963,655,2025-12-21,Completed,PayPal
17964,3687,2025-01-16,Completed,Card
17965,2289,2024-07-10,Completed,Card
17966,2200,2025-09-30,Completed,Card
17967,2832,2025-06-05,Completed,Card
17968,3409,2025-07-31,Completed,Card
17969,2236,2024-06-06,Completed,Card
17970,2512,2024-09-12,Completed,PayPal
17971,722,2025-06-30,Completed,PayPal
17972,3249,2025-05-20,Completed,Card
17973,1201,2024-06-15,Completed,Card
17974,4977,2024-01-22,Completed,Card
17975,2463,2024-03-07,Completed,Card
17976,4674,2025-12-10,Completed,Card
17977,310,2025-09-03,Completed,PayPal
17978,1026,2025-12-07,Completed,Card
17979,4413,2025-09-03,Returned,PayPal
17980,1533,2025-08-09,Completed,Card
17981,3644,2024-01-17,Completed,Card
17982,368,2025-10-20,Completed,Card
17983,4651,2024-09-11,Completed,Card
17984,2653,2024-07-06,Completed,Card
17985,1250,2024-11-23,Completed,PayPal
17986,2984,2025-01-14,Cancelled,PayPal
17987,4576,2024-12-11,Completed,Card
17988,3029,2024-08-27,Completed,Card
17989,3135,2025-04-17,Completed,Card
17990,4096,2024-11-02,Completed,Card
17991,940,2024-06-24,Completed,Bank Transfer
17992,4110,2024-11-08,Completed,Card
17993,4238,2025-06-27,Completed,Card
17994,4024,2024-11-30,Returned,Card
17995,3692,2025-01-13,Completed,PayPal
17996,590,2025-09-25,Completed,Bank Transfer
17997,1783,2025-06-23,Cancelled,Card
17998,4569,2025-12-01,Completed,Card
17999,1208,2024-11-28,Completed,Bank Transfer
18000,4413,2024-05-19,Returned,Card
18001,4541,2024-10-11,Completed,Card
18002,2344,2024-12-08,Completed,Card
18003,847,2024-09-25,Completed,PayPal
18004,2425,2024-07-04,Completed,Card
18005,4681,2024-04-19,Completed,Card
18006,799,2024-02-04,Cancelled,Bank Transfer
18007,471,2024-08-09,Completed,PayPal
18008,3910,2025-09-13,Completed,Bank Transfer
18009,4828,2025-05-28,Completed,Card
18010,2095,2024-04-08,Completed,Card
18011,2995,2025-09-22,Completed,PayPal
18012,3130,2024-01-10,Completed,PayPal
18013,1314,2025-08-07,Completed,Card
18014,2879,2024-07-27,Completed,PayPal
18015,3516,2025-09-27,Completed,Card
18016,1048,2024-02-07,Completed,Card
18017,1088,2024-04-03,Cancelled,Card
18018,3682,2024-08-20,Completed,PayPal
18019,283,2024-06-11,Completed,Bank Transfer
18020,3649,2025-10-13,Completed,Card
18021,1399,2024-08-29,Completed,PayPal
18022,2734,2025-11-12,Completed,Card
18023,4068,2024-04-07,Completed,Bank Transfer
18024,2358,2025-01-17,Completed,Bank Transfer
18025,2936,2025-08-01,Completed,PayPal
18026,3819,2024-10-15,Completed,Card
18027,3239,2025-09-07,Completed,Card
18028,1773,2024-05-20,Completed,Card
18029,4078,2024-07-21,Completed,Card
18030,4103,2025-05-02,Completed,Card
18031,788,2025-02-07,Completed,PayPal
18032,3225,2025-02-20,Completed,Card
18033,43,2024-11-01,Completed,Bank Transfer
18034,4297,2024-05-16,Completed,Card
18035,2943,2025-09-09,Cancelled,Card
18036,4644,2024-05-09,Completed,PayPal
18037,4322,2025-09-16,Completed,Card
18038,3906,2024-04-25,Completed,Card
18039,4729,2024-05-17,Completed,Card
18040,3411,2025-02-18,Completed,Card
18041,1359,2024-06-09,Completed,Bank Transfer
18042,1205,2025-09-11,Completed,Card
18043,3605,2024-09-04,Completed,PayPal
18044,2994,2024-05-13,Completed,Card
18045,2242,2025-06-09,Completed,Card
18046,538,2025-08-12,Completed,Card
18047,4012,2024-09-27,Completed,Card
18048,3869,2024-08-12,Completed,Card
18049,4577,2024-04-30,Completed,Card
18050,4526,2025-12-21,Completed,PayPal
18051,3584,2025-04-07,Completed,Card
18052,1351,2024-08-27,Completed,Card
18053,945,2024-01-21,Completed,PayPal
18054,3857,2025-03-23,Completed,Card
18055,1824,2024-11-24,Completed,PayPal
18056,2626,2025-03-23,Completed,Card
18057,3899,2025-08-27,Completed,Bank Transfer
18058,3488,2024-09-11,Completed,Card
18059,4207,2024-06-10,Completed,Card
18060,4308,2024-10-29,Completed,Card
18061,851,2024-07-06,Completed,Card
18062,2926,2025-09-15,Completed,Card
18063,996,2024-01-30,Completed,PayPal
18064,4762,2025-03-11,Completed,PayPal
18065,350,2024-11-10,Completed,Card
18066,1538,2025-01-22,Completed,Card
18067,2978,2025-11-10,Completed,Card
18068,2729,2025-04-24,Completed,Card
18069,4347,2025-08-30,Completed,PayPal
18070,2367,2024-05-14,Cancelled,Card
18071,2237,2024-02-07,Completed,Bank Transfer
18072,3876,2024-10-14,Completed,Card
18073,3095,2024-03-09,Completed,PayPal
18074,3602,2024-03-07,Completed,PayPal
18075,4175,2025-07-21,Cancelled,Card
18076,4642,2024-07-10,Completed,Card
18077,924,2024-04-29,Completed,Bank Transfer
18078,619,2025-02-04,Completed,Card
18079,4401,2025-02-03,Completed,Card
18080,3263,2025-06-06,Completed,Card
18081,3304,2025-10-19,Completed,Card
18082,2602,2024-01-14,Completed,PayPal
18083,1048,2025-06-29,Completed,PayPal
18084,1699,2025-12-16,Returned,PayPal
18085,2231,2025-08-20,Completed,Card
18086,1869,2025-04-13,Completed,Card
18087,2655,2024-06-02,Completed,PayPal
18088,83,2024-06-18,Completed,Card
18089,93,2025-11-09,Completed,Card
18090,3157,2025-01-20,Completed,Card
18091,3049,2025-11-27,Completed,PayPal
18092,1468,2024-11-01,Completed,PayPal
18093,2025,2025-09-16,Completed,Card
18094,4870,2025-10-17,Cancelled,Card
18095,3818,2024-11-13,Completed,PayPal
18096,2699,2024-12-19,Completed,Card
18097,792,2024-07-29,Cancelled,Card
18098,476,2025-12-03,Completed,PayPal
18099,504,2025-11-24,Completed,Card
18100,231,2025-03-30,Completed,Card
18101,1587,2025-10-28,Completed,Card
18102,1775,2024-07-10,Completed,Card
18103,3091,2025-08-15,Completed,Card
18104,2257,2024-11-30,Completed,Card
18105,3971,2025-07-14,Completed,PayPal
18106,4227,2025-07-20,Completed,Bank Transfer
18107,4839,2024-03-07,Completed,Bank Transfer
18108,384,2025-09-18,Completed,Bank Transfer
18109,3164,2024-04-21,Completed,PayPal
18110,2410,2025-11-01,Completed,Bank Transfer
18111,761,2024-04-16,Completed,Card
18112,3953,2024-01-26,Completed,PayPal
18113,943,2025-09-13,Completed,PayPal
18114,2696,2024-03-06,Completed,Bank Transfer
18115,1297,2025-02-17,Completed,Card
18116,2403,2025-12-17,Completed,Card
18117,2148,2025-09-04,Completed,Card
18118,1640,2025-05-14,Completed,Card
18119,4397,2025-12-18,Completed,Card
18120,609,2024-01-01,Completed,PayPal
18121,882,2025-08-04,Completed,PayPal
18122,2251,2025-10-23,Completed,Card
18123,3093,2025-04-03,Completed,Card
18124,2160,2025-01-03,Completed,PayPal
18125,2429,2025-12-27,Completed,Bank Transfer
18126,4851,2024-05-21,Completed,Card
18127,3002,2024-01-14,Completed,Card
18128,4892,2025-04-12,Completed,PayPal
18129,1995,2025-12-11,Completed,Bank Transfer
18130,1324,2025-06-14,Completed,Card
18131,4318,2025-02-13,Completed,PayPal
18132,1012,2024-05-29,Cancelled,Bank Transfer
18133,4039,2024-11-28,Completed,Card
18134,689,2024-03-14,Returned,PayPal
18135,4069,2025-03-13,Completed,Card
18136,4214,2025-01-17,Completed,PayPal
18137,4270,2024-12-16,Completed,Bank Transfer
18138,1243,2024-09-22,Completed,PayPal
18139,3448,2025-10-18,Completed,Card
18140,2045,2025-10-06,Completed,Card
18141,441,2025-02-08,Completed,Card
18142,1225,2025-02-26,Completed,PayPal
18143,2463,2025-10-21,Completed,Bank Transfer
18144,4179,2024-03-19,Completed,PayPal
18145,2753,2024-11-04,Returned,PayPal
18146,1753,2025-12-27,Completed,Card
18147,4443,2024-02-02,Completed,PayPal
18148,4630,2025-03-03,Completed,PayPal
18149,3003,2025-12-06,Completed,Card
18150,4547,2025-11-20,Completed,Bank Transfer
18151,3217,2024-11-30,Cancelled,Card
18152,3360,2025-03-30,Completed,Card
18153,3943,2025-12-13,Completed,Card
18154,3297,2025-02-15,Cancelled,Bank Transfer
18155,4310,2025-04-14,Completed,PayPal
18156,4015,2025-05-29,Completed,Card
18157,900,2025-07-18,Completed,Bank Transfer
18158,1190,2024-04-30,Cancelled,Card
18159,653,2024-05-29,Cancelled,Card
18160,983,2024-06-01,Completed,Card
18161,576,2025-12-29,Completed,Card
18162,333,2025-10-08,Completed,Bank Transfer
18163,4308,2024-09-12,Completed,Card
18164,289,2025-07-27,Completed,Card
18165,2214,2024-03-03,Completed,Card
18166,2174,2024-10-19,Returned,Card
18167,3834,2024-03-08,Completed,PayPal
18168,1056,2024-08-12,Completed,Card
18169,4370,2025-10-10,Completed,Card
18170,1325,2025-03-29,Completed,PayPal
18171,3596,2025-07-11,Completed,Card
18172,3828,2025-08-29,Completed,PayPal
18173,2663,2024-10-16,Returned,Card
18174,2324,2024-09-03,Completed,Card
18175,1883,2024-11-11,Completed,Card
18176,3064,2024-10-18,Cancelled,Card
18177,1154,2025-04-24,Completed,Card
18178,3371,2024-08-01,Completed,Card
18179,97,2025-07-13,Completed,Card
18180,277,2025-08-27,Completed,Card
18181,2848,2025-06-01,Completed,PayPal
18182,332,2024-07-11,Completed,Card
18183,2253,2025-09-06,Cancelled,Card
18184,4199,2025-03-09,Completed,Bank Transfer
18185,3052,2024-03-14,Completed,PayPal
18186,3697,2024-03-14,Completed,Bank Transfer
18187,2408,2025-09-16,Completed,Card
18188,3203,2025-10-25,Completed,Card
18189,2087,2024-09-19,Completed,Card
18190,307,2024-03-26,Completed,Card
18191,884,2024-02-27,Completed,PayPal
18192,4290,2025-10-22,Completed,PayPal
18193,3590,2025-12-26,Completed,Card
18194,3642,2025-02-20,Completed,Bank Transfer
18195,4345,2024-10-07,Returned,Card
18196,2163,2025-08-29,Completed,Bank Transfer
18197,3148,2024-07-26,Cancelled,PayPal
18198,2784,2024-05-22,Completed,Card
18199,3142,2025-02-16,Completed,PayPal
18200,4604,2025-08-17,Cancelled,PayPal
18201,155,2024-02-21,Completed,Card
18202,3631,2024-01-17,Completed,Card
18203,461,2025-12-30,Completed,Card
18204,1397,2025-02-22,Completed,Card
18205,791,2025-02-27,Completed,Card
18206,3710,2024-07-19,Completed,Card
18207,1868,2025-02-21,Completed,Card
18208,1689,2025-03-17,Completed,PayPal
18209,577,2025-05-16,Completed,Card
18210,3765,2024-03-22,Completed,PayPal
18211,2544,2025-10-01,Completed,PayPal
18212,362,2024-03-20,Completed,PayPal
18213,457,2024-07-07,Completed,Card
18214,3250,2025-04-24,Completed,PayPal
18215,4225,2024-06-04,Completed,Card
18216,3562,2024-06-08,Completed,Bank Transfer
18217,3111,2025-08-16,Completed,Bank Transfer
18218,3530,2024-02-13,Completed,Card
18219,4908,2024-06-10,Completed,Bank Transfer
18220,4969,2025-10-22,Completed,PayPal
18221,350,2025-09-27,Completed,Card
18222,2693,2025-05-24,Completed,PayPal
18223,4548,2025-05-27,Completed,Bank Transfer
18224,4084,2025-11-25,Returned,Card
18225,109,2024-07-26,Completed,Bank Transfer
18226,1232,2024-04-06,Completed,Card
18227,577,2024-01-21,Completed,PayPal
18228,241,2024-12-20,Completed,Card
18229,2639,2025-05-19,Completed,Card
18230,2042,2025-02-07,Completed,Card
18231,371,2024-08-10,Cancelled,Card
18232,2153,2025-02-03,Completed,Card
18233,98,2025-04-06,Cancelled,Card
18234,4192,2025-07-13,Completed,Bank Transfer
18235,1949,2024-02-01,Completed,PayPal
18236,1496,2025-05-03,Completed,Card
18237,2094,2024-10-14,Completed,Bank Transfer
18238,2938,2025-03-12,Completed,Card
18239,2079,2025-01-14,Cancelled,PayPal
18240,2456,2025-03-12,Completed,Card
18241,3447,2024-05-09,Completed,Card
18242,1406,2025-03-16,Completed,Card
18243,4812,2025-05-07,Completed,PayPal
18244,2692,2024-09-01,Completed,Card
18245,2746,2024-02-21,Completed,Card
18246,973,2025-12-21,Completed,Card
18247,2749,2024-08-17,Completed,Card
18248,1513,2025-04-09,Completed,PayPal
18249,2924,2024-07-04,Completed,Card
18250,809,2024-06-10,Completed,Bank Transfer
18251,4695,2024-07-17,Completed,PayPal
18252,4231,2025-02-04,Completed,Card
18253,328,2025-04-16,Completed,Card
18254,4295,2025-03-31,Cancelled,PayPal
18255,683,2025-06-28,Completed,Card
18256,3332,2025-02-16,Completed,Card
18257,124,2025-06-14,Completed,PayPal
18258,754,2024-04-30,Completed,Card
18259,1607,2024-03-09,Completed,PayPal
18260,3579,2024-10-19,Completed,Card
18261,4667,2025-12-27,Completed,Card
18262,1469,2025-09-26,Completed,PayPal
18263,2846,2025-02-13,Cancelled,PayPal
18264,2939,2024-10-06,Cancelled,Card
18265,1927,2025-07-19,Cancelled,Card
18266,2428,2025-06-16,Completed,Bank Transfer
18267,165,2025-08-31,Completed,PayPal
18268,1510,2025-10-11,Completed,Card
18269,4711,2025-07-07,Cancelled,Card
18270,4093,2025-02-22,Completed,PayPal
18271,2811,2024-01-28,Completed,Bank Transfer
18272,1201,2025-01-30,Completed,Card
18273,3282,2025-07-23,Returned,Card
18274,619,2025-09-30,Cancelled,Card
18275,2713,2025-03-03,Completed,PayPal
18276,4955,2024-05-23,Completed,PayPal
18277,3724,2024-04-02,Completed,Card
18278,1687,2024-02-04,Completed,PayPal
18279,1607,2025-08-26,Completed,Card
18280,4733,2025-04-14,Completed,Card
18281,3933,2025-06-09,Completed,Card
18282,3893,2024-11-10,Completed,Card
18283,3804,2025-04-28,Completed,PayPal
18284,4311,2025-12-14,Completed,Card
18285,1354,2025-01-10,Completed,Card
18286,4240,2025-10-17,Completed,Card
18287,619,2025-05-02,Completed,Bank Transfer
18288,354,2025-05-10,Completed,Card
18289,281,2025-01-10,Completed,PayPal
18290,3378,2025-05-05,Cancelled,Card
18291,4933,2024-10-25,Completed,Card
18292,3551,2024-12-18,Completed,Bank Transfer
18293,1960,2024-12-19,Completed,Card
18294,390,2025-04-25,Completed,Card
18295,3868,2025-02-07,Completed,Card
18296,4361,2025-01-28,Completed,Card
18297,2054,2025-02-06,Completed,Card
18298,168,2025-05-05,Completed,Card
18299,4946,2025-06-07,Completed,Card
18300,2167,2025-01-28,Completed,Card
18301,4270,2025-08-05,Completed,PayPal
18302,3007,2025-11-26,Completed,Card
18303,187,2024-04-13,Completed,Card
18304,4047,2024-01-11,Completed,Card
18305,2941,2025-12-20,Completed,Card
18306,1298,2024-08-12,Completed,PayPal
18307,2646,2024-11-12,Completed,Card
18308,1217,2025-02-25,Completed,Card
18309,4628,2024-09-29,Completed,Bank Transfer
18310,3000,2024-02-23,Completed,PayPal
18311,1206,2024-06-21,Cancelled,Bank Transfer
18312,228,2024-09-03,Completed,Card
18313,2614,2025-10-26,Completed,Card
18314,4710,2025-09-09,Completed,Bank Transfer
18315,2137,2024-06-07,Completed,PayPal
18316,3732,2024-04-15,Completed,Card
18317,250,2025-12-05,Completed,Card
18318,2273,2024-10-21,Completed,Card
18319,2951,2024-10-02,Completed,Card
18320,3019,2025-08-07,Completed,Card
18321,4769,2024-02-12,Completed,Card
18322,2216,2024-07-12,Completed,PayPal
18323,2158,2025-10-02,Completed,Card
18324,1797,2024-11-06,Completed,PayPal
18325,3245,2025-09-11,Completed,PayPal
18326,297,2024-04-12,Completed,PayPal
18327,1928,2025-10-06,Completed,Card
18328,2257,2024-09-06,Completed,PayPal
18329,1458,2025-01-30,Cancelled,PayPal
18330,3547,2025-09-06,Completed,Card
18331,3128,2024-10-22,Completed,Card
18332,2309,2024-08-25,Completed,Card
18333,3665,2025-09-11,Completed,Card
18334,1590,2025-10-10,Completed,Card
18335,96,2024-10-15,Completed,Card
18336,3933,2025-06-20,Completed,PayPal
18337,1360,2025-09-21,Returned,Bank Transfer
18338,1740,2024-09-12,Completed,Card
18339,3795,2025-06-04,Completed,Card
18340,1353,2024-04-28,Completed,Card
18341,4925,2024-04-28,Completed,Card
18342,1543,2024-03-31,Completed,Card
18343,2668,2024-06-20,Completed,Card
18344,831,2025-12-23,Completed,Bank Transfer
18345,1606,2024-04-25,Completed,Card
18346,4646,2025-06-17,Completed,Card
18347,2748,2024-12-14,Completed,Card
18348,3811,2025-07-20,Completed,Card
18349,4659,2025-04-20,Completed,Card
18350,222,2025-03-20,Completed,Card
18351,3952,2024-04-17,Completed,Card
18352,531,2025-08-11,Completed,Card
18353,4127,2025-07-26,Completed,Bank Transfer
18354,1382,2024-05-01,Completed,PayPal
18355,4118,2025-08-26,Completed,Card
18356,754,2024-08-09,Completed,Card
18357,4310,2025-04-03,Completed,PayPal
18358,4808,2025-10-03,Completed,PayPal
18359,1189,2025-05-12,Completed,Card
18360,409,2025-01-04,Completed,Bank Transfer
18361,2486,2024-04-30,Completed,Card
18362,797,2024-07-19,Cancelled,Card
18363,861,2024-06-09,Cancelled,Bank Transfer
18364,4172,2024-08-05,Completed,Card
18365,366,2025-07-28,Completed,Card
18366,1515,2025-02-03,Completed,PayPal
18367,4937,2025-12-29,Completed,Card
18368,2935,2025-01-19,Completed,Card
18369,1584,2024-03-04,Completed,PayPal
18370,499,2024-07-30,Completed,Card
18371,3242,2025-09-23,Completed,Card
18372,1370,2024-03-09,Completed,PayPal
18373,1252,2024-05-03,Completed,Bank Transfer
18374,699,2025-01-11,Completed,Card
18375,2728,2025-10-18,Completed,Card
18376,2251,2024-10-22,Cancelled,Card
18377,2494,2024-12-23,Completed,Card
18378,132,2025-10-02,Completed,Card
18379,91,2025-06-08,Completed,PayPal
18380,3895,2024-03-08,Completed,Card
18381,3198,2024-09-26,Completed,Card
18382,472,2024-05-12,Completed,PayPal
18383,1266,2024-03-02,Completed,PayPal
18384,4598,2024-06-09,Completed,PayPal
18385,2809,2024-01-26,Completed,Card
18386,4483,2025-12-01,Completed,Bank Transfer
18387,1112,2024-10-12,Completed,Bank Transfer
18388,598,2025-03-21,Completed,PayPal
18389,908,2024-09-05,Completed,Card
18390,2915,2024-03-31,Completed,Card
18391,3217,2024-02-05,Cancelled,Card
18392,1355,2024-01-07,Completed,Card
18393,3947,2025-05-20,Completed,PayPal
18394,3236,2024-11-16,Completed,Card
18395,2705,2024-07-20,Completed,PayPal
18396,2390,2025-07-06,Completed,Card
18397,4076,2025-06-27,Cancelled,Card
18398,3651,2025-10-15,Completed,Card
18399,464,2024-09-12,Completed,Card
18400,3939,2024-06-09,Completed,Card
18401,1073,2024-01-30,Completed,Card
18402,474,2025-04-01,Completed,Card
18403,4984,2024-09-18,Completed,PayPal
18404,939,2024-01-10,Cancelled,Card
18405,1311,2025-12-15,Completed,Card
18406,2341,2024-12-24,Completed,Card
18407,3521,2024-10-02,Completed,PayPal
18408,4057,2024-05-03,Completed,Card
18409,1087,2025-09-21,Completed,PayPal
18410,4664,2024-09-24,Completed,Bank Transfer
18411,3530,2024-10-04,Completed,Card
18412,4970,2024-03-16,Completed,Card
18413,260,2025-06-09,Completed,Card
18414,1657,2025-09-09,Completed,Card
18415,2956,2024-06-24,Completed,Card
18416,4280,2025-11-24,Completed,PayPal
18417,3120,2024-02-05,Completed,PayPal
18418,592,2025-07-20,Completed,Card
18419,1433,2024-09-26,Completed,Card
18420,2488,2024-01-02,Completed,PayPal
18421,229,2024-09-12,Completed,Card
18422,2780,2025-05-28,Completed,Card
18423,1369,2025-07-26,Completed,Card
18424,1625,2024-12-28,Completed,Bank Transfer
18425,3980,2024-04-16,Completed,Card
18426,740,2024-05-13,Completed,Bank Transfer
18427,3175,2025-02-12,Returned,PayPal
18428,2648,2025-03-26,Completed,Card
18429,2071,2025-06-18,Cancelled,Card
18430,4572,2025-08-07,Completed,Card
18431,4994,2024-12-16,Completed,PayPal
18432,2035,2024-01-28,Completed,Card
18433,4381,2025-06-20,Completed,Bank Transfer
18434,1186,2024-03-05,Cancelled,Card
18435,590,2024-07-12,Completed,Card
18436,4218,2024-07-25,Completed,PayPal
18437,1136,2024-10-25,Completed,Card
18438,3421,2024-02-09,Completed,Card
18439,2559,2025-04-08,Completed,PayPal
18440,2,2024-01-23,Completed,Bank Transfer
18441,892,2025-11-19,Completed,Card
18442,4895,2024-05-07,Completed,Card
18443,4725,2024-09-19,Cancelled,Card
18444,4557,2024-02-04,Completed,Card
18445,3000,2025-05-01,Completed,Card
18446,3554,2024-04-10,Completed,Card
18447,3658,2025-09-02,Completed,Bank Transfer
18448,972,2024-03-22,Completed,PayPal
18449,4150,2024-11-12,Completed,PayPal
18450,3743,2024-11-25,Completed,PayPal
18451,4205,2024-07-14,Completed,PayPal
18452,280,2025-02-17,Completed,Card
18453,1699,2025-05-23,Completed,PayPal
18454,2888,2025-04-25,Completed,PayPal
18455,2885,2024-03-08,Completed,PayPal
18456,3286,2025-01-27,Cancelled,Card
18457,3580,2024-09-29,Completed,Card
18458,2252,2024-10-25,Completed,Card
18459,4641,2024-05-20,Completed,Card
18460,2357,2024-07-03,Returned,PayPal
18461,4624,2025-10-27,Completed,Card
18462,1932,2024-07-07,Completed,PayPal
18463,3415,2025-07-27,Completed,Card
18464,1009,2024-01-19,Completed,Card
18465,4713,2024-03-21,Completed,Card
18466,2079,2025-05-12,Completed,PayPal
18467,4196,2025-06-25,Completed,PayPal
18468,2715,2025-09-30,Completed,Card
18469,1339,2024-08-05,Completed,Card
18470,4591,2025-06-08,Completed,PayPal
18471,3690,2025-11-19,Completed,Card
18472,742,2024-12-03,Completed,PayPal
18473,734,2024-04-30,Completed,Card
18474,1807,2025-04-13,Completed,Card
18475,2379,2025-01-06,Completed,Card
18476,3266,2025-04-26,Completed,Card
18477,1754,2024-06-27,Completed,Card
18478,1025,2024-04-20,Returned,Card
18479,1483,2024-01-09,Completed,PayPal
18480,2566,2024-08-09,Completed,PayPal
18481,3555,2025-09-13,Completed,Card
18482,1780,2025-10-09,Completed,Card
18483,3717,2024-04-17,Completed,Bank Transfer
18484,4819,2024-12-02,Completed,Card
18485,2117,2024-07-22,Completed,Card
18486,4567,2025-06-10,Completed,Card
18487,2540,2025-03-28,Completed,PayPal
18488,2966,2025-11-04,Completed,Card
18489,2761,2024-07-13,Completed,Card
18490,2455,2024-09-17,Completed,PayPal
18491,3755,2024-01-09,Completed,PayPal
18492,1946,2024-08-03,Completed,PayPal
18493,3369,2024-04-22,Completed,Card
18494,2630,2025-09-20,Completed,Card
18495,529,2024-12-05,Completed,PayPal
18496,4233,2024-02-16,Completed,Card
18497,1472,2025-05-03,Completed,Bank Transfer
18498,2036,2024-11-17,Completed,Card
18499,4035,2024-04-07,Completed,Bank Transfer
18500,1368,2025-03-20,Completed,Card
18501,1720,2024-04-02,Completed,Bank Transfer
18502,1042,2024-09-08,Completed,Card
18503,3488,2024-06-11,Completed,Card
18504,560,2024-06-06,Completed,Card
18505,1565,2025-08-01,Completed,Card
18506,3225,2024-05-17,Completed,Card
18507,1801,2025-01-18,Cancelled,PayPal
18508,3271,2024-11-07,Completed,Card
18509,1812,2024-10-16,Completed,PayPal
18510,3082,2024-03-05,Completed,Card
18511,4263,2024-07-16,Completed,Card
18512,147,2025-11-13,Completed,PayPal
18513,3829,2025-06-11,Completed,Card
18514,4541,2025-12-03,Returned,PayPal
18515,2118,2025-06-20,Completed,Card
18516,2664,2024-09-06,Completed,PayPal
18517,319,2025-06-22,Cancelled,Card
18518,3970,2025-11-12,Returned,PayPal
18519,4132,2024-04-26,Completed,Card
18520,255,2025-07-20,Completed,Card
18521,1337,2025-04-30,Completed,Card
18522,335,2024-12-28,Completed,Card
18523,3092,2024-01-26,Completed,PayPal
18524,4394,2025-09-11,Cancelled,Bank Transfer
18525,1045,2025-08-24,Completed,Card
18526,4574,2025-05-07,Completed,PayPal
18527,1792,2024-12-22,Completed,PayPal
18528,2520,2025-02-15,Completed,Card
18529,962,2025-04-20,Completed,Bank Transfer
18530,3750,2025-02-17,Completed,PayPal
18531,4566,2024-05-01,Completed,PayPal
18532,2815,2025-04-05,Completed,Bank Transfer
18533,590,2025-03-04,Completed,Card
18534,1989,2024-08-30,Completed,PayPal
18535,2840,2025-02-06,Completed,Bank Transfer
18536,3866,2024-09-08,Completed,Card
18537,2434,2024-03-15,Completed,Card
18538,2990,2024-04-21,Completed,Card
18539,3949,2025-10-24,Completed,Card
18540,4542,2025-09-01,Completed,PayPal
18541,1961,2024-12-25,Completed,PayPal
18542,4195,2024-06-16,Completed,Card
18543,655,2024-09-06,Completed,Card
18544,1079,2024-07-31,Completed,Card
18545,3075,2025-03-18,Completed,PayPal
18546,1356,2024-02-15,Completed,PayPal
18547,1459,2024-01-18,Completed,PayPal
18548,3283,2024-12-15,Completed,Card
18549,4913,2024-08-07,Completed,PayPal
18550,4757,2025-11-18,Completed,PayPal
18551,4696,2025-02-01,Completed,Card
18552,920,2025-10-22,Completed,PayPal
18553,1747,2024-04-07,Completed,Card
18554,1759,2024-01-05,Completed,PayPal
18555,1832,2024-06-07,Completed,PayPal
18556,1172,2024-03-27,Completed,PayPal
18557,3279,2024-04-29,Completed,PayPal
18558,360,2025-03-18,Completed,Card
18559,3811,2024-06-20,Completed,Card
18560,1441,2025-07-29,Completed,Card
18561,2920,2025-08-28,Completed,Card
18562,1720,2025-11-12,Returned,Card
18563,3254,2024-08-22,Completed,Bank Transfer
18564,556,2025-04-22,Completed,Card
18565,1234,2024-04-30,Completed,PayPal
18566,3921,2025-05-11,Completed,Card
18567,4040,2025-09-03,Completed,Bank Transfer
18568,2298,2025-02-25,Completed,Bank Transfer
18569,1536,2024-05-14,Completed,PayPal
18570,4059,2024-11-10,Completed,Card
18571,3303,2024-03-09,Completed,Card
18572,910,2024-07-16,Completed,Bank Transfer
18573,1962,2025-12-18,Completed,Card
18574,12,2024-01-11,Completed,Card
18575,980,2024-05-09,Completed,Card
18576,273,2024-04-19,Completed,Card
18577,4584,2024-01-27,Completed,PayPal
18578,1998,2025-02-03,Completed,PayPal
18579,4634,2024-11-15,Cancelled,Card
18580,1689,2024-07-12,Completed,Card
18581,1596,2024-12-11,Completed,Bank Transfer
18582,3243,2024-01-16,Completed,Card
18583,4684,2024-03-13,Completed,Card
18584,1716,2025-09-19,Completed,Card
18585,4339,2024-07-19,Completed,Card
18586,1202,2025-10-06,Completed,Card
18587,2846,2024-06-12,Completed,Bank Transfer
18588,257,2024-01-07,Completed,PayPal
18589,310,2024-03-01,Completed,Card
18590,2564,2024-12-17,Completed,Card
18591,3418,2025-04-29,Completed,PayPal
18592,1089,2025-09-23,Completed,PayPal
18593,4732,2025-03-26,Completed,Card
18594,4893,2025-02-17,Completed,Card
18595,1177,2024-01-31,Completed,PayPal
18596,3098,2025-07-13,Completed,Card
18597,3231,2024-03-31,Completed,Card
18598,1725,2025-06-01,Completed,Card
18599,2629,2025-03-21,Completed,Card
18600,4175,2024-10-11,Completed,Card
18601,3300,2025-01-27,Completed,PayPal
18602,1351,2025-08-18,Completed,PayPal
18603,620,2024-05-18,Completed,Card
18604,2549,2024-11-25,Completed,Card
18605,1379,2024-05-12,Completed,Card
18606,4059,2025-09-06,Completed,Card
18607,978,2024-11-21,Completed,Card
18608,1538,2025-08-29,Completed,Bank Transfer
18609,3773,2025-06-13,Completed,Card
18610,3579,2024-01-21,Completed,PayPal
18611,2534,2025-04-23,Completed,Card
18612,478,2025-04-02,Completed,PayPal
18613,3655,2025-06-01,Completed,Card
18614,1895,2025-06-19,Completed,Card
18615,2381,2024-08-12,Completed,Card
18616,1633,2025-07-25,Completed,Card
18617,2041,2024-11-25,Completed,Card
18618,1566,2025-07-11,Completed,PayPal
18619,4126,2025-01-02,Completed,Card
18620,4823,2024-05-21,Completed,Card
18621,4269,2025-08-12,Cancelled,Bank Transfer
18622,2840,2024-07-17,Completed,Card
18623,468,2025-09-18,Completed,PayPal
18624,3548,2024-02-05,Returned,PayPal
18625,1976,2025-04-10,Completed,Bank Transfer
18626,3389,2025-07-25,Completed,Card
18627,4221,2025-03-13,Completed,Card
18628,2744,2025-08-13,Completed,Card
18629,2575,2024-07-09,Returned,Card
18630,1420,2024-04-06,Completed,Card
18631,1878,2025-05-18,Returned,Card
18632,1027,2025-01-01,Completed,Card
18633,4632,2024-05-29,Completed,Card
18634,601,2024-02-12,Completed,Card
18635,3593,2024-10-23,Completed,Card
18636,988,2024-11-14,Completed,PayPal
18637,606,2024-08-05,Completed,PayPal
18638,2748,2025-12-19,Completed,Card
18639,139,2025-05-02,Completed,PayPal
18640,2058,2024-05-25,Returned,Card
18641,3587,2024-11-23,Completed,Card
18642,4226,2024-09-15,Completed,Card
18643,4497,2025-07-19,Completed,Card
18644,1245,2024-04-28,Completed,Card
18645,642,2024-05-21,Completed,Card
18646,437,2024-10-16,Completed,PayPal
18647,1424,2025-09-30,Completed,Card
18648,1137,2024-08-12,Completed,Card
18649,3722,2024-08-16,Cancelled,PayPal
18650,3290,2024-09-13,Completed,Card
18651,58,2024-09-01,Completed,Card
18652,1137,2024-06-24,Completed,Card
18653,700,2024-12-20,Completed,Card
18654,1146,2025-06-05,Completed,Card
18655,2456,2025-08-17,Completed,PayPal
18656,1109,2024-05-18,Completed,Card
18657,4496,2024-04-28,Completed,Card
18658,108,2025-09-30,Completed,Card
18659,1985,2025-09-02,Completed,PayPal
18660,4248,2025-07-31,Cancelled,Card
18661,906,2024-09-15,Completed,Card
18662,4946,2025-10-16,Completed,Card
18663,1993,2025-07-24,Completed,Card
18664,4123,2024-07-10,Completed,Card
18665,4215,2024-05-09,Completed,Card
18666,4819,2024-06-06,Completed,PayPal
18667,2148,2025-11-08,Completed,Card
18668,4099,2024-09-17,Completed,Card
18669,806,2025-01-24,Completed,Card
18670,1993,2025-10-06,Completed,Card
18671,3601,2025-06-07,Completed,Card
18672,4400,2024-05-11,Completed,PayPal
18673,4273,2025-02-11,Completed,Card
18674,4011,2024-06-01,Completed,Bank Transfer
18675,84,2024-10-08,Completed,PayPal
18676,4359,2025-07-20,Completed,Card
18677,3321,2025-09-29,Completed,Bank Transfer
18678,2506,2024-02-15,Completed,PayPal
18679,2457,2025-11-16,Completed,Bank Transfer
18680,3063,2024-10-25,Completed,Card
18681,3853,2024-01-21,Completed,Card
18682,4898,2024-06-13,Completed,Bank Transfer
18683,4991,2024-09-24,Completed,PayPal
18684,4969,2024-04-10,Completed,Bank Transfer
18685,388,2025-10-22,Completed,Bank Transfer
18686,2004,2025-10-14,Completed,PayPal
18687,1032,2025-01-07,Completed,Card
18688,1541,2024-02-02,Completed,PayPal
18689,450,2024-08-23,Completed,PayPal
18690,3548,2024-07-16,Completed,Card
18691,4438,2025-05-21,Completed,Card
18692,1097,2024-11-27,Completed,PayPal
18693,860,2025-03-20,Completed,PayPal
18694,302,2025-04-30,Cancelled,Card
18695,2020,2024-04-29,Cancelled,PayPal
18696,881,2024-06-06,Completed,Bank Transfer
18697,2282,2024-02-06,Completed,Card
18698,4162,2024-05-23,Completed,Card
18699,230,2025-07-10,Cancelled,PayPal
18700,922,2025-12-11,Completed,Card
18701,1833,2025-10-02,Completed,PayPal
18702,51,2025-11-23,Completed,PayPal
18703,3679,2024-01-28,Cancelled,Card
18704,4483,2025-08-01,Returned,PayPal
18705,3782,2024-08-31,Completed,Card
18706,753,2025-11-09,Completed,Card
18707,1479,2024-09-22,Completed,Card
18708,2089,2024-02-20,Cancelled,PayPal
18709,2994,2024-04-18,Completed,Card
18710,3796,2025-02-01,Completed,PayPal
18711,3341,2024-11-30,Completed,Card
18712,2344,2024-05-13,Completed,Card
18713,1239,2025-11-09,Completed,Card
18714,4521,2024-03-20,Completed,PayPal
18715,2237,2024-12-03,Completed,PayPal
18716,4257,2025-09-02,Completed,Card
18717,2429,2025-03-07,Completed,PayPal
18718,4340,2025-10-26,Completed,Card
18719,183,2025-04-25,Completed,PayPal
18720,544,2024-10-15,Completed,PayPal
18721,2827,2025-08-17,Completed,Card
18722,93,2024-04-11,Completed,PayPal
18723,2416,2024-11-26,Completed,Card
18724,4255,2025-01-10,Completed,Bank Transfer
18725,2446,2024-08-18,Completed,Card
18726,4534,2025-03-26,Completed,Card
18727,4402,2024-11-16,Completed,Card
18728,3033,2025-02-27,Completed,Card
18729,1974,2024-01-25,Cancelled,Card
18730,3290,2025-07-22,Completed,Card
18731,2377,2025-02-19,Cancelled,Card
18732,4439,2024-10-28,Completed,PayPal
18733,3235,2024-04-09,Completed,Bank Transfer
18734,1134,2025-01-22,Completed,Card
18735,3639,2024-04-28,Completed,Bank Transfer
18736,2398,2025-10-24,Completed,Card
18737,2774,2025-08-14,Completed,Card
18738,4461,2024-11-26,Completed,PayPal
18739,1921,2025-10-23,Completed,Bank Transfer
18740,2063,2024-12-24,Completed,PayPal
18741,2201,2024-05-05,Cancelled,Bank Transfer
18742,4628,2024-10-15,Completed,Card
18743,3015,2025-07-06,Cancelled,Card
18744,3472,2025-12-02,Completed,PayPal
18745,4951,2025-03-15,Completed,Card
18746,469,2025-07-28,Completed,PayPal
18747,1345,2025-12-17,Completed,Card
18748,879,2024-12-06,Completed,PayPal
18749,4463,2024-07-22,Completed,PayPal
18750,3910,2024-06-27,Completed,PayPal
18751,3808,2024-12-11,Completed,Bank Transfer
18752,4737,2024-04-14,Cancelled,Card
18753,4958,2024-11-08,Completed,Card
18754,2942,2024-03-26,Completed,Bank Transfer
18755,3346,2025-03-16,Completed,Card
18756,589,2025-04-24,Completed,PayPal
18757,3884,2024-11-23,Completed,Card
18758,1330,2024-09-07,Completed,Card
18759,92,2025-04-26,Cancelled,Card
18760,458,2024-01-04,Completed,Card
18761,3342,2024-07-02,Completed,PayPal
18762,1885,2025-11-23,Completed,PayPal
18763,3122,2024-10-26,Completed,Card
18764,2040,2025-06-11,Completed,Card
18765,1404,2025-08-28,Completed,Card
18766,3704,2024-06-04,Completed,Bank Transfer
18767,4483,2025-03-09,Completed,Card
18768,1982,2024-12-22,Completed,PayPal
18769,1793,2025-06-11,Completed,Card
18770,4467,2024-02-10,Completed,PayPal
18771,2232,2025-10-10,Completed,Card
18772,772,2024-09-14,Completed,Card
18773,205,2024-12-31,Completed,Card
18774,2220,2025-07-08,Cancelled,Bank Transfer
18775,4921,2024-03-06,Completed,PayPal
18776,222,2024-07-26,Completed,Card
18777,1192,2024-09-01,Completed,Card
18778,3316,2024-08-30,Cancelled,Bank Transfer
18779,3290,2025-08-11,Completed,Bank Transfer
18780,1599,2025-01-15,Completed,Card
18781,1909,2024-08-10,Completed,PayPal
18782,4263,2024-01-21,Completed,Bank Transfer
18783,1543,2024-05-26,Completed,PayPal
18784,142,2025-01-02,Completed,Card
18785,90,2024-11-08,Returned,Card
18786,3986,2025-08-11,Completed,PayPal
18787,4407,2024-11-11,Completed,Bank Transfer
18788,2264,2025-02-06,Cancelled,PayPal
18789,3513,2025-03-23,Completed,Card
18790,3707,2025-06-30,Completed,Card
18791,1210,2024-05-05,Completed,PayPal
18792,4979,2025-05-10,Completed,Card
18793,3225,2025-08-21,Completed,PayPal
18794,4857,2025-11-30,Completed,Card
18795,1360,2024-02-14,Completed,Card
18796,1539,2024-11-26,Completed,PayPal
18797,149,2024-03-12,Cancelled,Card
18798,4811,2025-12-28,Completed,Card
18799,1426,2024-04-07,Completed,PayPal
18800,1718,2024-09-27,Cancelled,Card
18801,1355,2025-02-10,Completed,Card
18802,2406,2025-03-19,Completed,Card
18803,2636,2024-03-31,Completed,Card
18804,2364,2025-10-15,Completed,Card
18805,2933,2024-04-26,Completed,Card
18806,3108,2025-05-28,Completed,Card
18807,1502,2024-02-12,Completed,Card
18808,1452,2024-03-11,Completed,Card
18809,450,2024-05-23,Completed,Card
18810,1836,2024-12-07,Cancelled,Card
18811,4186,2025-12-26,Completed,PayPal
18812,2589,2024-04-16,Completed,Card
18813,4272,2025-01-20,Completed,Card
18814,1444,2025-03-31,Completed,PayPal
18815,2949,2024-10-20,Completed,PayPal
18816,3936,2024-06-24,Completed,Card
18817,3710,2024-04-16,Completed,Card
18818,3243,2024-03-26,Completed,Card
18819,1290,2025-05-24,Completed,Card
18820,504,2024-08-14,Completed,Card
18821,3098,2025-08-16,Completed,Card
18822,2148,2024-11-24,Completed,PayPal
18823,1466,2024-08-28,Completed,Card
18824,4521,2024-01-02,Completed,Card
18825,1898,2024-09-07,Completed,PayPal
18826,3717,2024-02-11,Completed,PayPal
18827,651,2025-03-01,Returned,Card
18828,3263,2024-03-21,Completed,Card
18829,1211,2025-05-02,Completed,Card
18830,2188,2024-09-18,Completed,Card
18831,3821,2025-01-29,Completed,Card
18832,369,2025-12-09,Returned,Card
18833,2345,2024-09-04,Completed,PayPal
18834,3272,2024-11-25,Completed,Bank Transfer
18835,2844,2025-07-01,Completed,Card
18836,3451,2025-09-06,Cancelled,Card
18837,3152,2024-04-07,Completed,Card
18838,3519,2024-05-24,Returned,Card
18839,4355,2024-05-06,Completed,PayPal
18840,1637,2024-10-30,Completed,PayPal
18841,3861,2025-08-01,Completed,PayPal
18842,1145,2025-01-13,Completed,PayPal
18843,3127,2024-05-26,Returned,Card
18844,18,2024-03-21,Completed,Card
18845,1657,2024-08-29,Completed,PayPal
18846,4206,2025-07-30,Completed,Card
18847,4427,2025-08-05,Completed,Card
18848,1597,2025-07-01,Completed,Card
18849,946,2024-03-07,Completed,PayPal
18850,1288,2025-08-17,Completed,Card
18851,268,2025-11-12,Completed,Bank Transfer
18852,435,2025-04-19,Completed,Card
18853,2036,2025-08-01,Completed,Card
18854,2498,2025-09-01,Completed,Card
18855,3209,2025-03-08,Cancelled,Card
18856,1614,2024-10-28,Completed,Card
18857,719,2025-12-20,Cancelled,Bank Transfer
18858,3979,2025-01-09,Completed,Card
18859,2232,2025-07-28,Cancelled,Card
18860,3673,2024-03-18,Completed,Card
18861,741,2024-01-30,Completed,Card
18862,805,2024-12-17,Completed,PayPal
18863,4513,2024-04-24,Completed,Card
18864,4978,2024-11-27,Completed,Card
18865,4887,2025-05-19,Cancelled,PayPal
18866,3772,2024-06-02,Completed,Card
18867,1727,2025-06-18,Completed,Card
18868,3513,2025-01-03,Cancelled,PayPal
18869,1099,2025-12-26,Cancelled,Card
18870,2622,2025-10-21,Completed,Card
18871,3806,2024-12-23,Completed,PayPal
18872,3011,2024-10-28,Completed,PayPal
18873,2984,2025-12-20,Completed,Card
18874,3705,2025-11-01,Returned,Card
18875,3384,2025-03-26,Completed,Card
18876,1845,2024-11-02,Completed,Card
18877,3925,2025-11-09,Completed,Card
18878,3100,2024-03-03,Completed,Card
18879,4522,2024-10-02,Completed,Bank Transfer
18880,4979,2025-05-25,Completed,Card
18881,4882,2025-06-18,Completed,Card
18882,535,2025-12-13,Cancelled,Card
18883,285,2025-01-21,Completed,Card
18884,2670,2025-04-02,Completed,Card
18885,3787,2025-02-11,Completed,PayPal
18886,1130,2025-12-27,Completed,Card
18887,504,2025-01-20,Completed,Card
18888,4142,2025-01-24,Completed,Card
18889,537,2024-08-16,Completed,Card
18890,62,2024-08-14,Completed,Card
18891,2384,2024-11-22,Completed,Card
18892,211,2024-11-30,Completed,Card
18893,2448,2024-10-03,Completed,Card
18894,4805,2024-08-17,Completed,PayPal
18895,2395,2025-12-27,Completed,Card
18896,3270,2024-06-05,Completed,Card
18897,377,2024-01-13,Completed,Bank Transfer
18898,1186,2025-05-17,Completed,PayPal
18899,3280,2024-07-15,Completed,PayPal
18900,3499,2025-09-14,Cancelled,Card
18901,2848,2025-09-06,Completed,Card
18902,787,2024-04-12,Completed,Bank Transfer
18903,733,2024-06-18,Completed,Bank Transfer
18904,3869,2024-04-18,Completed,Card
18905,2700,2025-01-10,Completed,Card
18906,4618,2024-05-05,Completed,Card
18907,2159,2025-01-19,Completed,Card
18908,3621,2024-05-27,Completed,Card
18909,3665,2025-11-13,Completed,Card
18910,2656,2024-01-01,Completed,Card
18911,1079,2025-07-05,Completed,Card
18912,3295,2024-01-07,Completed,Bank Transfer
18913,3647,2024-06-11,Completed,PayPal
18914,4620,2025-03-11,Completed,Card
18915,2194,2025-03-09,Completed,Card
18916,2312,2024-11-20,Completed,Card
18917,4564,2024-06-05,Completed,PayPal
18918,1585,2024-04-23,Cancelled,Card
18919,3007,2024-04-21,Cancelled,Card
18920,4045,2025-03-30,Completed,Card
18921,1211,2024-03-13,Completed,Card
18922,3415,2024-07-11,Completed,Card
18923,1987,2025-04-19,Completed,PayPal
18924,3171,2024-09-29,Completed,Card
18925,2727,2024-04-03,Cancelled,Bank Transfer
18926,1749,2025-12-19,Completed,Card
18927,758,2025-11-12,Completed,Card
18928,1178,2025-10-29,Completed,PayPal
18929,919,2025-05-29,Completed,PayPal
18930,1120,2024-08-07,Completed,Card
18931,706,2024-01-05,Completed,Card
18932,4930,2024-07-12,Completed,PayPal
18933,3431,2024-02-23,Completed,Card
18934,2862,2024-07-27,Cancelled,Card
18935,4495,2025-08-10,Completed,Card
18936,1808,2025-12-30,Completed,Card
18937,1400,2025-05-11,Completed,PayPal
18938,2650,2025-09-21,Completed,Card
18939,4424,2025-03-30,Completed,Card
18940,1296,2024-03-20,Completed,Card
18941,1621,2025-11-29,Completed,Card
18942,2443,2024-01-08,Completed,Bank Transfer
18943,2596,2024-03-31,Completed,Bank Transfer
18944,4173,2024-12-11,Completed,Card
18945,1073,2024-12-16,Completed,Card
18946,4076,2024-07-28,Completed,Card
18947,1450,2024-09-14,Completed,PayPal
18948,3943,2024-02-10,Completed,Card
18949,1772,2025-12-27,Completed,Card
18950,1018,2025-11-26,Completed,PayPal
18951,3693,2024-10-30,Completed,PayPal
18952,4225,2024-08-28,Completed,Card
18953,519,2025-09-09,Returned,Card
18954,2352,2025-06-17,Cancelled,Card
18955,1136,2024-09-01,Cancelled,Card
18956,2773,2025-08-13,Completed,Card
18957,912,2024-10-30,Completed,Card
18958,816,2025-06-18,Completed,Bank Transfer
18959,974,2024-04-20,Completed,Card
18960,1963,2024-05-09,Returned,Card
18961,2867,2024-12-27,Completed,PayPal
18962,2411,2024-09-16,Completed,Card
18963,3103,2025-10-27,Completed,Card
18964,1801,2025-06-14,Completed,Bank Transfer
18965,809,2025-07-14,Completed,Card
18966,570,2025-08-08,Completed,Bank Transfer
18967,970,2024-08-01,Completed,PayPal
18968,4080,2024-02-22,Completed,PayPal
18969,1880,2024-07-08,Completed,PayPal
18970,3320,2025-10-02,Completed,Card
18971,4706,2025-05-05,Completed,Card
18972,388,2024-05-23,Completed,Card
18973,4855,2024-06-28,Completed,Bank Transfer
18974,2490,2025-06-02,Completed,Card
18975,516,2025-12-18,Completed,Card
18976,3845,2024-03-08,Completed,PayPal
18977,2891,2025-10-16,Completed,Card
18978,4141,2024-04-17,Completed,Card
18979,1443,2024-07-03,Completed,PayPal
18980,723,2024-05-30,Completed,PayPal
18981,756,2025-12-23,Completed,Card
18982,2251,2025-08-12,Completed,Card
18983,1909,2025-04-19,Cancelled,PayPal
18984,2587,2024-04-11,Returned,Card
18985,386,2025-12-26,Completed,PayPal
18986,3016,2024-05-18,Completed,Card
18987,4456,2025-01-22,Completed,Card
18988,4088,2025-11-28,Completed,Bank Transfer
18989,1492,2025-11-10,Completed,Card
18990,1968,2025-05-03,Completed,Card
18991,4301,2024-02-27,Completed,PayPal
18992,3319,2025-09-22,Completed,PayPal
18993,3039,2024-03-28,Completed,Bank Transfer
18994,1073,2024-05-01,Completed,PayPal
18995,4462,2024-08-31,Completed,PayPal
18996,2301,2024-03-07,Cancelled,PayPal
18997,769,2024-10-20,Completed,Card
18998,2680,2024-05-09,Completed,Card
18999,987,2024-02-09,Completed,Card
19000,4513,2024-07-30,Completed,Card
19001,3107,2024-02-25,Completed,PayPal
19002,2360,2025-12-12,Completed,Card
19003,197,2024-10-17,Completed,Card
19004,3045,2025-09-10,Completed,Bank Transfer
19005,2308,2025-12-07,Completed,Card
19006,1390,2024-12-17,Completed,Card
19007,3559,2024-05-01,Completed,PayPal
19008,2582,2024-04-04,Completed,Card
19009,2072,2025-03-03,Completed,Card
19010,2991,2025-09-28,Completed,PayPal
19011,1670,2025-03-24,Completed,Card
19012,1418,2025-09-29,Cancelled,Card
19013,2727,2024-12-09,Completed,Card
19014,4133,2025-07-01,Completed,PayPal
19015,2870,2025-12-29,Completed,Bank Transfer
19016,1587,2024-01-03,Completed,PayPal
19017,4668,2024-01-30,Completed,Bank Transfer
19018,4403,2024-09-11,Completed,Card
19019,4401,2024-02-14,Completed,Card
19020,2227,2024-06-25,Completed,PayPal
19021,3737,2024-08-09,Completed,Card
19022,932,2025-09-16,Completed,Card
19023,1543,2024-05-01,Cancelled,PayPal
19024,1993,2024-10-01,Completed,Card
19025,3707,2024-11-07,Completed,Card
19026,4060,2025-02-21,Completed,PayPal
19027,3550,2024-11-24,Completed,Card
19028,3145,2024-04-12,Completed,Bank Transfer
19029,4893,2025-11-18,Completed,PayPal
19030,1535,2024-10-08,Completed,Bank Transfer
19031,3137,2024-09-01,Completed,Card
19032,4843,2024-05-12,Completed,Card
19033,2675,2025-11-01,Completed,PayPal
19034,4549,2024-12-06,Completed,PayPal
19035,4927,2024-01-22,Completed,PayPal
19036,4854,2025-09-05,Completed,PayPal
19037,861,2024-05-29,Cancelled,Card
19038,1553,2025-07-22,Completed,Bank Transfer
19039,4915,2025-10-31,Completed,PayPal
19040,1393,2025-12-07,Completed,Bank Transfer
19041,1880,2024-06-15,Completed,Card
19042,381,2024-12-10,Completed,Card
19043,649,2025-12-06,Completed,PayPal
19044,4342,2025-04-05,Completed,Card
19045,3622,2024-09-16,Completed,Card
19046,4661,2024-07-18,Completed,PayPal
19047,3418,2024-01-05,Completed,Card
19048,821,2024-10-26,Completed,PayPal
19049,472,2025-08-25,Completed,Bank Transfer
19050,2017,2025-06-19,Completed,Card
19051,122,2024-08-23,Completed,Bank Transfer
19052,4877,2025-06-23,Returned,Card
19053,2796,2024-05-31,Completed,Card
19054,4217,2024-09-02,Completed,Card
19055,2187,2024-01-05,Completed,Card
19056,2135,2024-01-13,Completed,Card
19057,2178,2025-07-20,Completed,PayPal
19058,2300,2025-04-09,Cancelled,Card
19059,1384,2024-10-12,Completed,Card
19060,3502,2025-09-05,Returned,Card
19061,4143,2024-12-04,Completed,Bank Transfer
19062,1969,2024-08-01,Completed,PayPal
19063,3663,2024-04-22,Completed,Card
19064,1834,2024-12-03,Completed,PayPal
19065,3948,2024-03-30,Completed,PayPal
19066,2473,2025-04-20,Cancelled,Card
19067,4827,2024-01-30,Completed,Card
19068,4207,2025-06-23,Completed,Card
19069,1251,2025-04-12,Completed,Card
19070,3111,2025-01-22,Completed,PayPal
19071,135,2025-08-02,Completed,Card
19072,610,2024-12-22,Completed,Card
19073,1058,2025-10-16,Completed,PayPal
19074,3035,2025-06-29,Completed,PayPal
19075,1989,2025-04-03,Completed,PayPal
19076,3775,2025-04-15,Cancelled,Card
19077,2247,2024-08-14,Completed,Card
19078,4656,2025-12-15,Completed,Card
19079,259,2025-07-26,Completed,Card
19080,3901,2024-07-09,Completed,PayPal
19081,916,2024-01-02,Completed,PayPal
19082,3943,2024-04-27,Cancelled,Card
19083,238,2024-11-03,Completed,Card
19084,3356,2025-07-17,Completed,Card
19085,688,2024-01-15,Cancelled,PayPal
19086,1159,2025-02-27,Completed,PayPal
19087,2130,2025-04-23,Completed,PayPal
19088,595,2024-04-05,Completed,Card
19089,2702,2025-09-01,Completed,PayPal
19090,1751,2024-02-24,Completed,PayPal
19091,403,2024-10-04,Completed,PayPal
19092,822,2025-02-16,Completed,Card
19093,3839,2024-09-01,Completed,PayPal
19094,2236,2025-01-30,Cancelled,Card
19095,2541,2025-04-15,Completed,Card
19096,2303,2024-02-07,Completed,Card
19097,1698,2025-09-23,Completed,PayPal
19098,3929,2024-05-19,Completed,Card
19099,1614,2024-07-01,Completed,Card
19100,4581,2024-07-31,Cancelled,Card
19101,3680,2024-05-05,Completed,PayPal
19102,3553,2024-05-19,Completed,Card
19103,2228,2025-09-12,Completed,Card
19104,3679,2025-04-23,Completed,PayPal
19105,4997,2025-06-04,Returned,Card
19106,1465,2025-04-07,Completed,PayPal
19107,4740,2024-02-01,Completed,PayPal
19108,4883,2024-08-22,Completed,Card
19109,3101,2024-03-13,Completed,Card
19110,4114,2025-04-16,Completed,Card
19111,1957,2025-10-09,Completed,Card
19112,4094,2025-09-19,Completed,Bank Transfer
19113,4852,2025-10-29,Completed,Bank Transfer
19114,687,2025-08-16,Completed,PayPal
19115,2037,2025-09-10,Completed,Card
19116,3580,2024-10-18,Completed,Card
19117,601,2025-09-20,Completed,Card
19118,1044,2024-10-14,Completed,Card
19119,1380,2024-07-31,Completed,Card
19120,4529,2024-06-15,Completed,Card
19121,1042,2024-02-18,Completed,PayPal
19122,1574,2024-08-08,Completed,Card
19123,4472,2025-02-05,Completed,Card
19124,1364,2024-10-15,Completed,Card
19125,1011,2024-06-27,Completed,Card
19126,4812,2024-06-19,Completed,Card
19127,1257,2024-01-04,Completed,Card
19128,1128,2024-12-01,Completed,PayPal
19129,1024,2024-07-13,Completed,Card
19130,3695,2025-04-08,Completed,PayPal
19131,2785,2025-07-10,Completed,PayPal
19132,4317,2025-04-11,Completed,Card
19133,1050,2024-12-09,Completed,Card
19134,2302,2024-07-26,Completed,Card
19135,4922,2025-09-18,Completed,Bank Transfer
19136,1155,2025-05-17,Completed,Card
19137,30,2024-05-09,Returned,Card
19138,787,2025-11-02,Cancelled,PayPal
19139,4106,2024-01-01,Returned,Card
19140,3161,2025-05-01,Completed,PayPal
19141,1171,2025-03-23,Completed,Card
19142,3199,2025-11-02,Completed,Card
19143,2746,2024-11-18,Completed,Card
19144,1365,2024-01-24,Completed,Card
19145,1542,2025-01-11,Completed,Card
19146,4147,2024-06-04,Completed,PayPal
19147,4494,2024-09-28,Completed,Card
19148,314,2024-04-02,Completed,Bank Transfer
19149,2696,2025-06-07,Completed,Card
19150,4610,2024-04-30,Completed,Card
19151,530,2025-03-27,Completed,Card
19152,4956,2025-08-24,Completed,Card
19153,2467,2025-08-09,Completed,Card
19154,2242,2024-11-17,Returned,PayPal
19155,312,2024-01-31,Cancelled,PayPal
19156,996,2025-03-09,Completed,Card
19157,2524,2025-12-07,Completed,Card
19158,2632,2025-08-23,Completed,PayPal
19159,264,2025-09-01,Completed,Bank Transfer
19160,3853,2024-05-08,Completed,PayPal
19161,21,2025-03-28,Completed,Card
19162,2525,2025-03-11,Cancelled,PayPal
19163,4645,2025-08-29,Completed,Card
19164,1197,2025-11-06,Completed,Card
19165,3134,2025-05-21,Completed,PayPal
19166,206,2025-10-13,Completed,Card
19167,1637,2024-11-12,Completed,Bank Transfer
19168,631,2025-04-08,Completed,Card
19169,2227,2024-11-23,Completed,Card
19170,2390,2024-04-18,Completed,Card
19171,4536,2025-06-09,Completed,Card
19172,1099,2025-04-19,Cancelled,Card
19173,290,2025-01-26,Completed,Card
19174,2605,2025-11-03,Completed,Card
19175,208,2025-10-05,Completed,Card
19176,3815,2024-04-22,Cancelled,Card
19177,272,2024-10-12,Cancelled,PayPal
19178,3679,2025-08-28,Completed,Card
19179,415,2024-12-12,Cancelled,Bank Transfer
19180,3469,2025-08-23,Completed,PayPal
19181,4480,2025-10-07,Completed,PayPal
19182,1285,2024-09-17,Completed,Card
19183,4987,2025-12-18,Completed,Card
19184,1663,2024-11-02,Completed,Bank Transfer
19185,4015,2024-02-03,Completed,PayPal
19186,1042,2024-06-17,Completed,Card
19187,4091,2024-12-10,Completed,Card
19188,2295,2024-05-25,Completed,Card
19189,3714,2025-06-15,Completed,Card
19190,2462,2025-09-10,Completed,PayPal
19191,1344,2025-10-09,Completed,Card
19192,2763,2025-06-21,Completed,Card
19193,2229,2024-09-02,Completed,Bank Transfer
19194,3368,2024-12-06,Completed,PayPal
19195,944,2025-10-28,Completed,PayPal
19196,4989,2025-07-07,Completed,Card
19197,4157,2025-11-20,Cancelled,Card
19198,4060,2024-03-21,Completed,PayPal
19199,166,2025-11-19,Completed,PayPal
19200,1906,2025-12-05,Completed,PayPal
19201,3057,2024-07-09,Completed,Card
19202,1324,2024-10-09,Completed,PayPal
19203,4751,2025-09-03,Completed,Card
19204,351,2025-05-03,Completed,Card
19205,2311,2024-02-04,Completed,Card
19206,3310,2024-10-20,Completed,Card
19207,932,2024-02-11,Completed,PayPal
19208,3839,2024-06-18,Completed,Card
19209,1114,2025-07-22,Completed,Card
19210,2187,2025-07-19,Completed,Card
19211,1990,2025-01-28,Completed,Card
19212,1386,2024-07-06,Completed,Card
19213,3485,2024-10-22,Completed,Card
19214,1117,2025-01-19,Completed,Card
19215,134,2025-08-20,Cancelled,PayPal
19216,3952,2024-03-04,Completed,PayPal
19217,1228,2024-03-21,Completed,PayPal
19218,3110,2024-07-03,Completed,Bank Transfer
19219,2505,2025-04-05,Completed,PayPal
19220,3606,2024-12-10,Completed,PayPal
19221,1882,2025-06-21,Completed,Card
19222,4534,2024-08-25,Completed,Card
19223,680,2024-10-22,Completed,Card
19224,2695,2025-05-01,Completed,PayPal
19225,2670,2025-01-03,Completed,Bank Transfer
19226,1248,2024-10-25,Completed,Card
19227,1192,2024-03-30,Completed,Card
19228,1131,2025-03-15,Completed,PayPal
19229,1404,2025-06-12,Completed,Card
19230,2072,2024-03-28,Completed,Bank Transfer
19231,1331,2024-01-24,Completed,Bank Transfer
19232,1382,2024-11-27,Completed,Card
19233,370,2024-02-27,Completed,Card
19234,3795,2025-04-08,Completed,PayPal
19235,2491,2024-07-07,Completed,PayPal
19236,1177,2025-04-08,Cancelled,Bank Transfer
19237,376,2024-08-09,Completed,Card
19238,2761,2024-12-18,Returned,PayPal
19239,3291,2024-02-20,Completed,Card
19240,1944,2024-03-28,Returned,Card
19241,958,2024-08-09,Completed,Card
19242,811,2025-05-02,Completed,PayPal
19243,4923,2024-06-15,Completed,Card
19244,1534,2025-12-06,Completed,Card
19245,4431,2024-04-10,Completed,Card
19246,410,2025-12-14,Completed,Card
19247,54,2025-02-27,Completed,PayPal
19248,4797,2025-06-08,Completed,PayPal
19249,1099,2024-05-26,Returned,Card
19250,2397,2024-09-18,Completed,Card
19251,975,2024-05-25,Completed,Bank Transfer
19252,4489,2025-05-02,Completed,Card
19253,4650,2025-06-04,Completed,PayPal
19254,2895,2024-03-21,Completed,Card
19255,3280,2025-08-02,Completed,Card
19256,4922,2024-05-05,Returned,PayPal
19257,4840,2025-07-15,Completed,Bank Transfer
19258,2225,2025-08-04,Completed,Card
19259,2559,2024-05-18,Completed,PayPal
19260,3691,2025-11-12,Completed,Card
19261,139,2025-08-24,Completed,Card
19262,3174,2024-05-18,Completed,Card
19263,2521,2024-03-12,Completed,PayPal
19264,4638,2024-09-01,Cancelled,Card
19265,2242,2025-08-01,Completed,Card
19266,3828,2025-10-03,Completed,PayPal
19267,1338,2024-07-28,Completed,Bank Transfer
19268,4090,2024-07-12,Completed,Card
19269,2853,2025-06-21,Cancelled,Card
19270,2295,2024-11-27,Completed,Card
19271,2678,2025-05-25,Completed,Card
19272,73,2024-10-19,Completed,PayPal
19273,2879,2025-12-30,Completed,PayPal
19274,2142,2024-02-05,Completed,Card
19275,4531,2025-06-11,Completed,Card
19276,1807,2024-03-18,Completed,PayPal
19277,2046,2024-01-21,Completed,Card
19278,3503,2025-10-08,Completed,Card
19279,4553,2024-09-01,Completed,Card
19280,3502,2025-01-29,Completed,Card
19281,2277,2025-11-26,Completed,Card
19282,2078,2025-11-14,Completed,Card
19283,1649,2024-02-23,Completed,Card
19284,335,2024-04-02,Completed,Card
19285,4756,2024-10-19,Completed,Card
19286,4665,2025-01-10,Cancelled,Card
19287,4273,2024-06-24,Completed,Card
19288,2872,2024-07-08,Completed,PayPal
19289,2616,2024-07-10,Completed,Bank Transfer
19290,4873,2025-09-07,Completed,PayPal
19291,4173,2024-03-08,Completed,Card
19292,933,2024-11-19,Completed,PayPal
19293,636,2024-06-03,Cancelled,PayPal
19294,3230,2025-03-29,Completed,Bank Transfer
19295,1191,2024-08-13,Completed,Card
19296,12,2024-08-20,Completed,Card
19297,4003,2025-05-22,Completed,Card
19298,4927,2024-04-13,Returned,Card
19299,1450,2025-04-10,Completed,Card
19300,449,2025-03-03,Completed,Bank Transfer
19301,2497,2025-03-17,Cancelled,Bank Transfer
19302,427,2025-12-24,Completed,PayPal
19303,916,2024-05-05,Completed,Card
19304,3170,2025-09-26,Cancelled,Card
19305,4727,2024-02-05,Completed,PayPal
19306,4322,2024-08-25,Cancelled,Card
19307,447,2024-08-29,Returned,Card
19308,1911,2024-05-12,Completed,Card
19309,3736,2024-08-14,Completed,Card
19310,2251,2025-02-06,Completed,Card
19311,4771,2025-01-30,Completed,Card
19312,2682,2024-03-30,Completed,Bank Transfer
19313,1402,2024-09-11,Completed,PayPal
19314,3408,2024-03-23,Completed,Bank Transfer
19315,1044,2025-05-14,Completed,Card
19316,3019,2025-10-12,Completed,Bank Transfer
19317,392,2024-11-04,Cancelled,Card
19318,4820,2025-06-15,Completed,PayPal
19319,1286,2024-03-24,Completed,Card
19320,4110,2024-01-27,Completed,Bank Transfer
19321,2435,2025-07-23,Completed,Card
19322,642,2025-01-13,Completed,Card
19323,1046,2024-11-25,Completed,Card
19324,4321,2025-01-27,Completed,Card
19325,4038,2024-08-04,Completed,Card
19326,3048,2025-01-15,Completed,Card
19327,1158,2025-09-28,Completed,Card
19328,3250,2025-12-12,Completed,Card
19329,3628,2025-05-22,Completed,Card
19330,1544,2024-10-09,Completed,Card
19331,792,2024-08-01,Completed,Bank Transfer
19332,437,2024-06-04,Completed,Card
19333,3515,2025-06-13,Completed,Card
19334,4677,2025-09-08,Completed,Bank Transfer
19335,4783,2024-06-07,Completed,PayPal
19336,4461,2024-02-10,Completed,Card
19337,3960,2025-05-19,Completed,Card
19338,4365,2025-06-02,Completed,Card
19339,1717,2024-01-05,Returned,Bank Transfer
19340,3637,2024-01-21,Completed,PayPal
19341,3365,2025-10-07,Completed,Card
19342,4174,2025-09-23,Completed,PayPal
19343,189,2024-08-29,Completed,Card
19344,2719,2024-04-15,Completed,PayPal
19345,2406,2024-12-08,Completed,PayPal
19346,3931,2025-10-04,Completed,Card
19347,3166,2025-02-20,Completed,Card
19348,903,2024-02-07,Completed,PayPal
19349,341,2025-08-21,Completed,PayPal
19350,2882,2024-12-01,Completed,Card
19351,4507,2025-04-17,Completed,PayPal
19352,4994,2024-04-22,Completed,PayPal
19353,644,2024-09-07,Cancelled,Card
19354,21,2024-12-10,Completed,PayPal
19355,3073,2024-03-11,Completed,Card
19356,678,2024-09-20,Completed,Bank Transfer
19357,1100,2025-08-03,Completed,PayPal
19358,2651,2025-01-18,Completed,Bank Transfer
19359,3470,2025-01-25,Completed,PayPal
19360,4184,2025-08-20,Completed,PayPal
19361,2065,2025-12-30,Completed,Card
19362,3401,2025-07-15,Completed,PayPal
19363,2872,2025-04-17,Completed,Card
19364,2431,2025-05-25,Completed,Card
19365,2688,2024-05-13,Completed,Card
19366,1417,2025-01-23,Completed,PayPal
19367,4406,2024-03-01,Completed,PayPal
19368,492,2025-04-14,Completed,Card
19369,760,2024-12-16,Completed,Card
19370,3502,2024-02-27,Completed,Card
19371,1,2024-07-03,Completed,Card
19372,2089,2024-07-21,Completed,Card
19373,3657,2024-02-01,Completed,Card
19374,4768,2025-10-18,Cancelled,Card
19375,212,2024-06-17,Completed,PayPal
19376,3723,2024-01-22,Completed,Card
19377,3518,2024-03-19,Completed,PayPal
19378,1966,2024-05-15,Completed,Card
19379,304,2024-10-28,Completed,Card
19380,4787,2025-11-18,Completed,Card
19381,3773,2025-01-21,Completed,Bank Transfer
19382,1782,2025-08-11,Completed,Card
19383,3226,2025-06-25,Completed,Card
19384,4712,2024-10-10,Completed,Card
19385,4619,2024-11-24,Completed,Card
19386,2073,2025-04-04,Completed,Card
19387,808,2024-06-01,Cancelled,Card
19388,4121,2025-12-25,Returned,PayPal
19389,1777,2025-11-21,Completed,Card
19390,3191,2025-05-01,Cancelled,PayPal
19391,4043,2025-08-17,Completed,Bank Transfer
19392,4204,2025-12-12,Completed,PayPal
19393,1354,2025-10-02,Completed,PayPal
19394,180,2024-07-09,Completed,PayPal
19395,881,2024-02-21,Completed,Card
19396,1831,2025-08-17,Completed,PayPal
19397,4699,2024-12-06,Completed,Card
19398,4003,2025-11-30,Completed,PayPal
19399,2801,2025-06-08,Completed,Card
19400,4264,2024-01-17,Completed,Bank Transfer
19401,223,2024-08-29,Completed,Card
19402,4565,2024-12-05,Completed,Card
19403,4374,2025-10-31,Completed,Card
19404,2238,2025-11-08,Completed,Card
19405,2579,2025-10-12,Completed,Card
19406,1779,2025-02-14,Returned,PayPal
19407,621,2024-10-20,Completed,Card
19408,1214,2024-01-28,Completed,Card
19409,4055,2025-02-13,Completed,PayPal
19410,4314,2024-12-24,Completed,Card
19411,4264,2025-11-03,Completed,Card
19412,2828,2025-02-19,Completed,Bank Transfer
19413,2241,2024-06-30,Completed,PayPal
19414,1363,2025-10-28,Completed,Card
19415,2839,2025-12-26,Completed,Card
19416,2503,2024-12-05,Completed,Card
19417,2241,2024-12-18,Completed,Card
19418,93,2024-03-09,Completed,Card
19419,1239,2025-04-21,Completed,Bank Transfer
19420,4609,2024-11-20,Completed,Card
19421,3471,2025-05-08,Completed,Bank Transfer
19422,3236,2024-10-21,Completed,Card
19423,4202,2024-07-27,Completed,Card
19424,2765,2024-06-05,Completed,Card
19425,3605,2024-03-15,Completed,Card
19426,2836,2024-10-13,Completed,Card
19427,3902,2024-08-18,Completed,Card
19428,3235,2025-07-30,Completed,PayPal
19429,3629,2024-09-27,Cancelled,Card
19430,1769,2024-03-23,Completed,PayPal
19431,3510,2025-08-08,Cancelled,Bank Transfer
19432,2902,2024-09-21,Completed,Card
19433,1542,2024-09-25,Completed,Card
19434,2092,2024-10-27,Completed,Card
19435,2651,2024-03-30,Completed,PayPal
19436,1732,2024-12-25,Completed,Card
19437,92,2024-10-26,Completed,PayPal
19438,4855,2024-01-02,Completed,Card
19439,731,2025-02-16,Completed,PayPal
19440,4433,2024-06-24,Completed,Card
19441,3815,2024-05-04,Completed,Card
19442,700,2025-12-27,Completed,Card
19443,3015,2025-08-01,Completed,PayPal
19444,2312,2024-06-26,Completed,Card
19445,2017,2024-01-05,Completed,Card
19446,3491,2025-12-14,Completed,Card
19447,978,2024-04-26,Completed,Card
19448,4211,2025-03-06,Cancelled,Card
19449,1259,2025-01-24,Completed,PayPal
19450,3856,2025-04-23,Cancelled,Card
19451,1298,2025-04-15,Cancelled,PayPal
19452,1979,2024-12-15,Completed,Bank Transfer
19453,4130,2024-03-24,Completed,PayPal
19454,1733,2025-08-23,Completed,Card
19455,2943,2024-08-14,Completed,Card
19456,2510,2025-03-28,Completed,Card
19457,449,2025-03-22,Completed,Card
19458,1238,2024-04-20,Completed,PayPal
19459,4501,2024-11-18,Completed,PayPal
19460,333,2025-06-07,Completed,PayPal
19461,4324,2025-06-22,Completed,Card
19462,166,2024-04-14,Completed,PayPal
19463,4681,2024-03-26,Completed,PayPal
19464,4833,2025-05-17,Completed,Card
19465,4694,2025-05-20,Completed,Bank Transfer
19466,4689,2024-06-04,Completed,Card
19467,4028,2025-12-11,Completed,PayPal
19468,2775,2025-05-10,Completed,Card
19469,1700,2025-01-20,Completed,PayPal
19470,1414,2025-10-10,Completed,PayPal
19471,1447,2025-04-07,Completed,Card
19472,3483,2025-06-26,Completed,Card
19473,4745,2025-11-06,Completed,Bank Transfer
19474,1688,2024-04-22,Cancelled,Card
19475,447,2025-03-21,Completed,Card
19476,3475,2024-10-13,Completed,Card
19477,97,2024-07-19,Completed,PayPal
19478,2427,2025-01-13,Completed,Card
19479,2718,2025-05-27,Completed,Card
19480,3258,2025-12-23,Completed,Card
19481,4727,2024-09-21,Completed,PayPal
19482,503,2024-07-06,Completed,Card
19483,4384,2024-12-22,Completed,PayPal
19484,4465,2024-08-28,Completed,Card
19485,65,2024-07-11,Completed,Card
19486,4258,2024-04-19,Completed,Bank Transfer
19487,662,2025-05-13,Completed,Card
19488,3490,2025-09-14,Cancelled,Card
19489,481,2024-03-05,Completed,Card
19490,4663,2024-03-05,Completed,Card
19491,3262,2024-11-12,Completed,Card
19492,406,2024-04-04,Completed,PayPal
19493,4861,2025-04-03,Completed,Card
19494,3561,2025-12-09,Completed,Card
19495,3384,2025-01-29,Completed,Card
19496,3668,2024-07-14,Completed,Card
19497,4962,2025-07-03,Completed,Card
19498,1118,2024-02-08,Completed,Card
19499,2438,2024-05-28,Completed,Card
19500,3483,2025-01-10,Completed,Card
19501,3710,2025-11-06,Completed,Card
19502,3441,2024-12-31,Completed,PayPal
19503,742,2025-03-31,Completed,PayPal
19504,3240,2024-10-02,Completed,PayPal
19505,2922,2025-07-08,Completed,PayPal
19506,1832,2025-05-24,Completed,Card
19507,4139,2024-08-25,Completed,PayPal
19508,911,2025-02-08,Completed,Bank Transfer
19509,4013,2024-06-11,Cancelled,PayPal
19510,4703,2024-11-15,Completed,Card
19511,1419,2025-09-10,Completed,Card
19512,4815,2025-09-08,Completed,Card
19513,4310,2024-03-09,Completed,Card
19514,4039,2024-04-18,Completed,PayPal
19515,3640,2024-06-28,Completed,Card
19516,3446,2024-05-11,Completed,Card
19517,132,2025-06-02,Completed,Card
19518,2057,2025-03-30,Completed,Bank Transfer
19519,153,2025-02-11,Cancelled,Card
19520,2479,2025-10-22,Completed,Card
19521,483,2024-07-03,Completed,Card
19522,305,2025-04-01,Completed,Card
19523,2520,2025-05-19,Completed,Card
19524,993,2025-10-29,Completed,Card
19525,2238,2025-05-24,Completed,PayPal
19526,2560,2024-10-16,Completed,Card
19527,4439,2024-09-01,Completed,PayPal
19528,715,2024-02-07,Completed,PayPal
19529,1710,2024-04-24,Completed,Card
19530,1058,2025-05-12,Completed,Card
19531,471,2024-12-02,Completed,Card
19532,3466,2025-04-03,Completed,Card
19533,741,2024-04-28,Completed,Card
19534,3567,2025-10-05,Completed,Bank Transfer
19535,513,2024-02-25,Completed,Card
19536,3394,2025-02-27,Completed,Card
19537,3286,2024-04-29,Completed,Card
19538,3838,2024-02-19,Completed,Card
19539,2193,2024-12-30,Completed,Card
19540,4655,2025-01-07,Completed,PayPal
19541,4888,2024-12-27,Completed,PayPal
19542,360,2024-03-22,Completed,PayPal
19543,285,2025-07-14,Completed,Bank Transfer
19544,3317,2024-02-17,Completed,Card
19545,3278,2025-10-07,Completed,Card
19546,2632,2024-08-25,Completed,Card
19547,1758,2025-01-16,Completed,PayPal
19548,2775,2025-01-23,Completed,PayPal
19549,1523,2024-11-30,Completed,Card
19550,1246,2025-11-15,Completed,PayPal
19551,1413,2025-10-18,Completed,PayPal
19552,4839,2024-07-05,Completed,Card
19553,1417,2024-04-29,Completed,Card
19554,358,2025-11-26,Completed,PayPal
19555,3466,2024-12-22,Completed,Bank Transfer
19556,4136,2024-12-28,Completed,Card
19557,2950,2025-08-13,Cancelled,Card
19558,3142,2024-06-11,Completed,PayPal
19559,2877,2024-01-08,Completed,Card
19560,4554,2025-09-02,Completed,PayPal
19561,197,2024-11-12,Completed,Bank Transfer
19562,1875,2024-01-27,Completed,PayPal
19563,938,2024-10-02,Completed,Card
19564,2195,2025-04-16,Completed,Card
19565,3531,2025-12-16,Completed,Card
19566,4126,2025-11-02,Completed,Card
19567,390,2025-04-21,Completed,Card
19568,2927,2024-06-26,Completed,PayPal
19569,347,2025-12-04,Completed,Card
19570,2845,2025-07-05,Returned,Card
19571,119,2024-12-25,Completed,PayPal
19572,4616,2024-08-23,Completed,Card
19573,1239,2024-02-02,Completed,PayPal
19574,2781,2025-06-24,Completed,PayPal
19575,2128,2025-06-28,Completed,PayPal
19576,2467,2024-04-09,Completed,PayPal
19577,584,2025-10-18,Completed,Card
19578,2760,2024-11-25,Completed,PayPal
19579,1709,2024-03-05,Completed,Card
19580,2705,2024-05-01,Completed,Card
19581,4838,2025-07-08,Completed,Card
19582,672,2025-12-21,Completed,Bank Transfer
19583,1772,2025-04-20,Completed,Card
19584,1686,2024-05-06,Completed,Card
19585,2078,2024-07-04,Completed,Card
19586,2486,2024-03-31,Completed,Card
19587,1697,2025-07-08,Cancelled,PayPal
19588,3602,2024-02-15,Completed,Card
19589,4159,2024-01-25,Completed,Bank Transfer
19590,1454,2025-12-07,Completed,Card
19591,3207,2024-12-14,Completed,Card
19592,4253,2025-09-02,Completed,Card
19593,2991,2025-03-10,Completed,Card
19594,4873,2024-11-25,Completed,Card
19595,2302,2024-10-20,Completed,PayPal
19596,3259,2024-09-02,Completed,Card
19597,1351,2024-06-14,Completed,Card
19598,4102,2024-09-13,Completed,Card
19599,3950,2024-12-17,Completed,PayPal
19600,1280,2024-07-07,Completed,Card
19601,821,2025-11-28,Completed,Card
19602,1344,2025-11-24,Completed,Card
19603,2296,2024-10-01,Completed,PayPal
19604,4,2024-02-03,Completed,PayPal
19605,2561,2025-12-19,Cancelled,Bank Transfer
19606,2554,2025-07-09,Completed,PayPal
19607,31,2025-05-04,Completed,PayPal
19608,1653,2025-05-13,Completed,Bank Transfer
19609,1299,2024-09-01,Completed,PayPal
19610,4805,2024-09-10,Completed,Card
19611,886,2024-04-18,Completed,PayPal
19612,1201,2024-11-18,Completed,PayPal
19613,3359,2024-04-23,Completed,Card
19614,1980,2025-04-29,Completed,Card
19615,4844,2024-10-04,Completed,Card
19616,4039,2024-01-29,Completed,Card
19617,2127,2025-02-01,Completed,PayPal
19618,2291,2024-08-09,Completed,Card
19619,3895,2024-11-13,Completed,Card
19620,4597,2024-09-27,Completed,Bank Transfer
19621,205,2025-02-01,Completed,Card
19622,1484,2025-03-26,Completed,PayPal
19623,2771,2025-08-31,Completed,PayPal
19624,4429,2024-12-08,Completed,PayPal
19625,2651,2025-01-15,Completed,Card
19626,4262,2025-01-10,Completed,Card
19627,2209,2024-12-05,Completed,PayPal
19628,6,2024-01-07,Completed,PayPal
19629,532,2024-09-29,Completed,Card
19630,2093,2024-10-14,Completed,Card
19631,4553,2025-12-17,Completed,Card
19632,227,2024-07-02,Returned,Card
19633,2100,2025-07-23,Completed,PayPal
19634,4567,2025-09-14,Cancelled,Card
19635,897,2024-07-04,Completed,PayPal
19636,1321,2025-10-04,Completed,Card
19637,2662,2025-08-23,Completed,Card
19638,2560,2025-04-24,Completed,PayPal
19639,1665,2025-09-21,Completed,Bank Transfer
19640,1526,2024-09-13,Completed,Card
19641,3751,2025-05-18,Completed,PayPal
19642,3655,2024-04-19,Completed,Card
19643,2568,2025-08-01,Completed,Card
19644,4770,2024-05-27,Cancelled,Card
19645,1097,2024-08-01,Completed,Card
19646,3099,2025-07-27,Completed,Card
19647,3241,2025-07-21,Completed,PayPal
19648,2823,2025-03-12,Completed,PayPal
19649,2928,2024-11-29,Completed,Bank Transfer
19650,4994,2025-03-04,Completed,Card
19651,3615,2024-04-05,Completed,Bank Transfer
19652,848,2025-10-19,Completed,PayPal
19653,3617,2024-02-17,Completed,Card
19654,2705,2024-10-04,Completed,Card
19655,3894,2024-07-21,Completed,Card
19656,3382,2024-07-17,Completed,Card
19657,3072,2025-05-22,Completed,Card
19658,2995,2024-11-24,Completed,Card
19659,4743,2024-05-03,Completed,Card
19660,4534,2024-07-18,Completed,PayPal
19661,1501,2024-03-15,Completed,PayPal
19662,2443,2024-06-05,Completed,Card
19663,1726,2024-05-13,Completed,Card
19664,1566,2024-11-07,Completed,Card
19665,1744,2024-04-29,Cancelled,Card
19666,326,2024-01-12,Completed,Card
19667,4418,2025-09-11,Completed,Card
19668,2231,2025-06-28,Completed,PayPal
19669,2667,2024-04-29,Completed,Bank Transfer
19670,1210,2024-03-23,Completed,Card
19671,4362,2025-11-23,Completed,Card
19672,842,2024-08-15,Completed,Card
19673,4425,2024-07-04,Completed,Card
19674,3902,2024-07-29,Completed,Card
19675,3437,2024-02-12,Cancelled,PayPal
19676,4779,2025-05-23,Completed,Card
19677,2072,2024-03-13,Cancelled,Card
19678,1285,2024-01-19,Completed,Card
19679,1379,2024-06-13,Completed,Bank Transfer
19680,2659,2024-09-23,Completed,PayPal
19681,3562,2025-03-15,Completed,Card
19682,1888,2024-05-07,Completed,Card
19683,4013,2025-03-28,Returned,Card
19684,1979,2024-10-27,Completed,Card
19685,4728,2024-11-13,Completed,PayPal
19686,4417,2025-10-15,Completed,Card
19687,4299,2024-02-03,Completed,PayPal
19688,3162,2024-04-07,Completed,Card
19689,2225,2024-07-28,Completed,Bank Transfer
19690,4723,2024-11-11,Completed,Card
19691,2080,2024-11-15,Cancelled,Bank Transfer
19692,4823,2025-12-10,Completed,PayPal
19693,954,2025-03-10,Completed,Card
19694,2868,2024-09-12,Completed,PayPal
19695,2291,2025-07-07,Completed,Card
19696,70,2025-02-08,Completed,Card
19697,1095,2025-09-07,Completed,Card
19698,4254,2025-03-29,Completed,PayPal
19699,549,2024-07-07,Returned,PayPal
19700,1840,2025-07-27,Completed,Card
19701,1952,2025-01-22,Completed,Card
19702,1059,2024-05-22,Completed,Card
19703,3552,2024-08-09,Completed,PayPal
19704,2508,2025-03-15,Completed,Card
19705,3908,2025-06-15,Completed,PayPal
19706,4982,2024-10-06,Completed,Card
19707,3491,2024-09-04,Completed,Card
19708,4607,2024-04-25,Completed,Card
19709,4464,2025-02-08,Returned,PayPal
19710,2960,2024-09-11,Completed,PayPal
19711,883,2024-10-23,Returned,Card
19712,2626,2025-06-08,Completed,Bank Transfer
19713,4765,2025-07-11,Completed,Card
19714,2154,2024-11-29,Completed,Card
19715,4762,2024-03-11,Completed,Card
19716,3567,2024-02-28,Completed,Card
19717,260,2025-12-16,Completed,PayPal
19718,1509,2024-02-20,Completed,PayPal
19719,313,2024-01-16,Completed,Card
19720,2679,2025-05-18,Returned,PayPal
19721,1845,2024-02-20,Completed,Card
19722,2585,2024-05-07,Completed,Card
19723,4015,2024-06-18,Completed,Card
19724,3252,2025-08-02,Cancelled,Card
19725,1534,2025-09-24,Completed,Card
19726,4770,2024-06-28,Cancelled,Card
19727,1424,2024-11-23,Returned,PayPal
19728,2021,2025-12-03,Cancelled,PayPal
19729,1692,2024-10-27,Completed,PayPal
19730,1729,2024-09-07,Completed,Bank Transfer
19731,328,2025-06-01,Completed,Card
19732,1589,2024-09-18,Completed,Card
19733,3754,2024-03-31,Cancelled,PayPal
19734,2895,2024-07-12,Completed,Card
19735,98,2024-11-24,Completed,Card
19736,4755,2024-03-04,Completed,PayPal
19737,2348,2024-10-20,Completed,Card
19738,1098,2024-08-13,Completed,PayPal
19739,4735,2025-03-20,Completed,Card
19740,85,2024-11-29,Completed,PayPal
19741,1278,2024-03-03,Completed,PayPal
19742,2712,2025-05-11,Completed,Card
19743,519,2025-08-05,Completed,Card
19744,3524,2025-06-15,Completed,Card
19745,184,2025-04-03,Completed,Card
19746,973,2024-11-28,Returned,PayPal
19747,3386,2024-09-01,Cancelled,Card
19748,2389,2024-03-04,Completed,PayPal
19749,4323,2024-09-22,Completed,PayPal
19750,4933,2024-06-10,Completed,Card
19751,3828,2024-02-14,Completed,Card
19752,2312,2024-01-25,Completed,Card
19753,2498,2024-10-26,Completed,PayPal
19754,3480,2024-08-12,Completed,Card
19755,4266,2024-03-14,Completed,Card
19756,566,2024-04-25,Completed,Card
19757,1936,2024-05-31,Completed,PayPal
19758,827,2025-08-03,Completed,Card
19759,4702,2025-12-14,Completed,Card
19760,3118,2024-03-31,Completed,Bank Transfer
19761,350,2025-07-15,Completed,PayPal
19762,99,2024-10-15,Completed,Card
19763,1770,2024-04-01,Cancelled,PayPal
19764,1805,2025-01-21,Completed,PayPal
19765,1061,2025-02-18,Completed,PayPal
19766,3510,2025-06-24,Completed,PayPal
19767,3057,2024-06-20,Completed,Card
19768,4171,2025-11-15,Completed,Card
19769,2106,2025-01-06,Completed,Card
19770,3091,2025-05-12,Completed,Card
19771,402,2024-08-23,Completed,Bank Transfer
19772,188,2024-02-11,Completed,Card
19773,3985,2024-05-28,Completed,Card
19774,139,2025-12-25,Completed,Bank Transfer
19775,143,2025-11-17,Completed,Card
19776,4204,2025-09-02,Completed,PayPal
19777,221,2025-04-22,Completed,Card
19778,4241,2024-04-29,Completed,PayPal
19779,4606,2025-06-12,Completed,PayPal
19780,2424,2025-06-24,Completed,Card
19781,4101,2024-02-17,Completed,PayPal
19782,4029,2025-01-20,Completed,Card
19783,388,2024-05-07,Completed,Card
19784,3839,2025-05-16,Cancelled,PayPal
19785,3032,2025-03-22,Completed,PayPal
19786,560,2025-08-02,Completed,Bank Transfer
19787,1840,2024-02-08,Completed,Card
19788,3235,2025-04-17,Completed,Card
19789,1772,2024-05-12,Completed,PayPal
19790,365,2024-04-28,Completed,Card
19791,417,2024-11-19,Completed,Card
19792,1636,2024-02-21,Completed,Card
19793,2069,2024-05-15,Completed,Card
19794,517,2025-02-07,Cancelled,Card
19795,4032,2024-06-17,Completed,Card
19796,1221,2025-08-04,Completed,PayPal
19797,661,2025-07-01,Completed,Card
19798,3417,2025-05-31,Completed,Card
19799,330,2024-12-25,Completed,Bank Transfer
19800,378,2025-10-21,Completed,PayPal
19801,3283,2024-08-24,Completed,Card
19802,160,2024-03-08,Completed,Card
19803,4754,2024-05-29,Completed,Card
19804,1264,2025-04-25,Completed,Card
19805,4175,2025-02-18,Completed,Card
19806,2200,2024-08-08,Completed,Card
19807,2565,2024-09-17,Completed,Card
19808,2431,2024-09-22,Completed,Card
19809,4789,2025-04-03,Completed,Card
19810,2038,2025-09-17,Completed,Card
19811,2400,2025-11-07,Completed,Card
19812,1225,2024-02-25,Completed,Card
19813,1989,2025-02-11,Completed,PayPal
19814,866,2025-04-13,Completed,Card
19815,391,2024-08-30,Completed,Card
19816,1409,2025-05-28,Cancelled,PayPal
19817,4916,2025-10-16,Cancelled,Card
19818,4031,2024-06-17,Completed,Card
19819,4436,2025-07-28,Completed,Card
19820,1555,2025-03-08,Completed,Card
19821,4048,2025-10-27,Completed,PayPal
19822,132,2025-07-31,Cancelled,Card
19823,3680,2024-10-11,Completed,PayPal
19824,3077,2025-03-29,Completed,Card
19825,4473,2024-07-06,Completed,Bank Transfer
19826,4736,2025-12-05,Completed,Card
19827,1522,2024-10-22,Completed,Bank Transfer
19828,3270,2025-06-06,Completed,Bank Transfer
19829,441,2025-11-22,Completed,PayPal
19830,1742,2025-01-16,Returned,Card
19831,1204,2024-12-08,Completed,Card
19832,241,2025-08-24,Returned,Card
19833,3392,2024-08-10,Completed,PayPal
19834,3722,2024-11-30,Completed,PayPal
19835,4119,2025-04-01,Completed,Card
19836,1204,2025-03-23,Cancelled,PayPal
19837,1888,2025-09-06,Completed,Card
19838,4271,2024-12-02,Completed,Card
19839,198,2024-12-20,Completed,PayPal
19840,3526,2024-12-21,Completed,Card
19841,4195,2024-08-19,Returned,PayPal
19842,745,2024-09-23,Completed,PayPal
19843,453,2024-07-08,Completed,Card
19844,3263,2024-02-17,Returned,Card
19845,3022,2024-10-10,Completed,Card
19846,499,2024-02-24,Completed,Card
19847,3688,2024-12-04,Completed,Card
19848,3263,2024-04-28,Completed,Bank Transfer
19849,141,2024-01-02,Completed,PayPal
19850,1715,2024-08-11,Completed,Card
19851,2821,2024-07-21,Completed,PayPal
19852,2223,2025-10-17,Cancelled,Card
19853,2468,2024-01-11,Completed,Card
19854,676,2024-09-15,Completed,Card
19855,3506,2024-10-24,Completed,Card
19856,3603,2025-10-30,Completed,Card
19857,918,2024-07-15,Completed,Card
19858,1823,2025-08-26,Completed,PayPal
19859,3823,2025-02-18,Completed,Card
19860,2604,2024-11-28,Cancelled,Card
19861,4804,2024-06-01,Completed,Bank Transfer
19862,1731,2025-01-10,Completed,Card
19863,3429,2024-05-13,Completed,Bank Transfer
19864,4657,2024-04-25,Completed,Card
19865,4155,2024-03-07,Completed,Card
19866,3719,2025-10-23,Completed,Card
19867,1625,2024-09-12,Completed,Card
19868,1807,2025-07-06,Cancelled,Card
19869,4359,2025-11-23,Completed,Card
19870,1455,2024-07-06,Completed,Card
19871,354,2024-02-08,Returned,Card
19872,2934,2025-04-24,Completed,Card
19873,941,2024-11-22,Returned,Bank Transfer
19874,3946,2025-12-29,Completed,Card
19875,4143,2024-05-09,Completed,PayPal
19876,4849,2025-09-17,Completed,Card
19877,230,2024-03-03,Completed,Card
19878,3483,2024-04-06,Completed,PayPal
19879,4853,2025-02-15,Completed,PayPal
19880,4858,2025-06-13,Completed,PayPal
19881,238,2025-03-21,Completed,Card
19882,3773,2025-12-17,Completed,PayPal
19883,4174,2025-12-25,Completed,Card
19884,2782,2025-08-31,Completed,Card
19885,2607,2024-08-23,Completed,PayPal
19886,1985,2025-11-10,Completed,Card
19887,3096,2025-07-25,Completed,PayPal
19888,1053,2024-03-25,Completed,Card
19889,351,2024-12-20,Completed,Card
19890,913,2025-02-05,Completed,PayPal
19891,4446,2024-06-14,Completed,Card
19892,1305,2024-08-15,Completed,Card
19893,2524,2025-01-01,Completed,Card
19894,292,2025-02-13,Cancelled,PayPal
19895,1213,2024-02-29,Cancelled,Card
19896,468,2024-06-12,Returned,Bank Transfer
19897,3278,2024-08-17,Completed,Bank Transfer
19898,2526,2025-08-16,Completed,PayPal
19899,3576,2024-06-05,Completed,PayPal
19900,3200,2025-12-03,Completed,PayPal
19901,4326,2025-01-08,Completed,Card
19902,1065,2024-08-29,Completed,PayPal
19903,4889,2024-06-16,Completed,PayPal
19904,3464,2024-04-30,Completed,Bank Transfer
19905,4920,2024-01-02,Completed,PayPal
19906,1694,2024-04-27,Returned,Card
19907,4932,2025-10-09,Completed,Card
19908,2395,2025-09-30,Completed,Card
19909,2058,2025-05-21,Completed,Card
19910,87,2025-01-08,Completed,Card
19911,2593,2024-04-17,Completed,PayPal
19912,4043,2024-10-25,Completed,Bank Transfer
19913,2921,2025-03-08,Cancelled,Card
19914,4,2024-04-21,Completed,PayPal
19915,3095,2025-02-09,Completed,Card
19916,1522,2025-05-14,Completed,Card
19917,2949,2025-11-05,Completed,Card
19918,3858,2024-01-19,Completed,Bank Transfer
19919,1978,2024-01-20,Completed,Card
19920,1475,2025-07-14,Completed,Card
19921,1131,2025-05-20,Completed,PayPal
19922,881,2024-06-02,Completed,Card
19923,1402,2025-05-29,Completed,Card
19924,1976,2025-04-22,Completed,Card
19925,1751,2025-01-18,Completed,Card
19926,2,2025-11-11,Completed,Bank Transfer
19927,1145,2024-07-16,Completed,Card
19928,1639,2024-06-27,Completed,Card
19929,149,2025-09-06,Completed,Card
19930,4248,2025-06-11,Completed,Card
19931,2354,2024-02-16,Completed,PayPal
19932,2044,2025-07-11,Returned,Card
19933,1703,2025-09-03,Completed,Card
19934,2930,2024-07-01,Completed,Card
19935,4571,2024-12-19,Completed,Card
19936,1388,2025-05-01,Completed,PayPal
19937,4903,2024-08-03,Completed,Card
19938,1664,2025-02-26,Completed,Card
19939,2081,2025-10-07,Completed,Card
19940,1997,2024-01-09,Completed,Card
19941,3693,2024-07-31,Completed,Card
19942,3231,2024-05-18,Completed,Card
19943,1251,2024-11-16,Completed,Card
19944,4463,2024-03-31,Completed,Bank Transfer
19945,2037,2024-11-10,Returned,PayPal
19946,538,2024-04-21,Completed,Card
19947,1555,2024-04-22,Returned,PayPal
19948,2153,2025-12-10,Completed,PayPal
19949,791,2025-01-08,Completed,Bank Transfer
19950,1949,2024-09-19,Completed,Card
19951,4144,2025-01-02,Completed,Card
19952,4756,2025-01-12,Completed,PayPal
19953,1436,2025-11-04,Returned,Bank Transfer
19954,3250,2025-08-18,Completed,PayPal
19955,2849,2025-07-10,Completed,Card
19956,114,2024-02-14,Completed,Card
19957,2344,2024-09-27,Completed,Card
19958,4534,2025-05-09,Completed,Card
19959,162,2025-12-22,Completed,Card
19960,3913,2025-11-16,Completed,Card
19961,504,2024-09-03,Completed,Card
19962,2635,2024-06-22,Completed,Card
19963,2506,2024-02-05,Completed,Card
19964,1395,2024-10-28,Completed,Card
19965,1510,2024-06-06,Completed,Card
19966,2320,2025-10-12,Completed,Card
19967,3251,2024-02-02,Completed,Card
19968,480,2025-01-16,Completed,PayPal
19969,4255,2025-02-27,Completed,Card
19970,755,2025-11-13,Completed,PayPal
19971,4000,2025-09-13,Completed,Bank Transfer
19972,1837,2025-11-09,Completed,PayPal
19973,204,2025-09-28,Completed,PayPal
19974,2843,2025-12-26,Completed,PayPal
19975,3350,2024-10-21,Completed,Card
19976,3215,2025-11-23,Completed,Card
19977,3592,2025-08-17,Completed,PayPal
19978,4608,2025-02-18,Completed,Bank Transfer
19979,4212,2024-11-14,Completed,PayPal
19980,392,2024-01-25,Completed,Card
19981,3415,2025-07-06,Completed,Card
19982,3445,2025-03-09,Completed,Card
19983,2774,2024-02-28,Completed,Card
19984,2417,2024-06-25,Completed,Card
19985,1239,2025-06-25,Completed,PayPal
19986,2949,2024-02-14,Completed,Card
19987,741,2025-03-27,Completed,PayPal
19988,3884,2024-11-04,Completed,Card
19989,4133,2024-06-02,Completed,PayPal
19990,2844,2025-07-05,Completed,Card
19991,1536,2024-05-19,Completed,Card
19992,369,2025-08-04,Completed,Card
19993,2272,2025-01-19,Completed,Card
19994,1958,2025-10-09,Completed,PayPal
19995,4910,2025-09-15,Completed,Card
19996,1099,2024-02-02,Completed,Card
19997,2772,2025-12-08,Completed,Card
19998,1392,2025-01-05,Completed,Card
19999,1648,2024-06-26,Completed,PayPal
20000,2032,2024-12-25,Completed,PayPal
5001,4546,2025-01-11,Completed,Card
